ما هو time؟,clock_calendar,"{""action"": ""get"", ""target"": ""time"", ""payload"": ""Europe/London""}"
أخبرني عن time,clock_calendar,"{""action"": ""get"", ""target"": ""time"", ""payload"": ""Asia/Dhaka""}"
اعرض لي time,clock_calendar,"{""action"": ""get"", ""target"": ""time"", ""payload"": ""Asia/Dhaka""}"
احصل على time,clock_calendar,"{""action"": ""get"", ""target"": ""time"", ""payload"": ""Europe/London""}"
أحتاج time,clock_calendar,"{""action"": ""get"", ""target"": ""time"", ""payload"": ""America/New_York""}"
time কি?,clock_calendar,"{""action"": ""get"", ""target"": ""time"", ""payload"": ""Asia/Dhaka""}"
আমাকে time বলো,clock_calendar,"{""action"": ""get"", ""target"": ""time"", ""payload"": ""Asia/Dhaka""}"
time দেখাও,clock_calendar,"{""action"": ""get"", ""target"": ""time"", ""payload"": ""Asia/Dhaka""}"
time নাও,clock_calendar,"{""action"": ""get"", ""target"": ""time"", ""payload"": ""Europe/London""}"
আমার time দরকার,clock_calendar,"{""action"": ""get"", ""target"": ""time"", ""payload"": ""Asia/Dhaka""}"
time是什么？,clock_calendar,"{""action"": ""get"", ""target"": ""time"", ""payload"": ""Europe/London""}"
告诉我time,clock_calendar,"{""action"": ""get"", ""target"": ""time"", ""payload"": ""Europe/London""}"
显示time,clock_calendar,"{""action"": ""get"", ""target"": ""time"", ""payload"": ""Europe/London""}"
获取time,clock_calendar,"{""action"": ""get"", ""target"": ""time"", ""payload"": ""Asia/Dhaka""}"
我需要time,clock_calendar,"{""action"": ""get"", ""target"": ""time"", ""payload"": ""Europe/London""}"
Co je time?,clock_calendar,"{""action"": ""get"", ""target"": ""time"", ""payload"": ""America/New_York""}"
Řekni mi time,clock_calendar,"{""action"": ""get"", ""target"": ""time"", ""payload"": ""Asia/Dhaka""}"
Ukaž mi time,clock_calendar,"{""action"": ""get"", ""target"": ""time"", ""payload"": ""Asia/Dhaka""}"
Získej time,clock_calendar,"{""action"": ""get"", ""target"": ""time"", ""payload"": ""Asia/Dhaka""}"
Potřebuji time,clock_calendar,"{""action"": ""get"", ""target"": ""time"", ""payload"": ""Asia/Dhaka""}"
Wat is time?,clock_calendar,"{""action"": ""get"", ""target"": ""time"", ""payload"": ""Asia/Dhaka""}"
Vertel me time,clock_calendar,"{""action"": ""get"", ""target"": ""time"", ""payload"": ""Europe/London""}"
Laat time zien,clock_calendar,"{""action"": ""get"", ""target"": ""time"", ""payload"": ""Europe/London""}"
Haal time,clock_calendar,"{""action"": ""get"", ""target"": ""time"", ""payload"": ""Asia/Dhaka""}"
Ik heb time nodig,clock_calendar,"{""action"": ""get"", ""target"": ""time"", ""payload"": ""Europe/London""}"
What is the time?,clock_calendar,"{""action"": ""get"", ""target"": ""time"", ""payload"": ""Asia/Dhaka""}"
Tell me the time,clock_calendar,"{""action"": ""get"", ""target"": ""time"", ""payload"": ""Europe/London""}"
Show me time,clock_calendar,"{""action"": ""get"", ""target"": ""time"", ""payload"": ""Europe/London""}"
Get the time,clock_calendar,"{""action"": ""get"", ""target"": ""time"", ""payload"": ""Europe/London""}"
I need time,clock_calendar,"{""action"": ""get"", ""target"": ""time"", ""payload"": ""Europe/London""}"
Quel est le time?,clock_calendar,"{""action"": ""get"", ""target"": ""time"", ""payload"": ""America/New_York""}"
Dis-moi le time,clock_calendar,"{""action"": ""get"", ""target"": ""time"", ""payload"": ""Asia/Dhaka""}"
Montre-moi time,clock_calendar,"{""action"": ""get"", ""target"": ""time"", ""payload"": ""America/New_York""}"
Donne-moi le time,clock_calendar,"{""action"": ""get"", ""target"": ""time"", ""payload"": ""Europe/London""}"
J'ai besoin du time,clock_calendar,"{""action"": ""get"", ""target"": ""time"", ""payload"": ""America/New_York""}"
Was ist time?,clock_calendar,"{""action"": ""get"", ""target"": ""time"", ""payload"": ""Asia/Dhaka""}"
Sag mir time,clock_calendar,"{""action"": ""get"", ""target"": ""time"", ""payload"": ""Asia/Dhaka""}"
Zeig mir time,clock_calendar,"{""action"": ""get"", ""target"": ""time"", ""payload"": ""Europe/London""}"
Hol time,clock_calendar,"{""action"": ""get"", ""target"": ""time"", ""payload"": ""America/New_York""}"
Ich brauche time,clock_calendar,"{""action"": ""get"", ""target"": ""time"", ""payload"": ""America/New_York""}"
Τι είναι το time;,clock_calendar,"{""action"": ""get"", ""target"": ""time"", ""payload"": ""America/New_York""}"
Πες μου το time,clock_calendar,"{""action"": ""get"", ""target"": ""time"", ""payload"": ""Asia/Dhaka""}"
Δείξε μου το time,clock_calendar,"{""action"": ""get"", ""target"": ""time"", ""payload"": ""Asia/Dhaka""}"
Πάρε το time,clock_calendar,"{""action"": ""get"", ""target"": ""time"", ""payload"": ""America/New_York""}"
Χρειάζομαι το time,clock_calendar,"{""action"": ""get"", ""target"": ""time"", ""payload"": ""Asia/Dhaka""}"
מה זה time?,clock_calendar,"{""action"": ""get"", ""target"": ""time"", ""payload"": ""Asia/Dhaka""}"
ספר לי על time,clock_calendar,"{""action"": ""get"", ""target"": ""time"", ""payload"": ""America/New_York""}"
הראה לי time,clock_calendar,"{""action"": ""get"", ""target"": ""time"", ""payload"": ""Asia/Dhaka""}"
קבל time,clock_calendar,"{""action"": ""get"", ""target"": ""time"", ""payload"": ""America/New_York""}"
אני צריך time,clock_calendar,"{""action"": ""get"", ""target"": ""time"", ""payload"": ""America/New_York""}"
time क्या है?,clock_calendar,"{""action"": ""get"", ""target"": ""time"", ""payload"": ""Europe/London""}"
मुझे time बताओ,clock_calendar,"{""action"": ""get"", ""target"": ""time"", ""payload"": ""America/New_York""}"
time दिखाओ,clock_calendar,"{""action"": ""get"", ""target"": ""time"", ""payload"": ""Asia/Dhaka""}"
time प्राप्त करो,clock_calendar,"{""action"": ""get"", ""target"": ""time"", ""payload"": ""Europe/London""}"
मुझे time चाहिए,clock_calendar,"{""action"": ""get"", ""target"": ""time"", ""payload"": ""America/New_York""}"
Mi az a time?,clock_calendar,"{""action"": ""get"", ""target"": ""time"", ""payload"": ""Europe/London""}"
Mondd el a time,clock_calendar,"{""action"": ""get"", ""target"": ""time"", ""payload"": ""Asia/Dhaka""}"
Mutasd a time,clock_calendar,"{""action"": ""get"", ""target"": ""time"", ""payload"": ""America/New_York""}"
Szerezd be a time,clock_calendar,"{""action"": ""get"", ""target"": ""time"", ""payload"": ""Asia/Dhaka""}"
Szükségem van a time,clock_calendar,"{""action"": ""get"", ""target"": ""time"", ""payload"": ""Europe/London""}"
Apa itu time?,clock_calendar,"{""action"": ""get"", ""target"": ""time"", ""payload"": ""America/New_York""}"
Beritahu saya time,clock_calendar,"{""action"": ""get"", ""target"": ""time"", ""payload"": ""Europe/London""}"
Tunjukkan time,clock_calendar,"{""action"": ""get"", ""target"": ""time"", ""payload"": ""Europe/London""}"
Ambil time,clock_calendar,"{""action"": ""get"", ""target"": ""time"", ""payload"": ""America/New_York""}"
Saya butuh time,clock_calendar,"{""action"": ""get"", ""target"": ""time"", ""payload"": ""Europe/London""}"
Cos'è time?,clock_calendar,"{""action"": ""get"", ""target"": ""time"", ""payload"": ""Asia/Dhaka""}"
Dimmi time,clock_calendar,"{""action"": ""get"", ""target"": ""time"", ""payload"": ""Europe/London""}"
Mostrami time,clock_calendar,"{""action"": ""get"", ""target"": ""time"", ""payload"": ""Asia/Dhaka""}"
Ottieni time,clock_calendar,"{""action"": ""get"", ""target"": ""time"", ""payload"": ""Asia/Dhaka""}"
Ho bisogno di time,clock_calendar,"{""action"": ""get"", ""target"": ""time"", ""payload"": ""Europe/London""}"
timeは?,clock_calendar,"{""action"": ""get"", ""target"": ""time"", ""payload"": ""Asia/Dhaka""}"
timeを教えて,clock_calendar,"{""action"": ""get"", ""target"": ""time"", ""payload"": ""America/New_York""}"
timeを見せて,clock_calendar,"{""action"": ""get"", ""target"": ""time"", ""payload"": ""Asia/Dhaka""}"
timeを取得,clock_calendar,"{""action"": ""get"", ""target"": ""time"", ""payload"": ""Asia/Dhaka""}"
timeが必要,clock_calendar,"{""action"": ""get"", ""target"": ""time"", ""payload"": ""Asia/Dhaka""}"
time 뭐야?,clock_calendar,"{""action"": ""get"", ""target"": ""time"", ""payload"": ""America/New_York""}"
time 알려줘,clock_calendar,"{""action"": ""get"", ""target"": ""time"", ""payload"": ""America/New_York""}"
time 보여줘,clock_calendar,"{""action"": ""get"", ""target"": ""time"", ""payload"": ""America/New_York""}"
time 가져와,clock_calendar,"{""action"": ""get"", ""target"": ""time"", ""payload"": ""Europe/London""}"
time 필요해,clock_calendar,"{""action"": ""get"", ""target"": ""time"", ""payload"": ""America/New_York""}"
time काय आहे?,clock_calendar,"{""action"": ""get"", ""target"": ""time"", ""payload"": ""Asia/Dhaka""}"
मला time सांगा,clock_calendar,"{""action"": ""get"", ""target"": ""time"", ""payload"": ""America/New_York""}"
time दाखवा,clock_calendar,"{""action"": ""get"", ""target"": ""time"", ""payload"": ""America/New_York""}"
time मिळवा,clock_calendar,"{""action"": ""get"", ""target"": ""time"", ""payload"": ""Asia/Dhaka""}"
मला time हवा आहे,clock_calendar,"{""action"": ""get"", ""target"": ""time"", ""payload"": ""Europe/London""}"
time چیست؟,clock_calendar,"{""action"": ""get"", ""target"": ""time"", ""payload"": ""America/New_York""}"
به من time را بگو,clock_calendar,"{""action"": ""get"", ""target"": ""time"", ""payload"": ""Europe/London""}"
time را نشان بده,clock_calendar,"{""action"": ""get"", ""target"": ""time"", ""payload"": ""Europe/London""}"
time را بگیر,clock_calendar,"{""action"": ""get"", ""target"": ""time"", ""payload"": ""Europe/London""}"
من time نیاز دارم,clock_calendar,"{""action"": ""get"", ""target"": ""time"", ""payload"": ""Asia/Dhaka""}"
Co to jest time?,clock_calendar,"{""action"": ""get"", ""target"": ""time"", ""payload"": ""Europe/London""}"
Powiedz mi time,clock_calendar,"{""action"": ""get"", ""target"": ""time"", ""payload"": ""Europe/London""}"
Pokaż time,clock_calendar,"{""action"": ""get"", ""target"": ""time"", ""payload"": ""Asia/Dhaka""}"
Pobierz time,clock_calendar,"{""action"": ""get"", ""target"": ""time"", ""payload"": ""Europe/London""}"
Potrzebuję time,clock_calendar,"{""action"": ""get"", ""target"": ""time"", ""payload"": ""Europe/London""}"
O que é time?,clock_calendar,"{""action"": ""get"", ""target"": ""time"", ""payload"": ""Asia/Dhaka""}"
Me diga time,clock_calendar,"{""action"": ""get"", ""target"": ""time"", ""payload"": ""Asia/Dhaka""}"
Mostre time,clock_calendar,"{""action"": ""get"", ""target"": ""time"", ""payload"": ""America/New_York""}"
Obtenha time,clock_calendar,"{""action"": ""get"", ""target"": ""time"", ""payload"": ""America/New_York""}"
Preciso de time,clock_calendar,"{""action"": ""get"", ""target"": ""time"", ""payload"": ""America/New_York""}"
Ce este time?,clock_calendar,"{""action"": ""get"", ""target"": ""time"", ""payload"": ""Europe/London""}"
Spune-mi time,clock_calendar,"{""action"": ""get"", ""target"": ""time"", ""payload"": ""Europe/London""}"
Arată-mi time,clock_calendar,"{""action"": ""get"", ""target"": ""time"", ""payload"": ""Europe/London""}"
Obține time,clock_calendar,"{""action"": ""get"", ""target"": ""time"", ""payload"": ""Asia/Dhaka""}"
Am nevoie de time,clock_calendar,"{""action"": ""get"", ""target"": ""time"", ""payload"": ""Europe/London""}"
Что такое time?,clock_calendar,"{""action"": ""get"", ""target"": ""time"", ""payload"": ""America/New_York""}"
Скажи time,clock_calendar,"{""action"": ""get"", ""target"": ""time"", ""payload"": ""Asia/Dhaka""}"
Покажи time,clock_calendar,"{""action"": ""get"", ""target"": ""time"", ""payload"": ""Asia/Dhaka""}"
Получи time,clock_calendar,"{""action"": ""get"", ""target"": ""time"", ""payload"": ""Asia/Dhaka""}"
Мне нужен time,clock_calendar,"{""action"": ""get"", ""target"": ""time"", ""payload"": ""America/New_York""}"
¿Qué es time?,clock_calendar,"{""action"": ""get"", ""target"": ""time"", ""payload"": ""America/New_York""}"
Dime time,clock_calendar,"{""action"": ""get"", ""target"": ""time"", ""payload"": ""America/New_York""}"
Muéstrame time,clock_calendar,"{""action"": ""get"", ""target"": ""time"", ""payload"": ""Asia/Dhaka""}"
Obtén time,clock_calendar,"{""action"": ""get"", ""target"": ""time"", ""payload"": ""Asia/Dhaka""}"
Necesito time,clock_calendar,"{""action"": ""get"", ""target"": ""time"", ""payload"": ""Europe/London""}"
Nini time?,clock_calendar,"{""action"": ""get"", ""target"": ""time"", ""payload"": ""Europe/London""}"
Niambie time,clock_calendar,"{""action"": ""get"", ""target"": ""time"", ""payload"": ""America/New_York""}"
Nionyeshe time,clock_calendar,"{""action"": ""get"", ""target"": ""time"", ""payload"": ""Asia/Dhaka""}"
Pata time,clock_calendar,"{""action"": ""get"", ""target"": ""time"", ""payload"": ""Europe/London""}"
Ninahitaji time,clock_calendar,"{""action"": ""get"", ""target"": ""time"", ""payload"": ""America/New_York""}"
time என்ன?,clock_calendar,"{""action"": ""get"", ""target"": ""time"", ""payload"": ""America/New_York""}"
எனக்கு time சொல்,clock_calendar,"{""action"": ""get"", ""target"": ""time"", ""payload"": ""Europe/London""}"
time காட்டு,clock_calendar,"{""action"": ""get"", ""target"": ""time"", ""payload"": ""America/New_York""}"
time எடு,clock_calendar,"{""action"": ""get"", ""target"": ""time"", ""payload"": ""Asia/Dhaka""}"
எனக்கு time வேண்டும்,clock_calendar,"{""action"": ""get"", ""target"": ""time"", ""payload"": ""America/New_York""}"
time ఏమిటి?,clock_calendar,"{""action"": ""get"", ""target"": ""time"", ""payload"": ""Asia/Dhaka""}"
నాకు time చెప్పు,clock_calendar,"{""action"": ""get"", ""target"": ""time"", ""payload"": ""Asia/Dhaka""}"
time చూపించు,clock_calendar,"{""action"": ""get"", ""target"": ""time"", ""payload"": ""Europe/London""}"
time తీసుకో,clock_calendar,"{""action"": ""get"", ""target"": ""time"", ""payload"": ""Europe/London""}"
నాకు time కావాలి,clock_calendar,"{""action"": ""get"", ""target"": ""time"", ""payload"": ""Europe/London""}"
time คืออะไร?,clock_calendar,"{""action"": ""get"", ""target"": ""time"", ""payload"": ""America/New_York""}"
บอกฉันเรื่อง time,clock_calendar,"{""action"": ""get"", ""target"": ""time"", ""payload"": ""Europe/London""}"
แสดง time,clock_calendar,"{""action"": ""get"", ""target"": ""time"", ""payload"": ""Europe/London""}"
เอา time มา,clock_calendar,"{""action"": ""get"", ""target"": ""time"", ""payload"": ""America/New_York""}"
ฉันต้องการ time,clock_calendar,"{""action"": ""get"", ""target"": ""time"", ""payload"": ""Europe/London""}"
time nedir?,clock_calendar,"{""action"": ""get"", ""target"": ""time"", ""payload"": ""America/New_York""}"
Bana time söyle,clock_calendar,"{""action"": ""get"", ""target"": ""time"", ""payload"": ""America/New_York""}"
time göster,clock_calendar,"{""action"": ""get"", ""target"": ""time"", ""payload"": ""Asia/Dhaka""}"
time al,clock_calendar,"{""action"": ""get"", ""target"": ""time"", ""payload"": ""Asia/Dhaka""}"
Bana time lazım,clock_calendar,"{""action"": ""get"", ""target"": ""time"", ""payload"": ""Europe/London""}"
time کیا ہے؟,clock_calendar,"{""action"": ""get"", ""target"": ""time"", ""payload"": ""America/New_York""}"
مجھے time بتاؤ,clock_calendar,"{""action"": ""get"", ""target"": ""time"", ""payload"": ""Asia/Dhaka""}"
time دکھاؤ,clock_calendar,"{""action"": ""get"", ""target"": ""time"", ""payload"": ""Asia/Dhaka""}"
time حاصل کرو,clock_calendar,"{""action"": ""get"", ""target"": ""time"", ""payload"": ""Asia/Dhaka""}"
مجھے time چاہیے,clock_calendar,"{""action"": ""get"", ""target"": ""time"", ""payload"": ""Asia/Dhaka""}"
time là gì?,clock_calendar,"{""action"": ""get"", ""target"": ""time"", ""payload"": ""Europe/London""}"
Cho tôi biết time,clock_calendar,"{""action"": ""get"", ""target"": ""time"", ""payload"": ""Asia/Dhaka""}"
Hiển thị time,clock_calendar,"{""action"": ""get"", ""target"": ""time"", ""payload"": ""Europe/London""}"
Lấy time,clock_calendar,"{""action"": ""get"", ""target"": ""time"", ""payload"": ""America/New_York""}"
Tôi cần time,clock_calendar,"{""action"": ""get"", ""target"": ""time"", ""payload"": ""Europe/London""}"
ما هو date؟,clock_calendar,"{""action"": ""get"", ""target"": ""date"", ""payload"": ""2025-01-15""}"
أخبرني عن date,clock_calendar,"{""action"": ""get"", ""target"": ""date"", ""payload"": ""2025-03-20""}"
اعرض لي date,clock_calendar,"{""action"": ""get"", ""target"": ""date"", ""payload"": ""2025-03-20""}"
احصل على date,clock_calendar,"{""action"": ""get"", ""target"": ""date"", ""payload"": ""2025-03-20""}"
أحتاج date,clock_calendar,"{""action"": ""get"", ""target"": ""date"", ""payload"": ""2025-12-25""}"
date কি?,clock_calendar,"{""action"": ""get"", ""target"": ""date"", ""payload"": ""2025-01-15""}"
আমাকে date বলো,clock_calendar,"{""action"": ""get"", ""target"": ""date"", ""payload"": ""2025-01-15""}"
date দেখাও,clock_calendar,"{""action"": ""get"", ""target"": ""date"", ""payload"": ""2025-12-25""}"
date নাও,clock_calendar,"{""action"": ""get"", ""target"": ""date"", ""payload"": ""2025-12-25""}"
আমার date দরকার,clock_calendar,"{""action"": ""get"", ""target"": ""date"", ""payload"": ""2025-01-15""}"
date是什么？,clock_calendar,"{""action"": ""get"", ""target"": ""date"", ""payload"": ""2025-12-25""}"
告诉我date,clock_calendar,"{""action"": ""get"", ""target"": ""date"", ""payload"": ""2025-03-20""}"
显示date,clock_calendar,"{""action"": ""get"", ""target"": ""date"", ""payload"": ""2025-06-01""}"
获取date,clock_calendar,"{""action"": ""get"", ""target"": ""date"", ""payload"": ""2025-03-20""}"
我需要date,clock_calendar,"{""action"": ""get"", ""target"": ""date"", ""payload"": ""2025-01-15""}"
Co je date?,clock_calendar,"{""action"": ""get"", ""target"": ""date"", ""payload"": ""2025-12-25""}"
Řekni mi date,clock_calendar,"{""action"": ""get"", ""target"": ""date"", ""payload"": ""2025-06-01""}"
Ukaž mi date,clock_calendar,"{""action"": ""get"", ""target"": ""date"", ""payload"": ""2025-01-15""}"
Získej date,clock_calendar,"{""action"": ""get"", ""target"": ""date"", ""payload"": ""2025-12-25""}"
Potřebuji date,clock_calendar,"{""action"": ""get"", ""target"": ""date"", ""payload"": ""2025-06-01""}"
Wat is date?,clock_calendar,"{""action"": ""get"", ""target"": ""date"", ""payload"": ""2025-06-01""}"
Vertel me date,clock_calendar,"{""action"": ""get"", ""target"": ""date"", ""payload"": ""2025-12-25""}"
Laat date zien,clock_calendar,"{""action"": ""get"", ""target"": ""date"", ""payload"": ""2025-06-01""}"
Haal date,clock_calendar,"{""action"": ""get"", ""target"": ""date"", ""payload"": ""2025-01-15""}"
Ik heb date nodig,clock_calendar,"{""action"": ""get"", ""target"": ""date"", ""payload"": ""2025-12-25""}"
What is the date?,clock_calendar,"{""action"": ""get"", ""target"": ""date"", ""payload"": ""2025-03-20""}"
Tell me the date,clock_calendar,"{""action"": ""get"", ""target"": ""date"", ""payload"": ""2025-01-15""}"
Show me date,clock_calendar,"{""action"": ""get"", ""target"": ""date"", ""payload"": ""2025-01-15""}"
Get the date,clock_calendar,"{""action"": ""get"", ""target"": ""date"", ""payload"": ""2025-12-25""}"
I need date,clock_calendar,"{""action"": ""get"", ""target"": ""date"", ""payload"": ""2025-12-25""}"
Quel est le date?,clock_calendar,"{""action"": ""get"", ""target"": ""date"", ""payload"": ""2025-06-01""}"
Dis-moi le date,clock_calendar,"{""action"": ""get"", ""target"": ""date"", ""payload"": ""2025-01-15""}"
Montre-moi date,clock_calendar,"{""action"": ""get"", ""target"": ""date"", ""payload"": ""2025-06-01""}"
Donne-moi le date,clock_calendar,"{""action"": ""get"", ""target"": ""date"", ""payload"": ""2025-01-15""}"
J'ai besoin du date,clock_calendar,"{""action"": ""get"", ""target"": ""date"", ""payload"": ""2025-01-15""}"
Was ist date?,clock_calendar,"{""action"": ""get"", ""target"": ""date"", ""payload"": ""2025-03-20""}"
Sag mir date,clock_calendar,"{""action"": ""get"", ""target"": ""date"", ""payload"": ""2025-01-15""}"
Zeig mir date,clock_calendar,"{""action"": ""get"", ""target"": ""date"", ""payload"": ""2025-06-01""}"
Hol date,clock_calendar,"{""action"": ""get"", ""target"": ""date"", ""payload"": ""2025-06-01""}"
Ich brauche date,clock_calendar,"{""action"": ""get"", ""target"": ""date"", ""payload"": ""2025-03-20""}"
Τι είναι το date;,clock_calendar,"{""action"": ""get"", ""target"": ""date"", ""payload"": ""2025-06-01""}"
Πες μου το date,clock_calendar,"{""action"": ""get"", ""target"": ""date"", ""payload"": ""2025-12-25""}"
Δείξε μου το date,clock_calendar,"{""action"": ""get"", ""target"": ""date"", ""payload"": ""2025-03-20""}"
Πάρε το date,clock_calendar,"{""action"": ""get"", ""target"": ""date"", ""payload"": ""2025-06-01""}"
Χρειάζομαι το date,clock_calendar,"{""action"": ""get"", ""target"": ""date"", ""payload"": ""2025-06-01""}"
מה זה date?,clock_calendar,"{""action"": ""get"", ""target"": ""date"", ""payload"": ""2025-12-25""}"
ספר לי על date,clock_calendar,"{""action"": ""get"", ""target"": ""date"", ""payload"": ""2025-03-20""}"
הראה לי date,clock_calendar,"{""action"": ""get"", ""target"": ""date"", ""payload"": ""2025-12-25""}"
קבל date,clock_calendar,"{""action"": ""get"", ""target"": ""date"", ""payload"": ""2025-03-20""}"
אני צריך date,clock_calendar,"{""action"": ""get"", ""target"": ""date"", ""payload"": ""2025-03-20""}"
date क्या है?,clock_calendar,"{""action"": ""get"", ""target"": ""date"", ""payload"": ""2025-01-15""}"
मुझे date बताओ,clock_calendar,"{""action"": ""get"", ""target"": ""date"", ""payload"": ""2025-06-01""}"
date दिखाओ,clock_calendar,"{""action"": ""get"", ""target"": ""date"", ""payload"": ""2025-06-01""}"
date प्राप्त करो,clock_calendar,"{""action"": ""get"", ""target"": ""date"", ""payload"": ""2025-01-15""}"
मुझे date चाहिए,clock_calendar,"{""action"": ""get"", ""target"": ""date"", ""payload"": ""2025-12-25""}"
Mi az a date?,clock_calendar,"{""action"": ""get"", ""target"": ""date"", ""payload"": ""2025-01-15""}"
Mondd el a date,clock_calendar,"{""action"": ""get"", ""target"": ""date"", ""payload"": ""2025-06-01""}"
Mutasd a date,clock_calendar,"{""action"": ""get"", ""target"": ""date"", ""payload"": ""2025-06-01""}"
Szerezd be a date,clock_calendar,"{""action"": ""get"", ""target"": ""date"", ""payload"": ""2025-01-15""}"
Szükségem van a date,clock_calendar,"{""action"": ""get"", ""target"": ""date"", ""payload"": ""2025-01-15""}"
Apa itu date?,clock_calendar,"{""action"": ""get"", ""target"": ""date"", ""payload"": ""2025-01-15""}"
Beritahu saya date,clock_calendar,"{""action"": ""get"", ""target"": ""date"", ""payload"": ""2025-06-01""}"
Tunjukkan date,clock_calendar,"{""action"": ""get"", ""target"": ""date"", ""payload"": ""2025-01-15""}"
Ambil date,clock_calendar,"{""action"": ""get"", ""target"": ""date"", ""payload"": ""2025-01-15""}"
Saya butuh date,clock_calendar,"{""action"": ""get"", ""target"": ""date"", ""payload"": ""2025-12-25""}"
Cos'è date?,clock_calendar,"{""action"": ""get"", ""target"": ""date"", ""payload"": ""2025-01-15""}"
Dimmi date,clock_calendar,"{""action"": ""get"", ""target"": ""date"", ""payload"": ""2025-06-01""}"
Mostrami date,clock_calendar,"{""action"": ""get"", ""target"": ""date"", ""payload"": ""2025-12-25""}"
Ottieni date,clock_calendar,"{""action"": ""get"", ""target"": ""date"", ""payload"": ""2025-03-20""}"
Ho bisogno di date,clock_calendar,"{""action"": ""get"", ""target"": ""date"", ""payload"": ""2025-06-01""}"
dateは?,clock_calendar,"{""action"": ""get"", ""target"": ""date"", ""payload"": ""2025-06-01""}"
dateを教えて,clock_calendar,"{""action"": ""get"", ""target"": ""date"", ""payload"": ""2025-03-20""}"
dateを見せて,clock_calendar,"{""action"": ""get"", ""target"": ""date"", ""payload"": ""2025-06-01""}"
dateを取得,clock_calendar,"{""action"": ""get"", ""target"": ""date"", ""payload"": ""2025-03-20""}"
dateが必要,clock_calendar,"{""action"": ""get"", ""target"": ""date"", ""payload"": ""2025-03-20""}"
date 뭐야?,clock_calendar,"{""action"": ""get"", ""target"": ""date"", ""payload"": ""2025-06-01""}"
date 알려줘,clock_calendar,"{""action"": ""get"", ""target"": ""date"", ""payload"": ""2025-01-15""}"
date 보여줘,clock_calendar,"{""action"": ""get"", ""target"": ""date"", ""payload"": ""2025-01-15""}"
date 가져와,clock_calendar,"{""action"": ""get"", ""target"": ""date"", ""payload"": ""2025-03-20""}"
date 필요해,clock_calendar,"{""action"": ""get"", ""target"": ""date"", ""payload"": ""2025-12-25""}"
date काय आहे?,clock_calendar,"{""action"": ""get"", ""target"": ""date"", ""payload"": ""2025-03-20""}"
मला date सांगा,clock_calendar,"{""action"": ""get"", ""target"": ""date"", ""payload"": ""2025-03-20""}"
date दाखवा,clock_calendar,"{""action"": ""get"", ""target"": ""date"", ""payload"": ""2025-03-20""}"
date मिळवा,clock_calendar,"{""action"": ""get"", ""target"": ""date"", ""payload"": ""2025-01-15""}"
मला date हवा आहे,clock_calendar,"{""action"": ""get"", ""target"": ""date"", ""payload"": ""2025-01-15""}"
date چیست؟,clock_calendar,"{""action"": ""get"", ""target"": ""date"", ""payload"": ""2025-01-15""}"
به من date را بگو,clock_calendar,"{""action"": ""get"", ""target"": ""date"", ""payload"": ""2025-03-20""}"
date را نشان بده,clock_calendar,"{""action"": ""get"", ""target"": ""date"", ""payload"": ""2025-12-25""}"
date را بگیر,clock_calendar,"{""action"": ""get"", ""target"": ""date"", ""payload"": ""2025-01-15""}"
من date نیاز دارم,clock_calendar,"{""action"": ""get"", ""target"": ""date"", ""payload"": ""2025-06-01""}"
Co to jest date?,clock_calendar,"{""action"": ""get"", ""target"": ""date"", ""payload"": ""2025-06-01""}"
Powiedz mi date,clock_calendar,"{""action"": ""get"", ""target"": ""date"", ""payload"": ""2025-06-01""}"
Pokaż date,clock_calendar,"{""action"": ""get"", ""target"": ""date"", ""payload"": ""2025-03-20""}"
Pobierz date,clock_calendar,"{""action"": ""get"", ""target"": ""date"", ""payload"": ""2025-06-01""}"
Potrzebuję date,clock_calendar,"{""action"": ""get"", ""target"": ""date"", ""payload"": ""2025-03-20""}"
O que é date?,clock_calendar,"{""action"": ""get"", ""target"": ""date"", ""payload"": ""2025-06-01""}"
Me diga date,clock_calendar,"{""action"": ""get"", ""target"": ""date"", ""payload"": ""2025-12-25""}"
Mostre date,clock_calendar,"{""action"": ""get"", ""target"": ""date"", ""payload"": ""2025-03-20""}"
Obtenha date,clock_calendar,"{""action"": ""get"", ""target"": ""date"", ""payload"": ""2025-06-01""}"
Preciso de date,clock_calendar,"{""action"": ""get"", ""target"": ""date"", ""payload"": ""2025-01-15""}"
Ce este date?,clock_calendar,"{""action"": ""get"", ""target"": ""date"", ""payload"": ""2025-03-20""}"
Spune-mi date,clock_calendar,"{""action"": ""get"", ""target"": ""date"", ""payload"": ""2025-01-15""}"
Arată-mi date,clock_calendar,"{""action"": ""get"", ""target"": ""date"", ""payload"": ""2025-01-15""}"
Obține date,clock_calendar,"{""action"": ""get"", ""target"": ""date"", ""payload"": ""2025-01-15""}"
Am nevoie de date,clock_calendar,"{""action"": ""get"", ""target"": ""date"", ""payload"": ""2025-01-15""}"
Что такое date?,clock_calendar,"{""action"": ""get"", ""target"": ""date"", ""payload"": ""2025-06-01""}"
Скажи date,clock_calendar,"{""action"": ""get"", ""target"": ""date"", ""payload"": ""2025-06-01""}"
Покажи date,clock_calendar,"{""action"": ""get"", ""target"": ""date"", ""payload"": ""2025-03-20""}"
Получи date,clock_calendar,"{""action"": ""get"", ""target"": ""date"", ""payload"": ""2025-03-20""}"
Мне нужен date,clock_calendar,"{""action"": ""get"", ""target"": ""date"", ""payload"": ""2025-03-20""}"
¿Qué es date?,clock_calendar,"{""action"": ""get"", ""target"": ""date"", ""payload"": ""2025-06-01""}"
Dime date,clock_calendar,"{""action"": ""get"", ""target"": ""date"", ""payload"": ""2025-03-20""}"
Muéstrame date,clock_calendar,"{""action"": ""get"", ""target"": ""date"", ""payload"": ""2025-01-15""}"
Obtén date,clock_calendar,"{""action"": ""get"", ""target"": ""date"", ""payload"": ""2025-06-01""}"
Necesito date,clock_calendar,"{""action"": ""get"", ""target"": ""date"", ""payload"": ""2025-03-20""}"
Nini date?,clock_calendar,"{""action"": ""get"", ""target"": ""date"", ""payload"": ""2025-01-15""}"
Niambie date,clock_calendar,"{""action"": ""get"", ""target"": ""date"", ""payload"": ""2025-03-20""}"
Nionyeshe date,clock_calendar,"{""action"": ""get"", ""target"": ""date"", ""payload"": ""2025-12-25""}"
Pata date,clock_calendar,"{""action"": ""get"", ""target"": ""date"", ""payload"": ""2025-03-20""}"
Ninahitaji date,clock_calendar,"{""action"": ""get"", ""target"": ""date"", ""payload"": ""2025-12-25""}"
date என்ன?,clock_calendar,"{""action"": ""get"", ""target"": ""date"", ""payload"": ""2025-03-20""}"
எனக்கு date சொல்,clock_calendar,"{""action"": ""get"", ""target"": ""date"", ""payload"": ""2025-03-20""}"
date காட்டு,clock_calendar,"{""action"": ""get"", ""target"": ""date"", ""payload"": ""2025-06-01""}"
date எடு,clock_calendar,"{""action"": ""get"", ""target"": ""date"", ""payload"": ""2025-06-01""}"
எனக்கு date வேண்டும்,clock_calendar,"{""action"": ""get"", ""target"": ""date"", ""payload"": ""2025-12-25""}"
date ఏమిటి?,clock_calendar,"{""action"": ""get"", ""target"": ""date"", ""payload"": ""2025-06-01""}"
నాకు date చెప్పు,clock_calendar,"{""action"": ""get"", ""target"": ""date"", ""payload"": ""2025-01-15""}"
date చూపించు,clock_calendar,"{""action"": ""get"", ""target"": ""date"", ""payload"": ""2025-01-15""}"
date తీసుకో,clock_calendar,"{""action"": ""get"", ""target"": ""date"", ""payload"": ""2025-12-25""}"
నాకు date కావాలి,clock_calendar,"{""action"": ""get"", ""target"": ""date"", ""payload"": ""2025-01-15""}"
date คืออะไร?,clock_calendar,"{""action"": ""get"", ""target"": ""date"", ""payload"": ""2025-01-15""}"
บอกฉันเรื่อง date,clock_calendar,"{""action"": ""get"", ""target"": ""date"", ""payload"": ""2025-03-20""}"
แสดง date,clock_calendar,"{""action"": ""get"", ""target"": ""date"", ""payload"": ""2025-06-01""}"
เอา date มา,clock_calendar,"{""action"": ""get"", ""target"": ""date"", ""payload"": ""2025-01-15""}"
ฉันต้องการ date,clock_calendar,"{""action"": ""get"", ""target"": ""date"", ""payload"": ""2025-01-15""}"
date nedir?,clock_calendar,"{""action"": ""get"", ""target"": ""date"", ""payload"": ""2025-06-01""}"
Bana date söyle,clock_calendar,"{""action"": ""get"", ""target"": ""date"", ""payload"": ""2025-01-15""}"
date göster,clock_calendar,"{""action"": ""get"", ""target"": ""date"", ""payload"": ""2025-01-15""}"
date al,clock_calendar,"{""action"": ""get"", ""target"": ""date"", ""payload"": ""2025-06-01""}"
Bana date lazım,clock_calendar,"{""action"": ""get"", ""target"": ""date"", ""payload"": ""2025-03-20""}"
date کیا ہے؟,clock_calendar,"{""action"": ""get"", ""target"": ""date"", ""payload"": ""2025-01-15""}"
مجھے date بتاؤ,clock_calendar,"{""action"": ""get"", ""target"": ""date"", ""payload"": ""2025-06-01""}"
date دکھاؤ,clock_calendar,"{""action"": ""get"", ""target"": ""date"", ""payload"": ""2025-01-15""}"
date حاصل کرو,clock_calendar,"{""action"": ""get"", ""target"": ""date"", ""payload"": ""2025-01-15""}"
مجھے date چاہیے,clock_calendar,"{""action"": ""get"", ""target"": ""date"", ""payload"": ""2025-03-20""}"
date là gì?,clock_calendar,"{""action"": ""get"", ""target"": ""date"", ""payload"": ""2025-12-25""}"
Cho tôi biết date,clock_calendar,"{""action"": ""get"", ""target"": ""date"", ""payload"": ""2025-12-25""}"
Hiển thị date,clock_calendar,"{""action"": ""get"", ""target"": ""date"", ""payload"": ""2025-06-01""}"
Lấy date,clock_calendar,"{""action"": ""get"", ""target"": ""date"", ""payload"": ""2025-12-25""}"
Tôi cần date,clock_calendar,"{""action"": ""get"", ""target"": ""date"", ""payload"": ""2025-06-01""}"
ما هو datetime؟,clock_calendar,"{""action"": ""get"", ""target"": ""datetime"", ""payload"": ""2025-12-25 18:00""}"
أخبرني عن datetime,clock_calendar,"{""action"": ""get"", ""target"": ""datetime"", ""payload"": ""2025-03-20 07:45""}"
اعرض لي datetime,clock_calendar,"{""action"": ""get"", ""target"": ""datetime"", ""payload"": ""2025-06-01 09:00""}"
احصل على datetime,clock_calendar,"{""action"": ""get"", ""target"": ""datetime"", ""payload"": ""2025-12-25 18:00""}"
أحتاج datetime,clock_calendar,"{""action"": ""get"", ""target"": ""datetime"", ""payload"": ""2025-03-20 07:45""}"
datetime কি?,clock_calendar,"{""action"": ""get"", ""target"": ""datetime"", ""payload"": ""2025-12-25 18:00""}"
আমাকে datetime বলো,clock_calendar,"{""action"": ""get"", ""target"": ""datetime"", ""payload"": ""2025-01-15 14:30""}"
datetime দেখাও,clock_calendar,"{""action"": ""get"", ""target"": ""datetime"", ""payload"": ""2025-01-15 14:30""}"
datetime নাও,clock_calendar,"{""action"": ""get"", ""target"": ""datetime"", ""payload"": ""2025-03-20 07:45""}"
আমার datetime দরকার,clock_calendar,"{""action"": ""get"", ""target"": ""datetime"", ""payload"": ""2025-01-15 14:30""}"
datetime是什么？,clock_calendar,"{""action"": ""get"", ""target"": ""datetime"", ""payload"": ""2025-01-15 14:30""}"
告诉我datetime,clock_calendar,"{""action"": ""get"", ""target"": ""datetime"", ""payload"": ""2025-06-01 09:00""}"
显示datetime,clock_calendar,"{""action"": ""get"", ""target"": ""datetime"", ""payload"": ""2025-12-25 18:00""}"
获取datetime,clock_calendar,"{""action"": ""get"", ""target"": ""datetime"", ""payload"": ""2025-06-01 09:00""}"
我需要datetime,clock_calendar,"{""action"": ""get"", ""target"": ""datetime"", ""payload"": ""2025-12-25 18:00""}"
Co je datetime?,clock_calendar,"{""action"": ""get"", ""target"": ""datetime"", ""payload"": ""2025-01-15 14:30""}"
Řekni mi datetime,clock_calendar,"{""action"": ""get"", ""target"": ""datetime"", ""payload"": ""2025-06-01 09:00""}"
Ukaž mi datetime,clock_calendar,"{""action"": ""get"", ""target"": ""datetime"", ""payload"": ""2025-12-25 18:00""}"
Získej datetime,clock_calendar,"{""action"": ""get"", ""target"": ""datetime"", ""payload"": ""2025-12-25 18:00""}"
Potřebuji datetime,clock_calendar,"{""action"": ""get"", ""target"": ""datetime"", ""payload"": ""2025-06-01 09:00""}"
Wat is datetime?,clock_calendar,"{""action"": ""get"", ""target"": ""datetime"", ""payload"": ""2025-03-20 07:45""}"
Vertel me datetime,clock_calendar,"{""action"": ""get"", ""target"": ""datetime"", ""payload"": ""2025-12-25 18:00""}"
Laat datetime zien,clock_calendar,"{""action"": ""get"", ""target"": ""datetime"", ""payload"": ""2025-01-15 14:30""}"
Haal datetime,clock_calendar,"{""action"": ""get"", ""target"": ""datetime"", ""payload"": ""2025-12-25 18:00""}"
Ik heb datetime nodig,clock_calendar,"{""action"": ""get"", ""target"": ""datetime"", ""payload"": ""2025-01-15 14:30""}"
What is the datetime?,clock_calendar,"{""action"": ""get"", ""target"": ""datetime"", ""payload"": ""2025-06-01 09:00""}"
Tell me the datetime,clock_calendar,"{""action"": ""get"", ""target"": ""datetime"", ""payload"": ""2025-12-25 18:00""}"
Show me datetime,clock_calendar,"{""action"": ""get"", ""target"": ""datetime"", ""payload"": ""2025-01-15 14:30""}"
Get the datetime,clock_calendar,"{""action"": ""get"", ""target"": ""datetime"", ""payload"": ""2025-01-15 14:30""}"
I need datetime,clock_calendar,"{""action"": ""get"", ""target"": ""datetime"", ""payload"": ""2025-06-01 09:00""}"
Quel est le datetime?,clock_calendar,"{""action"": ""get"", ""target"": ""datetime"", ""payload"": ""2025-12-25 18:00""}"
Dis-moi le datetime,clock_calendar,"{""action"": ""get"", ""target"": ""datetime"", ""payload"": ""2025-12-25 18:00""}"
Montre-moi datetime,clock_calendar,"{""action"": ""get"", ""target"": ""datetime"", ""payload"": ""2025-06-01 09:00""}"
Donne-moi le datetime,clock_calendar,"{""action"": ""get"", ""target"": ""datetime"", ""payload"": ""2025-12-25 18:00""}"
J'ai besoin du datetime,clock_calendar,"{""action"": ""get"", ""target"": ""datetime"", ""payload"": ""2025-06-01 09:00""}"
Was ist datetime?,clock_calendar,"{""action"": ""get"", ""target"": ""datetime"", ""payload"": ""2025-12-25 18:00""}"
Sag mir datetime,clock_calendar,"{""action"": ""get"", ""target"": ""datetime"", ""payload"": ""2025-03-20 07:45""}"
Zeig mir datetime,clock_calendar,"{""action"": ""get"", ""target"": ""datetime"", ""payload"": ""2025-12-25 18:00""}"
Hol datetime,clock_calendar,"{""action"": ""get"", ""target"": ""datetime"", ""payload"": ""2025-01-15 14:30""}"
Ich brauche datetime,clock_calendar,"{""action"": ""get"", ""target"": ""datetime"", ""payload"": ""2025-01-15 14:30""}"
Τι είναι το datetime;,clock_calendar,"{""action"": ""get"", ""target"": ""datetime"", ""payload"": ""2025-03-20 07:45""}"
Πες μου το datetime,clock_calendar,"{""action"": ""get"", ""target"": ""datetime"", ""payload"": ""2025-12-25 18:00""}"
Δείξε μου το datetime,clock_calendar,"{""action"": ""get"", ""target"": ""datetime"", ""payload"": ""2025-01-15 14:30""}"
Πάρε το datetime,clock_calendar,"{""action"": ""get"", ""target"": ""datetime"", ""payload"": ""2025-01-15 14:30""}"
Χρειάζομαι το datetime,clock_calendar,"{""action"": ""get"", ""target"": ""datetime"", ""payload"": ""2025-12-25 18:00""}"
מה זה datetime?,clock_calendar,"{""action"": ""get"", ""target"": ""datetime"", ""payload"": ""2025-06-01 09:00""}"
ספר לי על datetime,clock_calendar,"{""action"": ""get"", ""target"": ""datetime"", ""payload"": ""2025-12-25 18:00""}"
הראה לי datetime,clock_calendar,"{""action"": ""get"", ""target"": ""datetime"", ""payload"": ""2025-06-01 09:00""}"
קבל datetime,clock_calendar,"{""action"": ""get"", ""target"": ""datetime"", ""payload"": ""2025-03-20 07:45""}"
אני צריך datetime,clock_calendar,"{""action"": ""get"", ""target"": ""datetime"", ""payload"": ""2025-03-20 07:45""}"
datetime क्या है?,clock_calendar,"{""action"": ""get"", ""target"": ""datetime"", ""payload"": ""2025-01-15 14:30""}"
मुझे datetime बताओ,clock_calendar,"{""action"": ""get"", ""target"": ""datetime"", ""payload"": ""2025-01-15 14:30""}"
datetime दिखाओ,clock_calendar,"{""action"": ""get"", ""target"": ""datetime"", ""payload"": ""2025-01-15 14:30""}"
datetime प्राप्त करो,clock_calendar,"{""action"": ""get"", ""target"": ""datetime"", ""payload"": ""2025-06-01 09:00""}"
मुझे datetime चाहिए,clock_calendar,"{""action"": ""get"", ""target"": ""datetime"", ""payload"": ""2025-01-15 14:30""}"
Mi az a datetime?,clock_calendar,"{""action"": ""get"", ""target"": ""datetime"", ""payload"": ""2025-12-25 18:00""}"
Mondd el a datetime,clock_calendar,"{""action"": ""get"", ""target"": ""datetime"", ""payload"": ""2025-06-01 09:00""}"
Mutasd a datetime,clock_calendar,"{""action"": ""get"", ""target"": ""datetime"", ""payload"": ""2025-03-20 07:45""}"
Szerezd be a datetime,clock_calendar,"{""action"": ""get"", ""target"": ""datetime"", ""payload"": ""2025-06-01 09:00""}"
Szükségem van a datetime,clock_calendar,"{""action"": ""get"", ""target"": ""datetime"", ""payload"": ""2025-01-15 14:30""}"
Apa itu datetime?,clock_calendar,"{""action"": ""get"", ""target"": ""datetime"", ""payload"": ""2025-12-25 18:00""}"
Beritahu saya datetime,clock_calendar,"{""action"": ""get"", ""target"": ""datetime"", ""payload"": ""2025-12-25 18:00""}"
Tunjukkan datetime,clock_calendar,"{""action"": ""get"", ""target"": ""datetime"", ""payload"": ""2025-01-15 14:30""}"
Ambil datetime,clock_calendar,"{""action"": ""get"", ""target"": ""datetime"", ""payload"": ""2025-12-25 18:00""}"
Saya butuh datetime,clock_calendar,"{""action"": ""get"", ""target"": ""datetime"", ""payload"": ""2025-06-01 09:00""}"
Cos'è datetime?,clock_calendar,"{""action"": ""get"", ""target"": ""datetime"", ""payload"": ""2025-06-01 09:00""}"
Dimmi datetime,clock_calendar,"{""action"": ""get"", ""target"": ""datetime"", ""payload"": ""2025-01-15 14:30""}"
Mostrami datetime,clock_calendar,"{""action"": ""get"", ""target"": ""datetime"", ""payload"": ""2025-12-25 18:00""}"
Ottieni datetime,clock_calendar,"{""action"": ""get"", ""target"": ""datetime"", ""payload"": ""2025-03-20 07:45""}"
Ho bisogno di datetime,clock_calendar,"{""action"": ""get"", ""target"": ""datetime"", ""payload"": ""2025-06-01 09:00""}"
datetimeは?,clock_calendar,"{""action"": ""get"", ""target"": ""datetime"", ""payload"": ""2025-06-01 09:00""}"
datetimeを教えて,clock_calendar,"{""action"": ""get"", ""target"": ""datetime"", ""payload"": ""2025-06-01 09:00""}"
datetimeを見せて,clock_calendar,"{""action"": ""get"", ""target"": ""datetime"", ""payload"": ""2025-06-01 09:00""}"
datetimeを取得,clock_calendar,"{""action"": ""get"", ""target"": ""datetime"", ""payload"": ""2025-03-20 07:45""}"
datetimeが必要,clock_calendar,"{""action"": ""get"", ""target"": ""datetime"", ""payload"": ""2025-01-15 14:30""}"
datetime 뭐야?,clock_calendar,"{""action"": ""get"", ""target"": ""datetime"", ""payload"": ""2025-06-01 09:00""}"
datetime 알려줘,clock_calendar,"{""action"": ""get"", ""target"": ""datetime"", ""payload"": ""2025-12-25 18:00""}"
datetime 보여줘,clock_calendar,"{""action"": ""get"", ""target"": ""datetime"", ""payload"": ""2025-03-20 07:45""}"
datetime 가져와,clock_calendar,"{""action"": ""get"", ""target"": ""datetime"", ""payload"": ""2025-06-01 09:00""}"
datetime 필요해,clock_calendar,"{""action"": ""get"", ""target"": ""datetime"", ""payload"": ""2025-12-25 18:00""}"
datetime काय आहे?,clock_calendar,"{""action"": ""get"", ""target"": ""datetime"", ""payload"": ""2025-06-01 09:00""}"
मला datetime सांगा,clock_calendar,"{""action"": ""get"", ""target"": ""datetime"", ""payload"": ""2025-01-15 14:30""}"
datetime दाखवा,clock_calendar,"{""action"": ""get"", ""target"": ""datetime"", ""payload"": ""2025-03-20 07:45""}"
datetime मिळवा,clock_calendar,"{""action"": ""get"", ""target"": ""datetime"", ""payload"": ""2025-01-15 14:30""}"
मला datetime हवा आहे,clock_calendar,"{""action"": ""get"", ""target"": ""datetime"", ""payload"": ""2025-03-20 07:45""}"
datetime چیست؟,clock_calendar,"{""action"": ""get"", ""target"": ""datetime"", ""payload"": ""2025-06-01 09:00""}"
به من datetime را بگو,clock_calendar,"{""action"": ""get"", ""target"": ""datetime"", ""payload"": ""2025-06-01 09:00""}"
datetime را نشان بده,clock_calendar,"{""action"": ""get"", ""target"": ""datetime"", ""payload"": ""2025-03-20 07:45""}"
datetime را بگیر,clock_calendar,"{""action"": ""get"", ""target"": ""datetime"", ""payload"": ""2025-12-25 18:00""}"
من datetime نیاز دارم,clock_calendar,"{""action"": ""get"", ""target"": ""datetime"", ""payload"": ""2025-12-25 18:00""}"
Co to jest datetime?,clock_calendar,"{""action"": ""get"", ""target"": ""datetime"", ""payload"": ""2025-06-01 09:00""}"
Powiedz mi datetime,clock_calendar,"{""action"": ""get"", ""target"": ""datetime"", ""payload"": ""2025-06-01 09:00""}"
Pokaż datetime,clock_calendar,"{""action"": ""get"", ""target"": ""datetime"", ""payload"": ""2025-01-15 14:30""}"
Pobierz datetime,clock_calendar,"{""action"": ""get"", ""target"": ""datetime"", ""payload"": ""2025-06-01 09:00""}"
Potrzebuję datetime,clock_calendar,"{""action"": ""get"", ""target"": ""datetime"", ""payload"": ""2025-03-20 07:45""}"
O que é datetime?,clock_calendar,"{""action"": ""get"", ""target"": ""datetime"", ""payload"": ""2025-12-25 18:00""}"
Me diga datetime,clock_calendar,"{""action"": ""get"", ""target"": ""datetime"", ""payload"": ""2025-12-25 18:00""}"
Mostre datetime,clock_calendar,"{""action"": ""get"", ""target"": ""datetime"", ""payload"": ""2025-01-15 14:30""}"
Obtenha datetime,clock_calendar,"{""action"": ""get"", ""target"": ""datetime"", ""payload"": ""2025-12-25 18:00""}"
Preciso de datetime,clock_calendar,"{""action"": ""get"", ""target"": ""datetime"", ""payload"": ""2025-12-25 18:00""}"
Ce este datetime?,clock_calendar,"{""action"": ""get"", ""target"": ""datetime"", ""payload"": ""2025-03-20 07:45""}"
Spune-mi datetime,clock_calendar,"{""action"": ""get"", ""target"": ""datetime"", ""payload"": ""2025-12-25 18:00""}"
Arată-mi datetime,clock_calendar,"{""action"": ""get"", ""target"": ""datetime"", ""payload"": ""2025-01-15 14:30""}"
Obține datetime,clock_calendar,"{""action"": ""get"", ""target"": ""datetime"", ""payload"": ""2025-01-15 14:30""}"
Am nevoie de datetime,clock_calendar,"{""action"": ""get"", ""target"": ""datetime"", ""payload"": ""2025-12-25 18:00""}"
Что такое datetime?,clock_calendar,"{""action"": ""get"", ""target"": ""datetime"", ""payload"": ""2025-06-01 09:00""}"
Скажи datetime,clock_calendar,"{""action"": ""get"", ""target"": ""datetime"", ""payload"": ""2025-12-25 18:00""}"
Покажи datetime,clock_calendar,"{""action"": ""get"", ""target"": ""datetime"", ""payload"": ""2025-01-15 14:30""}"
Получи datetime,clock_calendar,"{""action"": ""get"", ""target"": ""datetime"", ""payload"": ""2025-01-15 14:30""}"
Мне нужен datetime,clock_calendar,"{""action"": ""get"", ""target"": ""datetime"", ""payload"": ""2025-03-20 07:45""}"
¿Qué es datetime?,clock_calendar,"{""action"": ""get"", ""target"": ""datetime"", ""payload"": ""2025-12-25 18:00""}"
Dime datetime,clock_calendar,"{""action"": ""get"", ""target"": ""datetime"", ""payload"": ""2025-12-25 18:00""}"
Muéstrame datetime,clock_calendar,"{""action"": ""get"", ""target"": ""datetime"", ""payload"": ""2025-03-20 07:45""}"
Obtén datetime,clock_calendar,"{""action"": ""get"", ""target"": ""datetime"", ""payload"": ""2025-01-15 14:30""}"
Necesito datetime,clock_calendar,"{""action"": ""get"", ""target"": ""datetime"", ""payload"": ""2025-03-20 07:45""}"
Nini datetime?,clock_calendar,"{""action"": ""get"", ""target"": ""datetime"", ""payload"": ""2025-06-01 09:00""}"
Niambie datetime,clock_calendar,"{""action"": ""get"", ""target"": ""datetime"", ""payload"": ""2025-12-25 18:00""}"
Nionyeshe datetime,clock_calendar,"{""action"": ""get"", ""target"": ""datetime"", ""payload"": ""2025-01-15 14:30""}"
Pata datetime,clock_calendar,"{""action"": ""get"", ""target"": ""datetime"", ""payload"": ""2025-03-20 07:45""}"
Ninahitaji datetime,clock_calendar,"{""action"": ""get"", ""target"": ""datetime"", ""payload"": ""2025-01-15 14:30""}"
datetime என்ன?,clock_calendar,"{""action"": ""get"", ""target"": ""datetime"", ""payload"": ""2025-06-01 09:00""}"
எனக்கு datetime சொல்,clock_calendar,"{""action"": ""get"", ""target"": ""datetime"", ""payload"": ""2025-12-25 18:00""}"
datetime காட்டு,clock_calendar,"{""action"": ""get"", ""target"": ""datetime"", ""payload"": ""2025-03-20 07:45""}"
datetime எடு,clock_calendar,"{""action"": ""get"", ""target"": ""datetime"", ""payload"": ""2025-01-15 14:30""}"
எனக்கு datetime வேண்டும்,clock_calendar,"{""action"": ""get"", ""target"": ""datetime"", ""payload"": ""2025-12-25 18:00""}"
datetime ఏమిటి?,clock_calendar,"{""action"": ""get"", ""target"": ""datetime"", ""payload"": ""2025-12-25 18:00""}"
నాకు datetime చెప్పు,clock_calendar,"{""action"": ""get"", ""target"": ""datetime"", ""payload"": ""2025-01-15 14:30""}"
datetime చూపించు,clock_calendar,"{""action"": ""get"", ""target"": ""datetime"", ""payload"": ""2025-12-25 18:00""}"
datetime తీసుకో,clock_calendar,"{""action"": ""get"", ""target"": ""datetime"", ""payload"": ""2025-12-25 18:00""}"
నాకు datetime కావాలి,clock_calendar,"{""action"": ""get"", ""target"": ""datetime"", ""payload"": ""2025-03-20 07:45""}"
datetime คืออะไร?,clock_calendar,"{""action"": ""get"", ""target"": ""datetime"", ""payload"": ""2025-12-25 18:00""}"
บอกฉันเรื่อง datetime,clock_calendar,"{""action"": ""get"", ""target"": ""datetime"", ""payload"": ""2025-03-20 07:45""}"
แสดง datetime,clock_calendar,"{""action"": ""get"", ""target"": ""datetime"", ""payload"": ""2025-12-25 18:00""}"
เอา datetime มา,clock_calendar,"{""action"": ""get"", ""target"": ""datetime"", ""payload"": ""2025-06-01 09:00""}"
ฉันต้องการ datetime,clock_calendar,"{""action"": ""get"", ""target"": ""datetime"", ""payload"": ""2025-06-01 09:00""}"
datetime nedir?,clock_calendar,"{""action"": ""get"", ""target"": ""datetime"", ""payload"": ""2025-03-20 07:45""}"
Bana datetime söyle,clock_calendar,"{""action"": ""get"", ""target"": ""datetime"", ""payload"": ""2025-03-20 07:45""}"
datetime göster,clock_calendar,"{""action"": ""get"", ""target"": ""datetime"", ""payload"": ""2025-06-01 09:00""}"
datetime al,clock_calendar,"{""action"": ""get"", ""target"": ""datetime"", ""payload"": ""2025-12-25 18:00""}"
Bana datetime lazım,clock_calendar,"{""action"": ""get"", ""target"": ""datetime"", ""payload"": ""2025-03-20 07:45""}"
datetime کیا ہے؟,clock_calendar,"{""action"": ""get"", ""target"": ""datetime"", ""payload"": ""2025-01-15 14:30""}"
مجھے datetime بتاؤ,clock_calendar,"{""action"": ""get"", ""target"": ""datetime"", ""payload"": ""2025-12-25 18:00""}"
datetime دکھاؤ,clock_calendar,"{""action"": ""get"", ""target"": ""datetime"", ""payload"": ""2025-12-25 18:00""}"
datetime حاصل کرو,clock_calendar,"{""action"": ""get"", ""target"": ""datetime"", ""payload"": ""2025-06-01 09:00""}"
مجھے datetime چاہیے,clock_calendar,"{""action"": ""get"", ""target"": ""datetime"", ""payload"": ""2025-03-20 07:45""}"
datetime là gì?,clock_calendar,"{""action"": ""get"", ""target"": ""datetime"", ""payload"": ""2025-12-25 18:00""}"
Cho tôi biết datetime,clock_calendar,"{""action"": ""get"", ""target"": ""datetime"", ""payload"": ""2025-03-20 07:45""}"
Hiển thị datetime,clock_calendar,"{""action"": ""get"", ""target"": ""datetime"", ""payload"": ""2025-03-20 07:45""}"
Lấy datetime,clock_calendar,"{""action"": ""get"", ""target"": ""datetime"", ""payload"": ""2025-03-20 07:45""}"
Tôi cần datetime,clock_calendar,"{""action"": ""get"", ""target"": ""datetime"", ""payload"": ""2025-06-01 09:00""}"
ما هو timezone؟,clock_calendar,"{""action"": ""get"", ""target"": ""timezone"", ""payload"": ""Australia/Sydney""}"
أخبرني عن timezone,clock_calendar,"{""action"": ""get"", ""target"": ""timezone"", ""payload"": ""Asia/Tokyo""}"
اعرض لي timezone,clock_calendar,"{""action"": ""get"", ""target"": ""timezone"", ""payload"": ""America/New_York""}"
احصل على timezone,clock_calendar,"{""action"": ""get"", ""target"": ""timezone"", ""payload"": ""Asia/Dhaka""}"
أحتاج timezone,clock_calendar,"{""action"": ""get"", ""target"": ""timezone"", ""payload"": ""Europe/London""}"
timezone কি?,clock_calendar,"{""action"": ""get"", ""target"": ""timezone"", ""payload"": ""Australia/Sydney""}"
আমাকে timezone বলো,clock_calendar,"{""action"": ""get"", ""target"": ""timezone"", ""payload"": ""Australia/Sydney""}"
timezone দেখাও,clock_calendar,"{""action"": ""get"", ""target"": ""timezone"", ""payload"": ""Europe/London""}"
timezone নাও,clock_calendar,"{""action"": ""get"", ""target"": ""timezone"", ""payload"": ""Asia/Dhaka""}"
আমার timezone দরকার,clock_calendar,"{""action"": ""get"", ""target"": ""timezone"", ""payload"": ""America/New_York""}"
timezone是什么？,clock_calendar,"{""action"": ""get"", ""target"": ""timezone"", ""payload"": ""Europe/London""}"
告诉我timezone,clock_calendar,"{""action"": ""get"", ""target"": ""timezone"", ""payload"": ""America/New_York""}"
显示timezone,clock_calendar,"{""action"": ""get"", ""target"": ""timezone"", ""payload"": ""America/New_York""}"
获取timezone,clock_calendar,"{""action"": ""get"", ""target"": ""timezone"", ""payload"": ""America/New_York""}"
我需要timezone,clock_calendar,"{""action"": ""get"", ""target"": ""timezone"", ""payload"": ""Asia/Dhaka""}"
Co je timezone?,clock_calendar,"{""action"": ""get"", ""target"": ""timezone"", ""payload"": ""Asia/Dhaka""}"
Řekni mi timezone,clock_calendar,"{""action"": ""get"", ""target"": ""timezone"", ""payload"": ""America/New_York""}"
Ukaž mi timezone,clock_calendar,"{""action"": ""get"", ""target"": ""timezone"", ""payload"": ""Asia/Tokyo""}"
Získej timezone,clock_calendar,"{""action"": ""get"", ""target"": ""timezone"", ""payload"": ""Australia/Sydney""}"
Potřebuji timezone,clock_calendar,"{""action"": ""get"", ""target"": ""timezone"", ""payload"": ""Asia/Dhaka""}"
Wat is timezone?,clock_calendar,"{""action"": ""get"", ""target"": ""timezone"", ""payload"": ""Asia/Tokyo""}"
Vertel me timezone,clock_calendar,"{""action"": ""get"", ""target"": ""timezone"", ""payload"": ""Asia/Tokyo""}"
Laat timezone zien,clock_calendar,"{""action"": ""get"", ""target"": ""timezone"", ""payload"": ""Australia/Sydney""}"
Haal timezone,clock_calendar,"{""action"": ""get"", ""target"": ""timezone"", ""payload"": ""America/New_York""}"
Ik heb timezone nodig,clock_calendar,"{""action"": ""get"", ""target"": ""timezone"", ""payload"": ""Asia/Tokyo""}"
What is the timezone?,clock_calendar,"{""action"": ""get"", ""target"": ""timezone"", ""payload"": ""Asia/Tokyo""}"
Tell me the timezone,clock_calendar,"{""action"": ""get"", ""target"": ""timezone"", ""payload"": ""Asia/Tokyo""}"
Show me timezone,clock_calendar,"{""action"": ""get"", ""target"": ""timezone"", ""payload"": ""America/New_York""}"
Get the timezone,clock_calendar,"{""action"": ""get"", ""target"": ""timezone"", ""payload"": ""America/New_York""}"
I need timezone,clock_calendar,"{""action"": ""get"", ""target"": ""timezone"", ""payload"": ""Asia/Dhaka""}"
Quel est le timezone?,clock_calendar,"{""action"": ""get"", ""target"": ""timezone"", ""payload"": ""Asia/Dhaka""}"
Dis-moi le timezone,clock_calendar,"{""action"": ""get"", ""target"": ""timezone"", ""payload"": ""Asia/Tokyo""}"
Montre-moi timezone,clock_calendar,"{""action"": ""get"", ""target"": ""timezone"", ""payload"": ""America/New_York""}"
Donne-moi le timezone,clock_calendar,"{""action"": ""get"", ""target"": ""timezone"", ""payload"": ""America/New_York""}"
J'ai besoin du timezone,clock_calendar,"{""action"": ""get"", ""target"": ""timezone"", ""payload"": ""Australia/Sydney""}"
Was ist timezone?,clock_calendar,"{""action"": ""get"", ""target"": ""timezone"", ""payload"": ""Asia/Tokyo""}"
Sag mir timezone,clock_calendar,"{""action"": ""get"", ""target"": ""timezone"", ""payload"": ""Asia/Dhaka""}"
Zeig mir timezone,clock_calendar,"{""action"": ""get"", ""target"": ""timezone"", ""payload"": ""Australia/Sydney""}"
Hol timezone,clock_calendar,"{""action"": ""get"", ""target"": ""timezone"", ""payload"": ""America/New_York""}"
Ich brauche timezone,clock_calendar,"{""action"": ""get"", ""target"": ""timezone"", ""payload"": ""Asia/Dhaka""}"
Τι είναι το timezone;,clock_calendar,"{""action"": ""get"", ""target"": ""timezone"", ""payload"": ""Asia/Tokyo""}"
Πες μου το timezone,clock_calendar,"{""action"": ""get"", ""target"": ""timezone"", ""payload"": ""America/New_York""}"
Δείξε μου το timezone,clock_calendar,"{""action"": ""get"", ""target"": ""timezone"", ""payload"": ""Asia/Tokyo""}"
Πάρε το timezone,clock_calendar,"{""action"": ""get"", ""target"": ""timezone"", ""payload"": ""Australia/Sydney""}"
Χρειάζομαι το timezone,clock_calendar,"{""action"": ""get"", ""target"": ""timezone"", ""payload"": ""Australia/Sydney""}"
מה זה timezone?,clock_calendar,"{""action"": ""get"", ""target"": ""timezone"", ""payload"": ""Australia/Sydney""}"
ספר לי על timezone,clock_calendar,"{""action"": ""get"", ""target"": ""timezone"", ""payload"": ""Europe/London""}"
הראה לי timezone,clock_calendar,"{""action"": ""get"", ""target"": ""timezone"", ""payload"": ""Asia/Tokyo""}"
קבל timezone,clock_calendar,"{""action"": ""get"", ""target"": ""timezone"", ""payload"": ""Australia/Sydney""}"
אני צריך timezone,clock_calendar,"{""action"": ""get"", ""target"": ""timezone"", ""payload"": ""Australia/Sydney""}"
timezone क्या है?,clock_calendar,"{""action"": ""get"", ""target"": ""timezone"", ""payload"": ""Asia/Tokyo""}"
मुझे timezone बताओ,clock_calendar,"{""action"": ""get"", ""target"": ""timezone"", ""payload"": ""Australia/Sydney""}"
timezone दिखाओ,clock_calendar,"{""action"": ""get"", ""target"": ""timezone"", ""payload"": ""Asia/Tokyo""}"
timezone प्राप्त करो,clock_calendar,"{""action"": ""get"", ""target"": ""timezone"", ""payload"": ""America/New_York""}"
मुझे timezone चाहिए,clock_calendar,"{""action"": ""get"", ""target"": ""timezone"", ""payload"": ""Asia/Tokyo""}"
Mi az a timezone?,clock_calendar,"{""action"": ""get"", ""target"": ""timezone"", ""payload"": ""Asia/Tokyo""}"
Mondd el a timezone,clock_calendar,"{""action"": ""get"", ""target"": ""timezone"", ""payload"": ""Europe/London""}"
Mutasd a timezone,clock_calendar,"{""action"": ""get"", ""target"": ""timezone"", ""payload"": ""America/New_York""}"
Szerezd be a timezone,clock_calendar,"{""action"": ""get"", ""target"": ""timezone"", ""payload"": ""Europe/London""}"
Szükségem van a timezone,clock_calendar,"{""action"": ""get"", ""target"": ""timezone"", ""payload"": ""Australia/Sydney""}"
Apa itu timezone?,clock_calendar,"{""action"": ""get"", ""target"": ""timezone"", ""payload"": ""Asia/Tokyo""}"
Beritahu saya timezone,clock_calendar,"{""action"": ""get"", ""target"": ""timezone"", ""payload"": ""America/New_York""}"
Tunjukkan timezone,clock_calendar,"{""action"": ""get"", ""target"": ""timezone"", ""payload"": ""Europe/London""}"
Ambil timezone,clock_calendar,"{""action"": ""get"", ""target"": ""timezone"", ""payload"": ""Asia/Tokyo""}"
Saya butuh timezone,clock_calendar,"{""action"": ""get"", ""target"": ""timezone"", ""payload"": ""Asia/Dhaka""}"
Cos'è timezone?,clock_calendar,"{""action"": ""get"", ""target"": ""timezone"", ""payload"": ""Europe/London""}"
Dimmi timezone,clock_calendar,"{""action"": ""get"", ""target"": ""timezone"", ""payload"": ""America/New_York""}"
Mostrami timezone,clock_calendar,"{""action"": ""get"", ""target"": ""timezone"", ""payload"": ""Europe/London""}"
Ottieni timezone,clock_calendar,"{""action"": ""get"", ""target"": ""timezone"", ""payload"": ""Europe/London""}"
Ho bisogno di timezone,clock_calendar,"{""action"": ""get"", ""target"": ""timezone"", ""payload"": ""Europe/London""}"
timezoneは?,clock_calendar,"{""action"": ""get"", ""target"": ""timezone"", ""payload"": ""Australia/Sydney""}"
timezoneを教えて,clock_calendar,"{""action"": ""get"", ""target"": ""timezone"", ""payload"": ""Asia/Dhaka""}"
timezoneを見せて,clock_calendar,"{""action"": ""get"", ""target"": ""timezone"", ""payload"": ""America/New_York""}"
timezoneを取得,clock_calendar,"{""action"": ""get"", ""target"": ""timezone"", ""payload"": ""America/New_York""}"
timezoneが必要,clock_calendar,"{""action"": ""get"", ""target"": ""timezone"", ""payload"": ""America/New_York""}"
timezone 뭐야?,clock_calendar,"{""action"": ""get"", ""target"": ""timezone"", ""payload"": ""Asia/Tokyo""}"
timezone 알려줘,clock_calendar,"{""action"": ""get"", ""target"": ""timezone"", ""payload"": ""America/New_York""}"
timezone 보여줘,clock_calendar,"{""action"": ""get"", ""target"": ""timezone"", ""payload"": ""America/New_York""}"
timezone 가져와,clock_calendar,"{""action"": ""get"", ""target"": ""timezone"", ""payload"": ""Asia/Dhaka""}"
timezone 필요해,clock_calendar,"{""action"": ""get"", ""target"": ""timezone"", ""payload"": ""Asia/Tokyo""}"
timezone काय आहे?,clock_calendar,"{""action"": ""get"", ""target"": ""timezone"", ""payload"": ""Asia/Tokyo""}"
मला timezone सांगा,clock_calendar,"{""action"": ""get"", ""target"": ""timezone"", ""payload"": ""Europe/London""}"
timezone दाखवा,clock_calendar,"{""action"": ""get"", ""target"": ""timezone"", ""payload"": ""Australia/Sydney""}"
timezone मिळवा,clock_calendar,"{""action"": ""get"", ""target"": ""timezone"", ""payload"": ""Asia/Tokyo""}"
मला timezone हवा आहे,clock_calendar,"{""action"": ""get"", ""target"": ""timezone"", ""payload"": ""Asia/Tokyo""}"
timezone چیست؟,clock_calendar,"{""action"": ""get"", ""target"": ""timezone"", ""payload"": ""Asia/Dhaka""}"
به من timezone را بگو,clock_calendar,"{""action"": ""get"", ""target"": ""timezone"", ""payload"": ""America/New_York""}"
timezone را نشان بده,clock_calendar,"{""action"": ""get"", ""target"": ""timezone"", ""payload"": ""Asia/Tokyo""}"
timezone را بگیر,clock_calendar,"{""action"": ""get"", ""target"": ""timezone"", ""payload"": ""Asia/Tokyo""}"
من timezone نیاز دارم,clock_calendar,"{""action"": ""get"", ""target"": ""timezone"", ""payload"": ""Australia/Sydney""}"
Co to jest timezone?,clock_calendar,"{""action"": ""get"", ""target"": ""timezone"", ""payload"": ""Asia/Dhaka""}"
Powiedz mi timezone,clock_calendar,"{""action"": ""get"", ""target"": ""timezone"", ""payload"": ""Australia/Sydney""}"
Pokaż timezone,clock_calendar,"{""action"": ""get"", ""target"": ""timezone"", ""payload"": ""Asia/Tokyo""}"
Pobierz timezone,clock_calendar,"{""action"": ""get"", ""target"": ""timezone"", ""payload"": ""Asia/Tokyo""}"
Potrzebuję timezone,clock_calendar,"{""action"": ""get"", ""target"": ""timezone"", ""payload"": ""Asia/Dhaka""}"
O que é timezone?,clock_calendar,"{""action"": ""get"", ""target"": ""timezone"", ""payload"": ""Europe/London""}"
Me diga timezone,clock_calendar,"{""action"": ""get"", ""target"": ""timezone"", ""payload"": ""Europe/London""}"
Mostre timezone,clock_calendar,"{""action"": ""get"", ""target"": ""timezone"", ""payload"": ""Asia/Tokyo""}"
Obtenha timezone,clock_calendar,"{""action"": ""get"", ""target"": ""timezone"", ""payload"": ""Asia/Tokyo""}"
Preciso de timezone,clock_calendar,"{""action"": ""get"", ""target"": ""timezone"", ""payload"": ""Australia/Sydney""}"
Ce este timezone?,clock_calendar,"{""action"": ""get"", ""target"": ""timezone"", ""payload"": ""Australia/Sydney""}"
Spune-mi timezone,clock_calendar,"{""action"": ""get"", ""target"": ""timezone"", ""payload"": ""Australia/Sydney""}"
Arată-mi timezone,clock_calendar,"{""action"": ""get"", ""target"": ""timezone"", ""payload"": ""America/New_York""}"
Obține timezone,clock_calendar,"{""action"": ""get"", ""target"": ""timezone"", ""payload"": ""Asia/Tokyo""}"
Am nevoie de timezone,clock_calendar,"{""action"": ""get"", ""target"": ""timezone"", ""payload"": ""America/New_York""}"
Что такое timezone?,clock_calendar,"{""action"": ""get"", ""target"": ""timezone"", ""payload"": ""Europe/London""}"
Скажи timezone,clock_calendar,"{""action"": ""get"", ""target"": ""timezone"", ""payload"": ""Asia/Tokyo""}"
Покажи timezone,clock_calendar,"{""action"": ""get"", ""target"": ""timezone"", ""payload"": ""Asia/Tokyo""}"
Получи timezone,clock_calendar,"{""action"": ""get"", ""target"": ""timezone"", ""payload"": ""Asia/Dhaka""}"
Мне нужен timezone,clock_calendar,"{""action"": ""get"", ""target"": ""timezone"", ""payload"": ""Asia/Tokyo""}"
¿Qué es timezone?,clock_calendar,"{""action"": ""get"", ""target"": ""timezone"", ""payload"": ""Europe/London""}"
Dime timezone,clock_calendar,"{""action"": ""get"", ""target"": ""timezone"", ""payload"": ""Asia/Tokyo""}"
Muéstrame timezone,clock_calendar,"{""action"": ""get"", ""target"": ""timezone"", ""payload"": ""America/New_York""}"
Obtén timezone,clock_calendar,"{""action"": ""get"", ""target"": ""timezone"", ""payload"": ""Asia/Tokyo""}"
Necesito timezone,clock_calendar,"{""action"": ""get"", ""target"": ""timezone"", ""payload"": ""America/New_York""}"
Nini timezone?,clock_calendar,"{""action"": ""get"", ""target"": ""timezone"", ""payload"": ""Australia/Sydney""}"
Niambie timezone,clock_calendar,"{""action"": ""get"", ""target"": ""timezone"", ""payload"": ""Australia/Sydney""}"
Nionyeshe timezone,clock_calendar,"{""action"": ""get"", ""target"": ""timezone"", ""payload"": ""Asia/Dhaka""}"
Pata timezone,clock_calendar,"{""action"": ""get"", ""target"": ""timezone"", ""payload"": ""Asia/Tokyo""}"
Ninahitaji timezone,clock_calendar,"{""action"": ""get"", ""target"": ""timezone"", ""payload"": ""Australia/Sydney""}"
timezone என்ன?,clock_calendar,"{""action"": ""get"", ""target"": ""timezone"", ""payload"": ""Australia/Sydney""}"
எனக்கு timezone சொல்,clock_calendar,"{""action"": ""get"", ""target"": ""timezone"", ""payload"": ""Asia/Dhaka""}"
timezone காட்டு,clock_calendar,"{""action"": ""get"", ""target"": ""timezone"", ""payload"": ""Asia/Dhaka""}"
timezone எடு,clock_calendar,"{""action"": ""get"", ""target"": ""timezone"", ""payload"": ""Asia/Tokyo""}"
எனக்கு timezone வேண்டும்,clock_calendar,"{""action"": ""get"", ""target"": ""timezone"", ""payload"": ""America/New_York""}"
timezone ఏమిటి?,clock_calendar,"{""action"": ""get"", ""target"": ""timezone"", ""payload"": ""Asia/Tokyo""}"
నాకు timezone చెప్పు,clock_calendar,"{""action"": ""get"", ""target"": ""timezone"", ""payload"": ""America/New_York""}"
timezone చూపించు,clock_calendar,"{""action"": ""get"", ""target"": ""timezone"", ""payload"": ""Asia/Dhaka""}"
timezone తీసుకో,clock_calendar,"{""action"": ""get"", ""target"": ""timezone"", ""payload"": ""Europe/London""}"
నాకు timezone కావాలి,clock_calendar,"{""action"": ""get"", ""target"": ""timezone"", ""payload"": ""Asia/Tokyo""}"
timezone คืออะไร?,clock_calendar,"{""action"": ""get"", ""target"": ""timezone"", ""payload"": ""Europe/London""}"
บอกฉันเรื่อง timezone,clock_calendar,"{""action"": ""get"", ""target"": ""timezone"", ""payload"": ""America/New_York""}"
แสดง timezone,clock_calendar,"{""action"": ""get"", ""target"": ""timezone"", ""payload"": ""Asia/Tokyo""}"
เอา timezone มา,clock_calendar,"{""action"": ""get"", ""target"": ""timezone"", ""payload"": ""Europe/London""}"
ฉันต้องการ timezone,clock_calendar,"{""action"": ""get"", ""target"": ""timezone"", ""payload"": ""Europe/London""}"
timezone nedir?,clock_calendar,"{""action"": ""get"", ""target"": ""timezone"", ""payload"": ""Asia/Tokyo""}"
Bana timezone söyle,clock_calendar,"{""action"": ""get"", ""target"": ""timezone"", ""payload"": ""Europe/London""}"
timezone göster,clock_calendar,"{""action"": ""get"", ""target"": ""timezone"", ""payload"": ""Asia/Tokyo""}"
timezone al,clock_calendar,"{""action"": ""get"", ""target"": ""timezone"", ""payload"": ""Europe/London""}"
Bana timezone lazım,clock_calendar,"{""action"": ""get"", ""target"": ""timezone"", ""payload"": ""Asia/Dhaka""}"
timezone کیا ہے؟,clock_calendar,"{""action"": ""get"", ""target"": ""timezone"", ""payload"": ""Asia/Tokyo""}"
مجھے timezone بتاؤ,clock_calendar,"{""action"": ""get"", ""target"": ""timezone"", ""payload"": ""Asia/Dhaka""}"
timezone دکھاؤ,clock_calendar,"{""action"": ""get"", ""target"": ""timezone"", ""payload"": ""Australia/Sydney""}"
timezone حاصل کرو,clock_calendar,"{""action"": ""get"", ""target"": ""timezone"", ""payload"": ""Asia/Dhaka""}"
مجھے timezone چاہیے,clock_calendar,"{""action"": ""get"", ""target"": ""timezone"", ""payload"": ""Europe/London""}"
timezone là gì?,clock_calendar,"{""action"": ""get"", ""target"": ""timezone"", ""payload"": ""America/New_York""}"
Cho tôi biết timezone,clock_calendar,"{""action"": ""get"", ""target"": ""timezone"", ""payload"": ""Asia/Dhaka""}"
Hiển thị timezone,clock_calendar,"{""action"": ""get"", ""target"": ""timezone"", ""payload"": ""Asia/Dhaka""}"
Lấy timezone,clock_calendar,"{""action"": ""get"", ""target"": ""timezone"", ""payload"": ""Asia/Dhaka""}"
Tôi cần timezone,clock_calendar,"{""action"": ""get"", ""target"": ""timezone"", ""payload"": ""America/New_York""}"
ما هو moon؟,clock_calendar,"{""action"": ""get"", ""target"": ""moon""}"
أخبرني عن moon,clock_calendar,"{""action"": ""get"", ""target"": ""moon""}"
اعرض لي moon,clock_calendar,"{""action"": ""get"", ""target"": ""moon""}"
احصل على moon,clock_calendar,"{""action"": ""get"", ""target"": ""moon""}"
أحتاج moon,clock_calendar,"{""action"": ""get"", ""target"": ""moon""}"
moon কি?,clock_calendar,"{""action"": ""get"", ""target"": ""moon""}"
আমাকে moon বলো,clock_calendar,"{""action"": ""get"", ""target"": ""moon""}"
moon দেখাও,clock_calendar,"{""action"": ""get"", ""target"": ""moon""}"
moon নাও,clock_calendar,"{""action"": ""get"", ""target"": ""moon""}"
আমার moon দরকার,clock_calendar,"{""action"": ""get"", ""target"": ""moon""}"
moon是什么？,clock_calendar,"{""action"": ""get"", ""target"": ""moon""}"
告诉我moon,clock_calendar,"{""action"": ""get"", ""target"": ""moon""}"
显示moon,clock_calendar,"{""action"": ""get"", ""target"": ""moon""}"
获取moon,clock_calendar,"{""action"": ""get"", ""target"": ""moon""}"
我需要moon,clock_calendar,"{""action"": ""get"", ""target"": ""moon""}"
Co je moon?,clock_calendar,"{""action"": ""get"", ""target"": ""moon""}"
Řekni mi moon,clock_calendar,"{""action"": ""get"", ""target"": ""moon""}"
Ukaž mi moon,clock_calendar,"{""action"": ""get"", ""target"": ""moon""}"
Získej moon,clock_calendar,"{""action"": ""get"", ""target"": ""moon""}"
Potřebuji moon,clock_calendar,"{""action"": ""get"", ""target"": ""moon""}"
Wat is moon?,clock_calendar,"{""action"": ""get"", ""target"": ""moon""}"
Vertel me moon,clock_calendar,"{""action"": ""get"", ""target"": ""moon""}"
Laat moon zien,clock_calendar,"{""action"": ""get"", ""target"": ""moon""}"
Haal moon,clock_calendar,"{""action"": ""get"", ""target"": ""moon""}"
Ik heb moon nodig,clock_calendar,"{""action"": ""get"", ""target"": ""moon""}"
What is the moon?,clock_calendar,"{""action"": ""get"", ""target"": ""moon""}"
Tell me the moon,clock_calendar,"{""action"": ""get"", ""target"": ""moon""}"
Show me moon,clock_calendar,"{""action"": ""get"", ""target"": ""moon""}"
Get the moon,clock_calendar,"{""action"": ""get"", ""target"": ""moon""}"
I need moon,clock_calendar,"{""action"": ""get"", ""target"": ""moon""}"
Quel est le moon?,clock_calendar,"{""action"": ""get"", ""target"": ""moon""}"
Dis-moi le moon,clock_calendar,"{""action"": ""get"", ""target"": ""moon""}"
Montre-moi moon,clock_calendar,"{""action"": ""get"", ""target"": ""moon""}"
Donne-moi le moon,clock_calendar,"{""action"": ""get"", ""target"": ""moon""}"
J'ai besoin du moon,clock_calendar,"{""action"": ""get"", ""target"": ""moon""}"
Was ist moon?,clock_calendar,"{""action"": ""get"", ""target"": ""moon""}"
Sag mir moon,clock_calendar,"{""action"": ""get"", ""target"": ""moon""}"
Zeig mir moon,clock_calendar,"{""action"": ""get"", ""target"": ""moon""}"
Hol moon,clock_calendar,"{""action"": ""get"", ""target"": ""moon""}"
Ich brauche moon,clock_calendar,"{""action"": ""get"", ""target"": ""moon""}"
Τι είναι το moon;,clock_calendar,"{""action"": ""get"", ""target"": ""moon""}"
Πες μου το moon,clock_calendar,"{""action"": ""get"", ""target"": ""moon""}"
Δείξε μου το moon,clock_calendar,"{""action"": ""get"", ""target"": ""moon""}"
Πάρε το moon,clock_calendar,"{""action"": ""get"", ""target"": ""moon""}"
Χρειάζομαι το moon,clock_calendar,"{""action"": ""get"", ""target"": ""moon""}"
מה זה moon?,clock_calendar,"{""action"": ""get"", ""target"": ""moon""}"
ספר לי על moon,clock_calendar,"{""action"": ""get"", ""target"": ""moon""}"
הראה לי moon,clock_calendar,"{""action"": ""get"", ""target"": ""moon""}"
קבל moon,clock_calendar,"{""action"": ""get"", ""target"": ""moon""}"
אני צריך moon,clock_calendar,"{""action"": ""get"", ""target"": ""moon""}"
moon क्या है?,clock_calendar,"{""action"": ""get"", ""target"": ""moon""}"
मुझे moon बताओ,clock_calendar,"{""action"": ""get"", ""target"": ""moon""}"
moon दिखाओ,clock_calendar,"{""action"": ""get"", ""target"": ""moon""}"
moon प्राप्त करो,clock_calendar,"{""action"": ""get"", ""target"": ""moon""}"
मुझे moon चाहिए,clock_calendar,"{""action"": ""get"", ""target"": ""moon""}"
Mi az a moon?,clock_calendar,"{""action"": ""get"", ""target"": ""moon""}"
Mondd el a moon,clock_calendar,"{""action"": ""get"", ""target"": ""moon""}"
Mutasd a moon,clock_calendar,"{""action"": ""get"", ""target"": ""moon""}"
Szerezd be a moon,clock_calendar,"{""action"": ""get"", ""target"": ""moon""}"
Szükségem van a moon,clock_calendar,"{""action"": ""get"", ""target"": ""moon""}"
Apa itu moon?,clock_calendar,"{""action"": ""get"", ""target"": ""moon""}"
Beritahu saya moon,clock_calendar,"{""action"": ""get"", ""target"": ""moon""}"
Tunjukkan moon,clock_calendar,"{""action"": ""get"", ""target"": ""moon""}"
Ambil moon,clock_calendar,"{""action"": ""get"", ""target"": ""moon""}"
Saya butuh moon,clock_calendar,"{""action"": ""get"", ""target"": ""moon""}"
Cos'è moon?,clock_calendar,"{""action"": ""get"", ""target"": ""moon""}"
Dimmi moon,clock_calendar,"{""action"": ""get"", ""target"": ""moon""}"
Mostrami moon,clock_calendar,"{""action"": ""get"", ""target"": ""moon""}"
Ottieni moon,clock_calendar,"{""action"": ""get"", ""target"": ""moon""}"
Ho bisogno di moon,clock_calendar,"{""action"": ""get"", ""target"": ""moon""}"
moonは?,clock_calendar,"{""action"": ""get"", ""target"": ""moon""}"
moonを教えて,clock_calendar,"{""action"": ""get"", ""target"": ""moon""}"
moonを見せて,clock_calendar,"{""action"": ""get"", ""target"": ""moon""}"
moonを取得,clock_calendar,"{""action"": ""get"", ""target"": ""moon""}"
moonが必要,clock_calendar,"{""action"": ""get"", ""target"": ""moon""}"
moon 뭐야?,clock_calendar,"{""action"": ""get"", ""target"": ""moon""}"
moon 알려줘,clock_calendar,"{""action"": ""get"", ""target"": ""moon""}"
moon 보여줘,clock_calendar,"{""action"": ""get"", ""target"": ""moon""}"
moon 가져와,clock_calendar,"{""action"": ""get"", ""target"": ""moon""}"
moon 필요해,clock_calendar,"{""action"": ""get"", ""target"": ""moon""}"
moon काय आहे?,clock_calendar,"{""action"": ""get"", ""target"": ""moon""}"
मला moon सांगा,clock_calendar,"{""action"": ""get"", ""target"": ""moon""}"
moon दाखवा,clock_calendar,"{""action"": ""get"", ""target"": ""moon""}"
moon मिळवा,clock_calendar,"{""action"": ""get"", ""target"": ""moon""}"
मला moon हवा आहे,clock_calendar,"{""action"": ""get"", ""target"": ""moon""}"
moon چیست؟,clock_calendar,"{""action"": ""get"", ""target"": ""moon""}"
به من moon را بگو,clock_calendar,"{""action"": ""get"", ""target"": ""moon""}"
moon را نشان بده,clock_calendar,"{""action"": ""get"", ""target"": ""moon""}"
moon را بگیر,clock_calendar,"{""action"": ""get"", ""target"": ""moon""}"
من moon نیاز دارم,clock_calendar,"{""action"": ""get"", ""target"": ""moon""}"
Co to jest moon?,clock_calendar,"{""action"": ""get"", ""target"": ""moon""}"
Powiedz mi moon,clock_calendar,"{""action"": ""get"", ""target"": ""moon""}"
Pokaż moon,clock_calendar,"{""action"": ""get"", ""target"": ""moon""}"
Pobierz moon,clock_calendar,"{""action"": ""get"", ""target"": ""moon""}"
Potrzebuję moon,clock_calendar,"{""action"": ""get"", ""target"": ""moon""}"
O que é moon?,clock_calendar,"{""action"": ""get"", ""target"": ""moon""}"
Me diga moon,clock_calendar,"{""action"": ""get"", ""target"": ""moon""}"
Mostre moon,clock_calendar,"{""action"": ""get"", ""target"": ""moon""}"
Obtenha moon,clock_calendar,"{""action"": ""get"", ""target"": ""moon""}"
Preciso de moon,clock_calendar,"{""action"": ""get"", ""target"": ""moon""}"
Ce este moon?,clock_calendar,"{""action"": ""get"", ""target"": ""moon""}"
Spune-mi moon,clock_calendar,"{""action"": ""get"", ""target"": ""moon""}"
Arată-mi moon,clock_calendar,"{""action"": ""get"", ""target"": ""moon""}"
Obține moon,clock_calendar,"{""action"": ""get"", ""target"": ""moon""}"
Am nevoie de moon,clock_calendar,"{""action"": ""get"", ""target"": ""moon""}"
Что такое moon?,clock_calendar,"{""action"": ""get"", ""target"": ""moon""}"
Скажи moon,clock_calendar,"{""action"": ""get"", ""target"": ""moon""}"
Покажи moon,clock_calendar,"{""action"": ""get"", ""target"": ""moon""}"
Получи moon,clock_calendar,"{""action"": ""get"", ""target"": ""moon""}"
Мне нужен moon,clock_calendar,"{""action"": ""get"", ""target"": ""moon""}"
¿Qué es moon?,clock_calendar,"{""action"": ""get"", ""target"": ""moon""}"
Dime moon,clock_calendar,"{""action"": ""get"", ""target"": ""moon""}"
Muéstrame moon,clock_calendar,"{""action"": ""get"", ""target"": ""moon""}"
Obtén moon,clock_calendar,"{""action"": ""get"", ""target"": ""moon""}"
Necesito moon,clock_calendar,"{""action"": ""get"", ""target"": ""moon""}"
Nini moon?,clock_calendar,"{""action"": ""get"", ""target"": ""moon""}"
Niambie moon,clock_calendar,"{""action"": ""get"", ""target"": ""moon""}"
Nionyeshe moon,clock_calendar,"{""action"": ""get"", ""target"": ""moon""}"
Pata moon,clock_calendar,"{""action"": ""get"", ""target"": ""moon""}"
Ninahitaji moon,clock_calendar,"{""action"": ""get"", ""target"": ""moon""}"
moon என்ன?,clock_calendar,"{""action"": ""get"", ""target"": ""moon""}"
எனக்கு moon சொல்,clock_calendar,"{""action"": ""get"", ""target"": ""moon""}"
moon காட்டு,clock_calendar,"{""action"": ""get"", ""target"": ""moon""}"
moon எடு,clock_calendar,"{""action"": ""get"", ""target"": ""moon""}"
எனக்கு moon வேண்டும்,clock_calendar,"{""action"": ""get"", ""target"": ""moon""}"
moon ఏమిటి?,clock_calendar,"{""action"": ""get"", ""target"": ""moon""}"
నాకు moon చెప్పు,clock_calendar,"{""action"": ""get"", ""target"": ""moon""}"
moon చూపించు,clock_calendar,"{""action"": ""get"", ""target"": ""moon""}"
moon తీసుకో,clock_calendar,"{""action"": ""get"", ""target"": ""moon""}"
నాకు moon కావాలి,clock_calendar,"{""action"": ""get"", ""target"": ""moon""}"
moon คืออะไร?,clock_calendar,"{""action"": ""get"", ""target"": ""moon""}"
บอกฉันเรื่อง moon,clock_calendar,"{""action"": ""get"", ""target"": ""moon""}"
แสดง moon,clock_calendar,"{""action"": ""get"", ""target"": ""moon""}"
เอา moon มา,clock_calendar,"{""action"": ""get"", ""target"": ""moon""}"
ฉันต้องการ moon,clock_calendar,"{""action"": ""get"", ""target"": ""moon""}"
moon nedir?,clock_calendar,"{""action"": ""get"", ""target"": ""moon""}"
Bana moon söyle,clock_calendar,"{""action"": ""get"", ""target"": ""moon""}"
moon göster,clock_calendar,"{""action"": ""get"", ""target"": ""moon""}"
moon al,clock_calendar,"{""action"": ""get"", ""target"": ""moon""}"
Bana moon lazım,clock_calendar,"{""action"": ""get"", ""target"": ""moon""}"
moon کیا ہے؟,clock_calendar,"{""action"": ""get"", ""target"": ""moon""}"
مجھے moon بتاؤ,clock_calendar,"{""action"": ""get"", ""target"": ""moon""}"
moon دکھاؤ,clock_calendar,"{""action"": ""get"", ""target"": ""moon""}"
moon حاصل کرو,clock_calendar,"{""action"": ""get"", ""target"": ""moon""}"
مجھے moon چاہیے,clock_calendar,"{""action"": ""get"", ""target"": ""moon""}"
moon là gì?,clock_calendar,"{""action"": ""get"", ""target"": ""moon""}"
Cho tôi biết moon,clock_calendar,"{""action"": ""get"", ""target"": ""moon""}"
Hiển thị moon,clock_calendar,"{""action"": ""get"", ""target"": ""moon""}"
Lấy moon,clock_calendar,"{""action"": ""get"", ""target"": ""moon""}"
Tôi cần moon,clock_calendar,"{""action"": ""get"", ""target"": ""moon""}"
ما هو season؟,clock_calendar,"{""action"": ""get"", ""target"": ""season""}"
أخبرني عن season,clock_calendar,"{""action"": ""get"", ""target"": ""season""}"
اعرض لي season,clock_calendar,"{""action"": ""get"", ""target"": ""season""}"
احصل على season,clock_calendar,"{""action"": ""get"", ""target"": ""season""}"
أحتاج season,clock_calendar,"{""action"": ""get"", ""target"": ""season""}"
season কি?,clock_calendar,"{""action"": ""get"", ""target"": ""season""}"
আমাকে season বলো,clock_calendar,"{""action"": ""get"", ""target"": ""season""}"
season দেখাও,clock_calendar,"{""action"": ""get"", ""target"": ""season""}"
season নাও,clock_calendar,"{""action"": ""get"", ""target"": ""season""}"
আমার season দরকার,clock_calendar,"{""action"": ""get"", ""target"": ""season""}"
season是什么？,clock_calendar,"{""action"": ""get"", ""target"": ""season""}"
告诉我season,clock_calendar,"{""action"": ""get"", ""target"": ""season""}"
显示season,clock_calendar,"{""action"": ""get"", ""target"": ""season""}"
获取season,clock_calendar,"{""action"": ""get"", ""target"": ""season""}"
我需要season,clock_calendar,"{""action"": ""get"", ""target"": ""season""}"
Co je season?,clock_calendar,"{""action"": ""get"", ""target"": ""season""}"
Řekni mi season,clock_calendar,"{""action"": ""get"", ""target"": ""season""}"
Ukaž mi season,clock_calendar,"{""action"": ""get"", ""target"": ""season""}"
Získej season,clock_calendar,"{""action"": ""get"", ""target"": ""season""}"
Potřebuji season,clock_calendar,"{""action"": ""get"", ""target"": ""season""}"
Wat is season?,clock_calendar,"{""action"": ""get"", ""target"": ""season""}"
Vertel me season,clock_calendar,"{""action"": ""get"", ""target"": ""season""}"
Laat season zien,clock_calendar,"{""action"": ""get"", ""target"": ""season""}"
Haal season,clock_calendar,"{""action"": ""get"", ""target"": ""season""}"
Ik heb season nodig,clock_calendar,"{""action"": ""get"", ""target"": ""season""}"
What is the season?,clock_calendar,"{""action"": ""get"", ""target"": ""season""}"
Tell me the season,clock_calendar,"{""action"": ""get"", ""target"": ""season""}"
Show me season,clock_calendar,"{""action"": ""get"", ""target"": ""season""}"
Get the season,clock_calendar,"{""action"": ""get"", ""target"": ""season""}"
I need season,clock_calendar,"{""action"": ""get"", ""target"": ""season""}"
Quel est le season?,clock_calendar,"{""action"": ""get"", ""target"": ""season""}"
Dis-moi le season,clock_calendar,"{""action"": ""get"", ""target"": ""season""}"
Montre-moi season,clock_calendar,"{""action"": ""get"", ""target"": ""season""}"
Donne-moi le season,clock_calendar,"{""action"": ""get"", ""target"": ""season""}"
J'ai besoin du season,clock_calendar,"{""action"": ""get"", ""target"": ""season""}"
Was ist season?,clock_calendar,"{""action"": ""get"", ""target"": ""season""}"
Sag mir season,clock_calendar,"{""action"": ""get"", ""target"": ""season""}"
Zeig mir season,clock_calendar,"{""action"": ""get"", ""target"": ""season""}"
Hol season,clock_calendar,"{""action"": ""get"", ""target"": ""season""}"
Ich brauche season,clock_calendar,"{""action"": ""get"", ""target"": ""season""}"
Τι είναι το season;,clock_calendar,"{""action"": ""get"", ""target"": ""season""}"
Πες μου το season,clock_calendar,"{""action"": ""get"", ""target"": ""season""}"
Δείξε μου το season,clock_calendar,"{""action"": ""get"", ""target"": ""season""}"
Πάρε το season,clock_calendar,"{""action"": ""get"", ""target"": ""season""}"
Χρειάζομαι το season,clock_calendar,"{""action"": ""get"", ""target"": ""season""}"
מה זה season?,clock_calendar,"{""action"": ""get"", ""target"": ""season""}"
ספר לי על season,clock_calendar,"{""action"": ""get"", ""target"": ""season""}"
הראה לי season,clock_calendar,"{""action"": ""get"", ""target"": ""season""}"
קבל season,clock_calendar,"{""action"": ""get"", ""target"": ""season""}"
אני צריך season,clock_calendar,"{""action"": ""get"", ""target"": ""season""}"
season क्या है?,clock_calendar,"{""action"": ""get"", ""target"": ""season""}"
मुझे season बताओ,clock_calendar,"{""action"": ""get"", ""target"": ""season""}"
season दिखाओ,clock_calendar,"{""action"": ""get"", ""target"": ""season""}"
season प्राप्त करो,clock_calendar,"{""action"": ""get"", ""target"": ""season""}"
मुझे season चाहिए,clock_calendar,"{""action"": ""get"", ""target"": ""season""}"
Mi az a season?,clock_calendar,"{""action"": ""get"", ""target"": ""season""}"
Mondd el a season,clock_calendar,"{""action"": ""get"", ""target"": ""season""}"
Mutasd a season,clock_calendar,"{""action"": ""get"", ""target"": ""season""}"
Szerezd be a season,clock_calendar,"{""action"": ""get"", ""target"": ""season""}"
Szükségem van a season,clock_calendar,"{""action"": ""get"", ""target"": ""season""}"
Apa itu season?,clock_calendar,"{""action"": ""get"", ""target"": ""season""}"
Beritahu saya season,clock_calendar,"{""action"": ""get"", ""target"": ""season""}"
Tunjukkan season,clock_calendar,"{""action"": ""get"", ""target"": ""season""}"
Ambil season,clock_calendar,"{""action"": ""get"", ""target"": ""season""}"
Saya butuh season,clock_calendar,"{""action"": ""get"", ""target"": ""season""}"
Cos'è season?,clock_calendar,"{""action"": ""get"", ""target"": ""season""}"
Dimmi season,clock_calendar,"{""action"": ""get"", ""target"": ""season""}"
Mostrami season,clock_calendar,"{""action"": ""get"", ""target"": ""season""}"
Ottieni season,clock_calendar,"{""action"": ""get"", ""target"": ""season""}"
Ho bisogno di season,clock_calendar,"{""action"": ""get"", ""target"": ""season""}"
seasonは?,clock_calendar,"{""action"": ""get"", ""target"": ""season""}"
seasonを教えて,clock_calendar,"{""action"": ""get"", ""target"": ""season""}"
seasonを見せて,clock_calendar,"{""action"": ""get"", ""target"": ""season""}"
seasonを取得,clock_calendar,"{""action"": ""get"", ""target"": ""season""}"
seasonが必要,clock_calendar,"{""action"": ""get"", ""target"": ""season""}"
season 뭐야?,clock_calendar,"{""action"": ""get"", ""target"": ""season""}"
season 알려줘,clock_calendar,"{""action"": ""get"", ""target"": ""season""}"
season 보여줘,clock_calendar,"{""action"": ""get"", ""target"": ""season""}"
season 가져와,clock_calendar,"{""action"": ""get"", ""target"": ""season""}"
season 필요해,clock_calendar,"{""action"": ""get"", ""target"": ""season""}"
season काय आहे?,clock_calendar,"{""action"": ""get"", ""target"": ""season""}"
मला season सांगा,clock_calendar,"{""action"": ""get"", ""target"": ""season""}"
season दाखवा,clock_calendar,"{""action"": ""get"", ""target"": ""season""}"
season मिळवा,clock_calendar,"{""action"": ""get"", ""target"": ""season""}"
मला season हवा आहे,clock_calendar,"{""action"": ""get"", ""target"": ""season""}"
season چیست؟,clock_calendar,"{""action"": ""get"", ""target"": ""season""}"
به من season را بگو,clock_calendar,"{""action"": ""get"", ""target"": ""season""}"
season را نشان بده,clock_calendar,"{""action"": ""get"", ""target"": ""season""}"
season را بگیر,clock_calendar,"{""action"": ""get"", ""target"": ""season""}"
من season نیاز دارم,clock_calendar,"{""action"": ""get"", ""target"": ""season""}"
Co to jest season?,clock_calendar,"{""action"": ""get"", ""target"": ""season""}"
Powiedz mi season,clock_calendar,"{""action"": ""get"", ""target"": ""season""}"
Pokaż season,clock_calendar,"{""action"": ""get"", ""target"": ""season""}"
Pobierz season,clock_calendar,"{""action"": ""get"", ""target"": ""season""}"
Potrzebuję season,clock_calendar,"{""action"": ""get"", ""target"": ""season""}"
O que é season?,clock_calendar,"{""action"": ""get"", ""target"": ""season""}"
Me diga season,clock_calendar,"{""action"": ""get"", ""target"": ""season""}"
Mostre season,clock_calendar,"{""action"": ""get"", ""target"": ""season""}"
Obtenha season,clock_calendar,"{""action"": ""get"", ""target"": ""season""}"
Preciso de season,clock_calendar,"{""action"": ""get"", ""target"": ""season""}"
Ce este season?,clock_calendar,"{""action"": ""get"", ""target"": ""season""}"
Spune-mi season,clock_calendar,"{""action"": ""get"", ""target"": ""season""}"
Arată-mi season,clock_calendar,"{""action"": ""get"", ""target"": ""season""}"
Obține season,clock_calendar,"{""action"": ""get"", ""target"": ""season""}"
Am nevoie de season,clock_calendar,"{""action"": ""get"", ""target"": ""season""}"
Что такое season?,clock_calendar,"{""action"": ""get"", ""target"": ""season""}"
Скажи season,clock_calendar,"{""action"": ""get"", ""target"": ""season""}"
Покажи season,clock_calendar,"{""action"": ""get"", ""target"": ""season""}"
Получи season,clock_calendar,"{""action"": ""get"", ""target"": ""season""}"
Мне нужен season,clock_calendar,"{""action"": ""get"", ""target"": ""season""}"
¿Qué es season?,clock_calendar,"{""action"": ""get"", ""target"": ""season""}"
Dime season,clock_calendar,"{""action"": ""get"", ""target"": ""season""}"
Muéstrame season,clock_calendar,"{""action"": ""get"", ""target"": ""season""}"
Obtén season,clock_calendar,"{""action"": ""get"", ""target"": ""season""}"
Necesito season,clock_calendar,"{""action"": ""get"", ""target"": ""season""}"
Nini season?,clock_calendar,"{""action"": ""get"", ""target"": ""season""}"
Niambie season,clock_calendar,"{""action"": ""get"", ""target"": ""season""}"
Nionyeshe season,clock_calendar,"{""action"": ""get"", ""target"": ""season""}"
Pata season,clock_calendar,"{""action"": ""get"", ""target"": ""season""}"
Ninahitaji season,clock_calendar,"{""action"": ""get"", ""target"": ""season""}"
season என்ன?,clock_calendar,"{""action"": ""get"", ""target"": ""season""}"
எனக்கு season சொல்,clock_calendar,"{""action"": ""get"", ""target"": ""season""}"
season காட்டு,clock_calendar,"{""action"": ""get"", ""target"": ""season""}"
season எடு,clock_calendar,"{""action"": ""get"", ""target"": ""season""}"
எனக்கு season வேண்டும்,clock_calendar,"{""action"": ""get"", ""target"": ""season""}"
season ఏమిటి?,clock_calendar,"{""action"": ""get"", ""target"": ""season""}"
నాకు season చెప్పు,clock_calendar,"{""action"": ""get"", ""target"": ""season""}"
season చూపించు,clock_calendar,"{""action"": ""get"", ""target"": ""season""}"
season తీసుకో,clock_calendar,"{""action"": ""get"", ""target"": ""season""}"
నాకు season కావాలి,clock_calendar,"{""action"": ""get"", ""target"": ""season""}"
season คืออะไร?,clock_calendar,"{""action"": ""get"", ""target"": ""season""}"
บอกฉันเรื่อง season,clock_calendar,"{""action"": ""get"", ""target"": ""season""}"
แสดง season,clock_calendar,"{""action"": ""get"", ""target"": ""season""}"
เอา season มา,clock_calendar,"{""action"": ""get"", ""target"": ""season""}"
ฉันต้องการ season,clock_calendar,"{""action"": ""get"", ""target"": ""season""}"
season nedir?,clock_calendar,"{""action"": ""get"", ""target"": ""season""}"
Bana season söyle,clock_calendar,"{""action"": ""get"", ""target"": ""season""}"
season göster,clock_calendar,"{""action"": ""get"", ""target"": ""season""}"
season al,clock_calendar,"{""action"": ""get"", ""target"": ""season""}"
Bana season lazım,clock_calendar,"{""action"": ""get"", ""target"": ""season""}"
season کیا ہے؟,clock_calendar,"{""action"": ""get"", ""target"": ""season""}"
مجھے season بتاؤ,clock_calendar,"{""action"": ""get"", ""target"": ""season""}"
season دکھاؤ,clock_calendar,"{""action"": ""get"", ""target"": ""season""}"
season حاصل کرو,clock_calendar,"{""action"": ""get"", ""target"": ""season""}"
مجھے season چاہیے,clock_calendar,"{""action"": ""get"", ""target"": ""season""}"
season là gì?,clock_calendar,"{""action"": ""get"", ""target"": ""season""}"
Cho tôi biết season,clock_calendar,"{""action"": ""get"", ""target"": ""season""}"
Hiển thị season,clock_calendar,"{""action"": ""get"", ""target"": ""season""}"
Lấy season,clock_calendar,"{""action"": ""get"", ""target"": ""season""}"
Tôi cần season,clock_calendar,"{""action"": ""get"", ""target"": ""season""}"
ما هو sun؟,clock_calendar,"{""action"": ""get"", ""target"": ""sun""}"
أخبرني عن sun,clock_calendar,"{""action"": ""get"", ""target"": ""sun""}"
اعرض لي sun,clock_calendar,"{""action"": ""get"", ""target"": ""sun""}"
احصل على sun,clock_calendar,"{""action"": ""get"", ""target"": ""sun""}"
أحتاج sun,clock_calendar,"{""action"": ""get"", ""target"": ""sun""}"
sun কি?,clock_calendar,"{""action"": ""get"", ""target"": ""sun""}"
আমাকে sun বলো,clock_calendar,"{""action"": ""get"", ""target"": ""sun""}"
sun দেখাও,clock_calendar,"{""action"": ""get"", ""target"": ""sun""}"
sun নাও,clock_calendar,"{""action"": ""get"", ""target"": ""sun""}"
আমার sun দরকার,clock_calendar,"{""action"": ""get"", ""target"": ""sun""}"
sun是什么？,clock_calendar,"{""action"": ""get"", ""target"": ""sun""}"
告诉我sun,clock_calendar,"{""action"": ""get"", ""target"": ""sun""}"
显示sun,clock_calendar,"{""action"": ""get"", ""target"": ""sun""}"
获取sun,clock_calendar,"{""action"": ""get"", ""target"": ""sun""}"
我需要sun,clock_calendar,"{""action"": ""get"", ""target"": ""sun""}"
Co je sun?,clock_calendar,"{""action"": ""get"", ""target"": ""sun""}"
Řekni mi sun,clock_calendar,"{""action"": ""get"", ""target"": ""sun""}"
Ukaž mi sun,clock_calendar,"{""action"": ""get"", ""target"": ""sun""}"
Získej sun,clock_calendar,"{""action"": ""get"", ""target"": ""sun""}"
Potřebuji sun,clock_calendar,"{""action"": ""get"", ""target"": ""sun""}"
Wat is sun?,clock_calendar,"{""action"": ""get"", ""target"": ""sun""}"
Vertel me sun,clock_calendar,"{""action"": ""get"", ""target"": ""sun""}"
Laat sun zien,clock_calendar,"{""action"": ""get"", ""target"": ""sun""}"
Haal sun,clock_calendar,"{""action"": ""get"", ""target"": ""sun""}"
Ik heb sun nodig,clock_calendar,"{""action"": ""get"", ""target"": ""sun""}"
What is the sun?,clock_calendar,"{""action"": ""get"", ""target"": ""sun""}"
Tell me the sun,clock_calendar,"{""action"": ""get"", ""target"": ""sun""}"
Show me sun,clock_calendar,"{""action"": ""get"", ""target"": ""sun""}"
Get the sun,clock_calendar,"{""action"": ""get"", ""target"": ""sun""}"
I need sun,clock_calendar,"{""action"": ""get"", ""target"": ""sun""}"
Quel est le sun?,clock_calendar,"{""action"": ""get"", ""target"": ""sun""}"
Dis-moi le sun,clock_calendar,"{""action"": ""get"", ""target"": ""sun""}"
Montre-moi sun,clock_calendar,"{""action"": ""get"", ""target"": ""sun""}"
Donne-moi le sun,clock_calendar,"{""action"": ""get"", ""target"": ""sun""}"
J'ai besoin du sun,clock_calendar,"{""action"": ""get"", ""target"": ""sun""}"
Was ist sun?,clock_calendar,"{""action"": ""get"", ""target"": ""sun""}"
Sag mir sun,clock_calendar,"{""action"": ""get"", ""target"": ""sun""}"
Zeig mir sun,clock_calendar,"{""action"": ""get"", ""target"": ""sun""}"
Hol sun,clock_calendar,"{""action"": ""get"", ""target"": ""sun""}"
Ich brauche sun,clock_calendar,"{""action"": ""get"", ""target"": ""sun""}"
Τι είναι το sun;,clock_calendar,"{""action"": ""get"", ""target"": ""sun""}"
Πες μου το sun,clock_calendar,"{""action"": ""get"", ""target"": ""sun""}"
Δείξε μου το sun,clock_calendar,"{""action"": ""get"", ""target"": ""sun""}"
Πάρε το sun,clock_calendar,"{""action"": ""get"", ""target"": ""sun""}"
Χρειάζομαι το sun,clock_calendar,"{""action"": ""get"", ""target"": ""sun""}"
מה זה sun?,clock_calendar,"{""action"": ""get"", ""target"": ""sun""}"
ספר לי על sun,clock_calendar,"{""action"": ""get"", ""target"": ""sun""}"
הראה לי sun,clock_calendar,"{""action"": ""get"", ""target"": ""sun""}"
קבל sun,clock_calendar,"{""action"": ""get"", ""target"": ""sun""}"
אני צריך sun,clock_calendar,"{""action"": ""get"", ""target"": ""sun""}"
sun क्या है?,clock_calendar,"{""action"": ""get"", ""target"": ""sun""}"
मुझे sun बताओ,clock_calendar,"{""action"": ""get"", ""target"": ""sun""}"
sun दिखाओ,clock_calendar,"{""action"": ""get"", ""target"": ""sun""}"
sun प्राप्त करो,clock_calendar,"{""action"": ""get"", ""target"": ""sun""}"
मुझे sun चाहिए,clock_calendar,"{""action"": ""get"", ""target"": ""sun""}"
Mi az a sun?,clock_calendar,"{""action"": ""get"", ""target"": ""sun""}"
Mondd el a sun,clock_calendar,"{""action"": ""get"", ""target"": ""sun""}"
Mutasd a sun,clock_calendar,"{""action"": ""get"", ""target"": ""sun""}"
Szerezd be a sun,clock_calendar,"{""action"": ""get"", ""target"": ""sun""}"
Szükségem van a sun,clock_calendar,"{""action"": ""get"", ""target"": ""sun""}"
Apa itu sun?,clock_calendar,"{""action"": ""get"", ""target"": ""sun""}"
Beritahu saya sun,clock_calendar,"{""action"": ""get"", ""target"": ""sun""}"
Tunjukkan sun,clock_calendar,"{""action"": ""get"", ""target"": ""sun""}"
Ambil sun,clock_calendar,"{""action"": ""get"", ""target"": ""sun""}"
Saya butuh sun,clock_calendar,"{""action"": ""get"", ""target"": ""sun""}"
Cos'è sun?,clock_calendar,"{""action"": ""get"", ""target"": ""sun""}"
Dimmi sun,clock_calendar,"{""action"": ""get"", ""target"": ""sun""}"
Mostrami sun,clock_calendar,"{""action"": ""get"", ""target"": ""sun""}"
Ottieni sun,clock_calendar,"{""action"": ""get"", ""target"": ""sun""}"
Ho bisogno di sun,clock_calendar,"{""action"": ""get"", ""target"": ""sun""}"
sunは?,clock_calendar,"{""action"": ""get"", ""target"": ""sun""}"
sunを教えて,clock_calendar,"{""action"": ""get"", ""target"": ""sun""}"
sunを見せて,clock_calendar,"{""action"": ""get"", ""target"": ""sun""}"
sunを取得,clock_calendar,"{""action"": ""get"", ""target"": ""sun""}"
sunが必要,clock_calendar,"{""action"": ""get"", ""target"": ""sun""}"
sun 뭐야?,clock_calendar,"{""action"": ""get"", ""target"": ""sun""}"
sun 알려줘,clock_calendar,"{""action"": ""get"", ""target"": ""sun""}"
sun 보여줘,clock_calendar,"{""action"": ""get"", ""target"": ""sun""}"
sun 가져와,clock_calendar,"{""action"": ""get"", ""target"": ""sun""}"
sun 필요해,clock_calendar,"{""action"": ""get"", ""target"": ""sun""}"
sun काय आहे?,clock_calendar,"{""action"": ""get"", ""target"": ""sun""}"
मला sun सांगा,clock_calendar,"{""action"": ""get"", ""target"": ""sun""}"
sun दाखवा,clock_calendar,"{""action"": ""get"", ""target"": ""sun""}"
sun मिळवा,clock_calendar,"{""action"": ""get"", ""target"": ""sun""}"
मला sun हवा आहे,clock_calendar,"{""action"": ""get"", ""target"": ""sun""}"
sun چیست؟,clock_calendar,"{""action"": ""get"", ""target"": ""sun""}"
به من sun را بگو,clock_calendar,"{""action"": ""get"", ""target"": ""sun""}"
sun را نشان بده,clock_calendar,"{""action"": ""get"", ""target"": ""sun""}"
sun را بگیر,clock_calendar,"{""action"": ""get"", ""target"": ""sun""}"
من sun نیاز دارم,clock_calendar,"{""action"": ""get"", ""target"": ""sun""}"
Co to jest sun?,clock_calendar,"{""action"": ""get"", ""target"": ""sun""}"
Powiedz mi sun,clock_calendar,"{""action"": ""get"", ""target"": ""sun""}"
Pokaż sun,clock_calendar,"{""action"": ""get"", ""target"": ""sun""}"
Pobierz sun,clock_calendar,"{""action"": ""get"", ""target"": ""sun""}"
Potrzebuję sun,clock_calendar,"{""action"": ""get"", ""target"": ""sun""}"
O que é sun?,clock_calendar,"{""action"": ""get"", ""target"": ""sun""}"
Me diga sun,clock_calendar,"{""action"": ""get"", ""target"": ""sun""}"
Mostre sun,clock_calendar,"{""action"": ""get"", ""target"": ""sun""}"
Obtenha sun,clock_calendar,"{""action"": ""get"", ""target"": ""sun""}"
Preciso de sun,clock_calendar,"{""action"": ""get"", ""target"": ""sun""}"
Ce este sun?,clock_calendar,"{""action"": ""get"", ""target"": ""sun""}"
Spune-mi sun,clock_calendar,"{""action"": ""get"", ""target"": ""sun""}"
Arată-mi sun,clock_calendar,"{""action"": ""get"", ""target"": ""sun""}"
Obține sun,clock_calendar,"{""action"": ""get"", ""target"": ""sun""}"
Am nevoie de sun,clock_calendar,"{""action"": ""get"", ""target"": ""sun""}"
Что такое sun?,clock_calendar,"{""action"": ""get"", ""target"": ""sun""}"
Скажи sun,clock_calendar,"{""action"": ""get"", ""target"": ""sun""}"
Покажи sun,clock_calendar,"{""action"": ""get"", ""target"": ""sun""}"
Получи sun,clock_calendar,"{""action"": ""get"", ""target"": ""sun""}"
Мне нужен sun,clock_calendar,"{""action"": ""get"", ""target"": ""sun""}"
¿Qué es sun?,clock_calendar,"{""action"": ""get"", ""target"": ""sun""}"
Dime sun,clock_calendar,"{""action"": ""get"", ""target"": ""sun""}"
Muéstrame sun,clock_calendar,"{""action"": ""get"", ""target"": ""sun""}"
Obtén sun,clock_calendar,"{""action"": ""get"", ""target"": ""sun""}"
Necesito sun,clock_calendar,"{""action"": ""get"", ""target"": ""sun""}"
Nini sun?,clock_calendar,"{""action"": ""get"", ""target"": ""sun""}"
Niambie sun,clock_calendar,"{""action"": ""get"", ""target"": ""sun""}"
Nionyeshe sun,clock_calendar,"{""action"": ""get"", ""target"": ""sun""}"
Pata sun,clock_calendar,"{""action"": ""get"", ""target"": ""sun""}"
Ninahitaji sun,clock_calendar,"{""action"": ""get"", ""target"": ""sun""}"
sun என்ன?,clock_calendar,"{""action"": ""get"", ""target"": ""sun""}"
எனக்கு sun சொல்,clock_calendar,"{""action"": ""get"", ""target"": ""sun""}"
sun காட்டு,clock_calendar,"{""action"": ""get"", ""target"": ""sun""}"
sun எடு,clock_calendar,"{""action"": ""get"", ""target"": ""sun""}"
எனக்கு sun வேண்டும்,clock_calendar,"{""action"": ""get"", ""target"": ""sun""}"
sun ఏమిటి?,clock_calendar,"{""action"": ""get"", ""target"": ""sun""}"
నాకు sun చెప్పు,clock_calendar,"{""action"": ""get"", ""target"": ""sun""}"
sun చూపించు,clock_calendar,"{""action"": ""get"", ""target"": ""sun""}"
sun తీసుకో,clock_calendar,"{""action"": ""get"", ""target"": ""sun""}"
నాకు sun కావాలి,clock_calendar,"{""action"": ""get"", ""target"": ""sun""}"
sun คืออะไร?,clock_calendar,"{""action"": ""get"", ""target"": ""sun""}"
บอกฉันเรื่อง sun,clock_calendar,"{""action"": ""get"", ""target"": ""sun""}"
แสดง sun,clock_calendar,"{""action"": ""get"", ""target"": ""sun""}"
เอา sun มา,clock_calendar,"{""action"": ""get"", ""target"": ""sun""}"
ฉันต้องการ sun,clock_calendar,"{""action"": ""get"", ""target"": ""sun""}"
sun nedir?,clock_calendar,"{""action"": ""get"", ""target"": ""sun""}"
Bana sun söyle,clock_calendar,"{""action"": ""get"", ""target"": ""sun""}"
sun göster,clock_calendar,"{""action"": ""get"", ""target"": ""sun""}"
sun al,clock_calendar,"{""action"": ""get"", ""target"": ""sun""}"
Bana sun lazım,clock_calendar,"{""action"": ""get"", ""target"": ""sun""}"
sun کیا ہے؟,clock_calendar,"{""action"": ""get"", ""target"": ""sun""}"
مجھے sun بتاؤ,clock_calendar,"{""action"": ""get"", ""target"": ""sun""}"
sun دکھاؤ,clock_calendar,"{""action"": ""get"", ""target"": ""sun""}"
sun حاصل کرو,clock_calendar,"{""action"": ""get"", ""target"": ""sun""}"
مجھے sun چاہیے,clock_calendar,"{""action"": ""get"", ""target"": ""sun""}"
sun là gì?,clock_calendar,"{""action"": ""get"", ""target"": ""sun""}"
Cho tôi biết sun,clock_calendar,"{""action"": ""get"", ""target"": ""sun""}"
Hiển thị sun,clock_calendar,"{""action"": ""get"", ""target"": ""sun""}"
Lấy sun,clock_calendar,"{""action"": ""get"", ""target"": ""sun""}"
Tôi cần sun,clock_calendar,"{""action"": ""get"", ""target"": ""sun""}"
ما هو alarms؟,clock_calendar,"{""action"": ""get"", ""target"": ""alarms""}"
أخبرني عن alarms,clock_calendar,"{""action"": ""get"", ""target"": ""alarms""}"
اعرض لي alarms,clock_calendar,"{""action"": ""get"", ""target"": ""alarms""}"
احصل على alarms,clock_calendar,"{""action"": ""get"", ""target"": ""alarms""}"
أحتاج alarms,clock_calendar,"{""action"": ""get"", ""target"": ""alarms""}"
alarms কি?,clock_calendar,"{""action"": ""get"", ""target"": ""alarms""}"
আমাকে alarms বলো,clock_calendar,"{""action"": ""get"", ""target"": ""alarms""}"
alarms দেখাও,clock_calendar,"{""action"": ""get"", ""target"": ""alarms""}"
alarms নাও,clock_calendar,"{""action"": ""get"", ""target"": ""alarms""}"
আমার alarms দরকার,clock_calendar,"{""action"": ""get"", ""target"": ""alarms""}"
alarms是什么？,clock_calendar,"{""action"": ""get"", ""target"": ""alarms""}"
告诉我alarms,clock_calendar,"{""action"": ""get"", ""target"": ""alarms""}"
显示alarms,clock_calendar,"{""action"": ""get"", ""target"": ""alarms""}"
获取alarms,clock_calendar,"{""action"": ""get"", ""target"": ""alarms""}"
我需要alarms,clock_calendar,"{""action"": ""get"", ""target"": ""alarms""}"
Co je alarms?,clock_calendar,"{""action"": ""get"", ""target"": ""alarms""}"
Řekni mi alarms,clock_calendar,"{""action"": ""get"", ""target"": ""alarms""}"
Ukaž mi alarms,clock_calendar,"{""action"": ""get"", ""target"": ""alarms""}"
Získej alarms,clock_calendar,"{""action"": ""get"", ""target"": ""alarms""}"
Potřebuji alarms,clock_calendar,"{""action"": ""get"", ""target"": ""alarms""}"
Wat is alarms?,clock_calendar,"{""action"": ""get"", ""target"": ""alarms""}"
Vertel me alarms,clock_calendar,"{""action"": ""get"", ""target"": ""alarms""}"
Laat alarms zien,clock_calendar,"{""action"": ""get"", ""target"": ""alarms""}"
Haal alarms,clock_calendar,"{""action"": ""get"", ""target"": ""alarms""}"
Ik heb alarms nodig,clock_calendar,"{""action"": ""get"", ""target"": ""alarms""}"
What is the alarms?,clock_calendar,"{""action"": ""get"", ""target"": ""alarms""}"
Tell me the alarms,clock_calendar,"{""action"": ""get"", ""target"": ""alarms""}"
Show me alarms,clock_calendar,"{""action"": ""get"", ""target"": ""alarms""}"
Get the alarms,clock_calendar,"{""action"": ""get"", ""target"": ""alarms""}"
I need alarms,clock_calendar,"{""action"": ""get"", ""target"": ""alarms""}"
Quel est le alarms?,clock_calendar,"{""action"": ""get"", ""target"": ""alarms""}"
Dis-moi le alarms,clock_calendar,"{""action"": ""get"", ""target"": ""alarms""}"
Montre-moi alarms,clock_calendar,"{""action"": ""get"", ""target"": ""alarms""}"
Donne-moi le alarms,clock_calendar,"{""action"": ""get"", ""target"": ""alarms""}"
J'ai besoin du alarms,clock_calendar,"{""action"": ""get"", ""target"": ""alarms""}"
Was ist alarms?,clock_calendar,"{""action"": ""get"", ""target"": ""alarms""}"
Sag mir alarms,clock_calendar,"{""action"": ""get"", ""target"": ""alarms""}"
Zeig mir alarms,clock_calendar,"{""action"": ""get"", ""target"": ""alarms""}"
Hol alarms,clock_calendar,"{""action"": ""get"", ""target"": ""alarms""}"
Ich brauche alarms,clock_calendar,"{""action"": ""get"", ""target"": ""alarms""}"
Τι είναι το alarms;,clock_calendar,"{""action"": ""get"", ""target"": ""alarms""}"
Πες μου το alarms,clock_calendar,"{""action"": ""get"", ""target"": ""alarms""}"
Δείξε μου το alarms,clock_calendar,"{""action"": ""get"", ""target"": ""alarms""}"
Πάρε το alarms,clock_calendar,"{""action"": ""get"", ""target"": ""alarms""}"
Χρειάζομαι το alarms,clock_calendar,"{""action"": ""get"", ""target"": ""alarms""}"
מה זה alarms?,clock_calendar,"{""action"": ""get"", ""target"": ""alarms""}"
ספר לי על alarms,clock_calendar,"{""action"": ""get"", ""target"": ""alarms""}"
הראה לי alarms,clock_calendar,"{""action"": ""get"", ""target"": ""alarms""}"
קבל alarms,clock_calendar,"{""action"": ""get"", ""target"": ""alarms""}"
אני צריך alarms,clock_calendar,"{""action"": ""get"", ""target"": ""alarms""}"
alarms क्या है?,clock_calendar,"{""action"": ""get"", ""target"": ""alarms""}"
मुझे alarms बताओ,clock_calendar,"{""action"": ""get"", ""target"": ""alarms""}"
alarms दिखाओ,clock_calendar,"{""action"": ""get"", ""target"": ""alarms""}"
alarms प्राप्त करो,clock_calendar,"{""action"": ""get"", ""target"": ""alarms""}"
मुझे alarms चाहिए,clock_calendar,"{""action"": ""get"", ""target"": ""alarms""}"
Mi az a alarms?,clock_calendar,"{""action"": ""get"", ""target"": ""alarms""}"
Mondd el a alarms,clock_calendar,"{""action"": ""get"", ""target"": ""alarms""}"
Mutasd a alarms,clock_calendar,"{""action"": ""get"", ""target"": ""alarms""}"
Szerezd be a alarms,clock_calendar,"{""action"": ""get"", ""target"": ""alarms""}"
Szükségem van a alarms,clock_calendar,"{""action"": ""get"", ""target"": ""alarms""}"
Apa itu alarms?,clock_calendar,"{""action"": ""get"", ""target"": ""alarms""}"
Beritahu saya alarms,clock_calendar,"{""action"": ""get"", ""target"": ""alarms""}"
Tunjukkan alarms,clock_calendar,"{""action"": ""get"", ""target"": ""alarms""}"
Ambil alarms,clock_calendar,"{""action"": ""get"", ""target"": ""alarms""}"
Saya butuh alarms,clock_calendar,"{""action"": ""get"", ""target"": ""alarms""}"
Cos'è alarms?,clock_calendar,"{""action"": ""get"", ""target"": ""alarms""}"
Dimmi alarms,clock_calendar,"{""action"": ""get"", ""target"": ""alarms""}"
Mostrami alarms,clock_calendar,"{""action"": ""get"", ""target"": ""alarms""}"
Ottieni alarms,clock_calendar,"{""action"": ""get"", ""target"": ""alarms""}"
Ho bisogno di alarms,clock_calendar,"{""action"": ""get"", ""target"": ""alarms""}"
alarmsは?,clock_calendar,"{""action"": ""get"", ""target"": ""alarms""}"
alarmsを教えて,clock_calendar,"{""action"": ""get"", ""target"": ""alarms""}"
alarmsを見せて,clock_calendar,"{""action"": ""get"", ""target"": ""alarms""}"
alarmsを取得,clock_calendar,"{""action"": ""get"", ""target"": ""alarms""}"
alarmsが必要,clock_calendar,"{""action"": ""get"", ""target"": ""alarms""}"
alarms 뭐야?,clock_calendar,"{""action"": ""get"", ""target"": ""alarms""}"
alarms 알려줘,clock_calendar,"{""action"": ""get"", ""target"": ""alarms""}"
alarms 보여줘,clock_calendar,"{""action"": ""get"", ""target"": ""alarms""}"
alarms 가져와,clock_calendar,"{""action"": ""get"", ""target"": ""alarms""}"
alarms 필요해,clock_calendar,"{""action"": ""get"", ""target"": ""alarms""}"
alarms काय आहे?,clock_calendar,"{""action"": ""get"", ""target"": ""alarms""}"
मला alarms सांगा,clock_calendar,"{""action"": ""get"", ""target"": ""alarms""}"
alarms दाखवा,clock_calendar,"{""action"": ""get"", ""target"": ""alarms""}"
alarms मिळवा,clock_calendar,"{""action"": ""get"", ""target"": ""alarms""}"
मला alarms हवा आहे,clock_calendar,"{""action"": ""get"", ""target"": ""alarms""}"
alarms چیست؟,clock_calendar,"{""action"": ""get"", ""target"": ""alarms""}"
به من alarms را بگو,clock_calendar,"{""action"": ""get"", ""target"": ""alarms""}"
alarms را نشان بده,clock_calendar,"{""action"": ""get"", ""target"": ""alarms""}"
alarms را بگیر,clock_calendar,"{""action"": ""get"", ""target"": ""alarms""}"
من alarms نیاز دارم,clock_calendar,"{""action"": ""get"", ""target"": ""alarms""}"
Co to jest alarms?,clock_calendar,"{""action"": ""get"", ""target"": ""alarms""}"
Powiedz mi alarms,clock_calendar,"{""action"": ""get"", ""target"": ""alarms""}"
Pokaż alarms,clock_calendar,"{""action"": ""get"", ""target"": ""alarms""}"
Pobierz alarms,clock_calendar,"{""action"": ""get"", ""target"": ""alarms""}"
Potrzebuję alarms,clock_calendar,"{""action"": ""get"", ""target"": ""alarms""}"
O que é alarms?,clock_calendar,"{""action"": ""get"", ""target"": ""alarms""}"
Me diga alarms,clock_calendar,"{""action"": ""get"", ""target"": ""alarms""}"
Mostre alarms,clock_calendar,"{""action"": ""get"", ""target"": ""alarms""}"
Obtenha alarms,clock_calendar,"{""action"": ""get"", ""target"": ""alarms""}"
Preciso de alarms,clock_calendar,"{""action"": ""get"", ""target"": ""alarms""}"
Ce este alarms?,clock_calendar,"{""action"": ""get"", ""target"": ""alarms""}"
Spune-mi alarms,clock_calendar,"{""action"": ""get"", ""target"": ""alarms""}"
Arată-mi alarms,clock_calendar,"{""action"": ""get"", ""target"": ""alarms""}"
Obține alarms,clock_calendar,"{""action"": ""get"", ""target"": ""alarms""}"
Am nevoie de alarms,clock_calendar,"{""action"": ""get"", ""target"": ""alarms""}"
Что такое alarms?,clock_calendar,"{""action"": ""get"", ""target"": ""alarms""}"
Скажи alarms,clock_calendar,"{""action"": ""get"", ""target"": ""alarms""}"
Покажи alarms,clock_calendar,"{""action"": ""get"", ""target"": ""alarms""}"
Получи alarms,clock_calendar,"{""action"": ""get"", ""target"": ""alarms""}"
Мне нужен alarms,clock_calendar,"{""action"": ""get"", ""target"": ""alarms""}"
¿Qué es alarms?,clock_calendar,"{""action"": ""get"", ""target"": ""alarms""}"
Dime alarms,clock_calendar,"{""action"": ""get"", ""target"": ""alarms""}"
Muéstrame alarms,clock_calendar,"{""action"": ""get"", ""target"": ""alarms""}"
Obtén alarms,clock_calendar,"{""action"": ""get"", ""target"": ""alarms""}"
Necesito alarms,clock_calendar,"{""action"": ""get"", ""target"": ""alarms""}"
Nini alarms?,clock_calendar,"{""action"": ""get"", ""target"": ""alarms""}"
Niambie alarms,clock_calendar,"{""action"": ""get"", ""target"": ""alarms""}"
Nionyeshe alarms,clock_calendar,"{""action"": ""get"", ""target"": ""alarms""}"
Pata alarms,clock_calendar,"{""action"": ""get"", ""target"": ""alarms""}"
Ninahitaji alarms,clock_calendar,"{""action"": ""get"", ""target"": ""alarms""}"
alarms என்ன?,clock_calendar,"{""action"": ""get"", ""target"": ""alarms""}"
எனக்கு alarms சொல்,clock_calendar,"{""action"": ""get"", ""target"": ""alarms""}"
alarms காட்டு,clock_calendar,"{""action"": ""get"", ""target"": ""alarms""}"
alarms எடு,clock_calendar,"{""action"": ""get"", ""target"": ""alarms""}"
எனக்கு alarms வேண்டும்,clock_calendar,"{""action"": ""get"", ""target"": ""alarms""}"
alarms ఏమిటి?,clock_calendar,"{""action"": ""get"", ""target"": ""alarms""}"
నాకు alarms చెప్పు,clock_calendar,"{""action"": ""get"", ""target"": ""alarms""}"
alarms చూపించు,clock_calendar,"{""action"": ""get"", ""target"": ""alarms""}"
alarms తీసుకో,clock_calendar,"{""action"": ""get"", ""target"": ""alarms""}"
నాకు alarms కావాలి,clock_calendar,"{""action"": ""get"", ""target"": ""alarms""}"
alarms คืออะไร?,clock_calendar,"{""action"": ""get"", ""target"": ""alarms""}"
บอกฉันเรื่อง alarms,clock_calendar,"{""action"": ""get"", ""target"": ""alarms""}"
แสดง alarms,clock_calendar,"{""action"": ""get"", ""target"": ""alarms""}"
เอา alarms มา,clock_calendar,"{""action"": ""get"", ""target"": ""alarms""}"
ฉันต้องการ alarms,clock_calendar,"{""action"": ""get"", ""target"": ""alarms""}"
alarms nedir?,clock_calendar,"{""action"": ""get"", ""target"": ""alarms""}"
Bana alarms söyle,clock_calendar,"{""action"": ""get"", ""target"": ""alarms""}"
alarms göster,clock_calendar,"{""action"": ""get"", ""target"": ""alarms""}"
alarms al,clock_calendar,"{""action"": ""get"", ""target"": ""alarms""}"
Bana alarms lazım,clock_calendar,"{""action"": ""get"", ""target"": ""alarms""}"
alarms کیا ہے؟,clock_calendar,"{""action"": ""get"", ""target"": ""alarms""}"
مجھے alarms بتاؤ,clock_calendar,"{""action"": ""get"", ""target"": ""alarms""}"
alarms دکھاؤ,clock_calendar,"{""action"": ""get"", ""target"": ""alarms""}"
alarms حاصل کرو,clock_calendar,"{""action"": ""get"", ""target"": ""alarms""}"
مجھے alarms چاہیے,clock_calendar,"{""action"": ""get"", ""target"": ""alarms""}"
alarms là gì?,clock_calendar,"{""action"": ""get"", ""target"": ""alarms""}"
Cho tôi biết alarms,clock_calendar,"{""action"": ""get"", ""target"": ""alarms""}"
Hiển thị alarms,clock_calendar,"{""action"": ""get"", ""target"": ""alarms""}"
Lấy alarms,clock_calendar,"{""action"": ""get"", ""target"": ""alarms""}"
Tôi cần alarms,clock_calendar,"{""action"": ""get"", ""target"": ""alarms""}"
ما هو timers؟,clock_calendar,"{""action"": ""get"", ""target"": ""timers""}"
أخبرني عن timers,clock_calendar,"{""action"": ""get"", ""target"": ""timers""}"
اعرض لي timers,clock_calendar,"{""action"": ""get"", ""target"": ""timers""}"
احصل على timers,clock_calendar,"{""action"": ""get"", ""target"": ""timers""}"
أحتاج timers,clock_calendar,"{""action"": ""get"", ""target"": ""timers""}"
timers কি?,clock_calendar,"{""action"": ""get"", ""target"": ""timers""}"
আমাকে timers বলো,clock_calendar,"{""action"": ""get"", ""target"": ""timers""}"
timers দেখাও,clock_calendar,"{""action"": ""get"", ""target"": ""timers""}"
timers নাও,clock_calendar,"{""action"": ""get"", ""target"": ""timers""}"
আমার timers দরকার,clock_calendar,"{""action"": ""get"", ""target"": ""timers""}"
timers是什么？,clock_calendar,"{""action"": ""get"", ""target"": ""timers""}"
告诉我timers,clock_calendar,"{""action"": ""get"", ""target"": ""timers""}"
显示timers,clock_calendar,"{""action"": ""get"", ""target"": ""timers""}"
获取timers,clock_calendar,"{""action"": ""get"", ""target"": ""timers""}"
我需要timers,clock_calendar,"{""action"": ""get"", ""target"": ""timers""}"
Co je timers?,clock_calendar,"{""action"": ""get"", ""target"": ""timers""}"
Řekni mi timers,clock_calendar,"{""action"": ""get"", ""target"": ""timers""}"
Ukaž mi timers,clock_calendar,"{""action"": ""get"", ""target"": ""timers""}"
Získej timers,clock_calendar,"{""action"": ""get"", ""target"": ""timers""}"
Potřebuji timers,clock_calendar,"{""action"": ""get"", ""target"": ""timers""}"
Wat is timers?,clock_calendar,"{""action"": ""get"", ""target"": ""timers""}"
Vertel me timers,clock_calendar,"{""action"": ""get"", ""target"": ""timers""}"
Laat timers zien,clock_calendar,"{""action"": ""get"", ""target"": ""timers""}"
Haal timers,clock_calendar,"{""action"": ""get"", ""target"": ""timers""}"
Ik heb timers nodig,clock_calendar,"{""action"": ""get"", ""target"": ""timers""}"
What is the timers?,clock_calendar,"{""action"": ""get"", ""target"": ""timers""}"
Tell me the timers,clock_calendar,"{""action"": ""get"", ""target"": ""timers""}"
Show me timers,clock_calendar,"{""action"": ""get"", ""target"": ""timers""}"
Get the timers,clock_calendar,"{""action"": ""get"", ""target"": ""timers""}"
I need timers,clock_calendar,"{""action"": ""get"", ""target"": ""timers""}"
Quel est le timers?,clock_calendar,"{""action"": ""get"", ""target"": ""timers""}"
Dis-moi le timers,clock_calendar,"{""action"": ""get"", ""target"": ""timers""}"
Montre-moi timers,clock_calendar,"{""action"": ""get"", ""target"": ""timers""}"
Donne-moi le timers,clock_calendar,"{""action"": ""get"", ""target"": ""timers""}"
J'ai besoin du timers,clock_calendar,"{""action"": ""get"", ""target"": ""timers""}"
Was ist timers?,clock_calendar,"{""action"": ""get"", ""target"": ""timers""}"
Sag mir timers,clock_calendar,"{""action"": ""get"", ""target"": ""timers""}"
Zeig mir timers,clock_calendar,"{""action"": ""get"", ""target"": ""timers""}"
Hol timers,clock_calendar,"{""action"": ""get"", ""target"": ""timers""}"
Ich brauche timers,clock_calendar,"{""action"": ""get"", ""target"": ""timers""}"
Τι είναι το timers;,clock_calendar,"{""action"": ""get"", ""target"": ""timers""}"
Πες μου το timers,clock_calendar,"{""action"": ""get"", ""target"": ""timers""}"
Δείξε μου το timers,clock_calendar,"{""action"": ""get"", ""target"": ""timers""}"
Πάρε το timers,clock_calendar,"{""action"": ""get"", ""target"": ""timers""}"
Χρειάζομαι το timers,clock_calendar,"{""action"": ""get"", ""target"": ""timers""}"
מה זה timers?,clock_calendar,"{""action"": ""get"", ""target"": ""timers""}"
ספר לי על timers,clock_calendar,"{""action"": ""get"", ""target"": ""timers""}"
הראה לי timers,clock_calendar,"{""action"": ""get"", ""target"": ""timers""}"
קבל timers,clock_calendar,"{""action"": ""get"", ""target"": ""timers""}"
אני צריך timers,clock_calendar,"{""action"": ""get"", ""target"": ""timers""}"
timers क्या है?,clock_calendar,"{""action"": ""get"", ""target"": ""timers""}"
मुझे timers बताओ,clock_calendar,"{""action"": ""get"", ""target"": ""timers""}"
timers दिखाओ,clock_calendar,"{""action"": ""get"", ""target"": ""timers""}"
timers प्राप्त करो,clock_calendar,"{""action"": ""get"", ""target"": ""timers""}"
मुझे timers चाहिए,clock_calendar,"{""action"": ""get"", ""target"": ""timers""}"
Mi az a timers?,clock_calendar,"{""action"": ""get"", ""target"": ""timers""}"
Mondd el a timers,clock_calendar,"{""action"": ""get"", ""target"": ""timers""}"
Mutasd a timers,clock_calendar,"{""action"": ""get"", ""target"": ""timers""}"
Szerezd be a timers,clock_calendar,"{""action"": ""get"", ""target"": ""timers""}"
Szükségem van a timers,clock_calendar,"{""action"": ""get"", ""target"": ""timers""}"
Apa itu timers?,clock_calendar,"{""action"": ""get"", ""target"": ""timers""}"
Beritahu saya timers,clock_calendar,"{""action"": ""get"", ""target"": ""timers""}"
Tunjukkan timers,clock_calendar,"{""action"": ""get"", ""target"": ""timers""}"
Ambil timers,clock_calendar,"{""action"": ""get"", ""target"": ""timers""}"
Saya butuh timers,clock_calendar,"{""action"": ""get"", ""target"": ""timers""}"
Cos'è timers?,clock_calendar,"{""action"": ""get"", ""target"": ""timers""}"
Dimmi timers,clock_calendar,"{""action"": ""get"", ""target"": ""timers""}"
Mostrami timers,clock_calendar,"{""action"": ""get"", ""target"": ""timers""}"
Ottieni timers,clock_calendar,"{""action"": ""get"", ""target"": ""timers""}"
Ho bisogno di timers,clock_calendar,"{""action"": ""get"", ""target"": ""timers""}"
timersは?,clock_calendar,"{""action"": ""get"", ""target"": ""timers""}"
timersを教えて,clock_calendar,"{""action"": ""get"", ""target"": ""timers""}"
timersを見せて,clock_calendar,"{""action"": ""get"", ""target"": ""timers""}"
timersを取得,clock_calendar,"{""action"": ""get"", ""target"": ""timers""}"
timersが必要,clock_calendar,"{""action"": ""get"", ""target"": ""timers""}"
timers 뭐야?,clock_calendar,"{""action"": ""get"", ""target"": ""timers""}"
timers 알려줘,clock_calendar,"{""action"": ""get"", ""target"": ""timers""}"
timers 보여줘,clock_calendar,"{""action"": ""get"", ""target"": ""timers""}"
timers 가져와,clock_calendar,"{""action"": ""get"", ""target"": ""timers""}"
timers 필요해,clock_calendar,"{""action"": ""get"", ""target"": ""timers""}"
timers काय आहे?,clock_calendar,"{""action"": ""get"", ""target"": ""timers""}"
मला timers सांगा,clock_calendar,"{""action"": ""get"", ""target"": ""timers""}"
timers दाखवा,clock_calendar,"{""action"": ""get"", ""target"": ""timers""}"
timers मिळवा,clock_calendar,"{""action"": ""get"", ""target"": ""timers""}"
मला timers हवा आहे,clock_calendar,"{""action"": ""get"", ""target"": ""timers""}"
timers چیست؟,clock_calendar,"{""action"": ""get"", ""target"": ""timers""}"
به من timers را بگو,clock_calendar,"{""action"": ""get"", ""target"": ""timers""}"
timers را نشان بده,clock_calendar,"{""action"": ""get"", ""target"": ""timers""}"
timers را بگیر,clock_calendar,"{""action"": ""get"", ""target"": ""timers""}"
من timers نیاز دارم,clock_calendar,"{""action"": ""get"", ""target"": ""timers""}"
Co to jest timers?,clock_calendar,"{""action"": ""get"", ""target"": ""timers""}"
Powiedz mi timers,clock_calendar,"{""action"": ""get"", ""target"": ""timers""}"
Pokaż timers,clock_calendar,"{""action"": ""get"", ""target"": ""timers""}"
Pobierz timers,clock_calendar,"{""action"": ""get"", ""target"": ""timers""}"
Potrzebuję timers,clock_calendar,"{""action"": ""get"", ""target"": ""timers""}"
O que é timers?,clock_calendar,"{""action"": ""get"", ""target"": ""timers""}"
Me diga timers,clock_calendar,"{""action"": ""get"", ""target"": ""timers""}"
Mostre timers,clock_calendar,"{""action"": ""get"", ""target"": ""timers""}"
Obtenha timers,clock_calendar,"{""action"": ""get"", ""target"": ""timers""}"
Preciso de timers,clock_calendar,"{""action"": ""get"", ""target"": ""timers""}"
Ce este timers?,clock_calendar,"{""action"": ""get"", ""target"": ""timers""}"
Spune-mi timers,clock_calendar,"{""action"": ""get"", ""target"": ""timers""}"
Arată-mi timers,clock_calendar,"{""action"": ""get"", ""target"": ""timers""}"
Obține timers,clock_calendar,"{""action"": ""get"", ""target"": ""timers""}"
Am nevoie de timers,clock_calendar,"{""action"": ""get"", ""target"": ""timers""}"
Что такое timers?,clock_calendar,"{""action"": ""get"", ""target"": ""timers""}"
Скажи timers,clock_calendar,"{""action"": ""get"", ""target"": ""timers""}"
Покажи timers,clock_calendar,"{""action"": ""get"", ""target"": ""timers""}"
Получи timers,clock_calendar,"{""action"": ""get"", ""target"": ""timers""}"
Мне нужен timers,clock_calendar,"{""action"": ""get"", ""target"": ""timers""}"
¿Qué es timers?,clock_calendar,"{""action"": ""get"", ""target"": ""timers""}"
Dime timers,clock_calendar,"{""action"": ""get"", ""target"": ""timers""}"
Muéstrame timers,clock_calendar,"{""action"": ""get"", ""target"": ""timers""}"
Obtén timers,clock_calendar,"{""action"": ""get"", ""target"": ""timers""}"
Necesito timers,clock_calendar,"{""action"": ""get"", ""target"": ""timers""}"
Nini timers?,clock_calendar,"{""action"": ""get"", ""target"": ""timers""}"
Niambie timers,clock_calendar,"{""action"": ""get"", ""target"": ""timers""}"
Nionyeshe timers,clock_calendar,"{""action"": ""get"", ""target"": ""timers""}"
Pata timers,clock_calendar,"{""action"": ""get"", ""target"": ""timers""}"
Ninahitaji timers,clock_calendar,"{""action"": ""get"", ""target"": ""timers""}"
timers என்ன?,clock_calendar,"{""action"": ""get"", ""target"": ""timers""}"
எனக்கு timers சொல்,clock_calendar,"{""action"": ""get"", ""target"": ""timers""}"
timers காட்டு,clock_calendar,"{""action"": ""get"", ""target"": ""timers""}"
timers எடு,clock_calendar,"{""action"": ""get"", ""target"": ""timers""}"
எனக்கு timers வேண்டும்,clock_calendar,"{""action"": ""get"", ""target"": ""timers""}"
timers ఏమిటి?,clock_calendar,"{""action"": ""get"", ""target"": ""timers""}"
నాకు timers చెప్పు,clock_calendar,"{""action"": ""get"", ""target"": ""timers""}"
timers చూపించు,clock_calendar,"{""action"": ""get"", ""target"": ""timers""}"
timers తీసుకో,clock_calendar,"{""action"": ""get"", ""target"": ""timers""}"
నాకు timers కావాలి,clock_calendar,"{""action"": ""get"", ""target"": ""timers""}"
timers คืออะไร?,clock_calendar,"{""action"": ""get"", ""target"": ""timers""}"
บอกฉันเรื่อง timers,clock_calendar,"{""action"": ""get"", ""target"": ""timers""}"
แสดง timers,clock_calendar,"{""action"": ""get"", ""target"": ""timers""}"
เอา timers มา,clock_calendar,"{""action"": ""get"", ""target"": ""timers""}"
ฉันต้องการ timers,clock_calendar,"{""action"": ""get"", ""target"": ""timers""}"
timers nedir?,clock_calendar,"{""action"": ""get"", ""target"": ""timers""}"
Bana timers söyle,clock_calendar,"{""action"": ""get"", ""target"": ""timers""}"
timers göster,clock_calendar,"{""action"": ""get"", ""target"": ""timers""}"
timers al,clock_calendar,"{""action"": ""get"", ""target"": ""timers""}"
Bana timers lazım,clock_calendar,"{""action"": ""get"", ""target"": ""timers""}"
timers کیا ہے؟,clock_calendar,"{""action"": ""get"", ""target"": ""timers""}"
مجھے timers بتاؤ,clock_calendar,"{""action"": ""get"", ""target"": ""timers""}"
timers دکھاؤ,clock_calendar,"{""action"": ""get"", ""target"": ""timers""}"
timers حاصل کرو,clock_calendar,"{""action"": ""get"", ""target"": ""timers""}"
مجھے timers چاہیے,clock_calendar,"{""action"": ""get"", ""target"": ""timers""}"
timers là gì?,clock_calendar,"{""action"": ""get"", ""target"": ""timers""}"
Cho tôi biết timers,clock_calendar,"{""action"": ""get"", ""target"": ""timers""}"
Hiển thị timers,clock_calendar,"{""action"": ""get"", ""target"": ""timers""}"
Lấy timers,clock_calendar,"{""action"": ""get"", ""target"": ""timers""}"
Tôi cần timers,clock_calendar,"{""action"": ""get"", ""target"": ""timers""}"
ما هو stopwatch؟,clock_calendar,"{""action"": ""get"", ""target"": ""stopwatch""}"
أخبرني عن stopwatch,clock_calendar,"{""action"": ""get"", ""target"": ""stopwatch""}"
اعرض لي stopwatch,clock_calendar,"{""action"": ""get"", ""target"": ""stopwatch""}"
احصل على stopwatch,clock_calendar,"{""action"": ""get"", ""target"": ""stopwatch""}"
أحتاج stopwatch,clock_calendar,"{""action"": ""get"", ""target"": ""stopwatch""}"
stopwatch কি?,clock_calendar,"{""action"": ""get"", ""target"": ""stopwatch""}"
আমাকে stopwatch বলো,clock_calendar,"{""action"": ""get"", ""target"": ""stopwatch""}"
stopwatch দেখাও,clock_calendar,"{""action"": ""get"", ""target"": ""stopwatch""}"
stopwatch নাও,clock_calendar,"{""action"": ""get"", ""target"": ""stopwatch""}"
আমার stopwatch দরকার,clock_calendar,"{""action"": ""get"", ""target"": ""stopwatch""}"
stopwatch是什么？,clock_calendar,"{""action"": ""get"", ""target"": ""stopwatch""}"
告诉我stopwatch,clock_calendar,"{""action"": ""get"", ""target"": ""stopwatch""}"
显示stopwatch,clock_calendar,"{""action"": ""get"", ""target"": ""stopwatch""}"
获取stopwatch,clock_calendar,"{""action"": ""get"", ""target"": ""stopwatch""}"
我需要stopwatch,clock_calendar,"{""action"": ""get"", ""target"": ""stopwatch""}"
Co je stopwatch?,clock_calendar,"{""action"": ""get"", ""target"": ""stopwatch""}"
Řekni mi stopwatch,clock_calendar,"{""action"": ""get"", ""target"": ""stopwatch""}"
Ukaž mi stopwatch,clock_calendar,"{""action"": ""get"", ""target"": ""stopwatch""}"
Získej stopwatch,clock_calendar,"{""action"": ""get"", ""target"": ""stopwatch""}"
Potřebuji stopwatch,clock_calendar,"{""action"": ""get"", ""target"": ""stopwatch""}"
Wat is stopwatch?,clock_calendar,"{""action"": ""get"", ""target"": ""stopwatch""}"
Vertel me stopwatch,clock_calendar,"{""action"": ""get"", ""target"": ""stopwatch""}"
Laat stopwatch zien,clock_calendar,"{""action"": ""get"", ""target"": ""stopwatch""}"
Haal stopwatch,clock_calendar,"{""action"": ""get"", ""target"": ""stopwatch""}"
Ik heb stopwatch nodig,clock_calendar,"{""action"": ""get"", ""target"": ""stopwatch""}"
What is the stopwatch?,clock_calendar,"{""action"": ""get"", ""target"": ""stopwatch""}"
Tell me the stopwatch,clock_calendar,"{""action"": ""get"", ""target"": ""stopwatch""}"
Show me stopwatch,clock_calendar,"{""action"": ""get"", ""target"": ""stopwatch""}"
Get the stopwatch,clock_calendar,"{""action"": ""get"", ""target"": ""stopwatch""}"
I need stopwatch,clock_calendar,"{""action"": ""get"", ""target"": ""stopwatch""}"
Quel est le stopwatch?,clock_calendar,"{""action"": ""get"", ""target"": ""stopwatch""}"
Dis-moi le stopwatch,clock_calendar,"{""action"": ""get"", ""target"": ""stopwatch""}"
Montre-moi stopwatch,clock_calendar,"{""action"": ""get"", ""target"": ""stopwatch""}"
Donne-moi le stopwatch,clock_calendar,"{""action"": ""get"", ""target"": ""stopwatch""}"
J'ai besoin du stopwatch,clock_calendar,"{""action"": ""get"", ""target"": ""stopwatch""}"
Was ist stopwatch?,clock_calendar,"{""action"": ""get"", ""target"": ""stopwatch""}"
Sag mir stopwatch,clock_calendar,"{""action"": ""get"", ""target"": ""stopwatch""}"
Zeig mir stopwatch,clock_calendar,"{""action"": ""get"", ""target"": ""stopwatch""}"
Hol stopwatch,clock_calendar,"{""action"": ""get"", ""target"": ""stopwatch""}"
Ich brauche stopwatch,clock_calendar,"{""action"": ""get"", ""target"": ""stopwatch""}"
Τι είναι το stopwatch;,clock_calendar,"{""action"": ""get"", ""target"": ""stopwatch""}"
Πες μου το stopwatch,clock_calendar,"{""action"": ""get"", ""target"": ""stopwatch""}"
Δείξε μου το stopwatch,clock_calendar,"{""action"": ""get"", ""target"": ""stopwatch""}"
Πάρε το stopwatch,clock_calendar,"{""action"": ""get"", ""target"": ""stopwatch""}"
Χρειάζομαι το stopwatch,clock_calendar,"{""action"": ""get"", ""target"": ""stopwatch""}"
מה זה stopwatch?,clock_calendar,"{""action"": ""get"", ""target"": ""stopwatch""}"
ספר לי על stopwatch,clock_calendar,"{""action"": ""get"", ""target"": ""stopwatch""}"
הראה לי stopwatch,clock_calendar,"{""action"": ""get"", ""target"": ""stopwatch""}"
קבל stopwatch,clock_calendar,"{""action"": ""get"", ""target"": ""stopwatch""}"
אני צריך stopwatch,clock_calendar,"{""action"": ""get"", ""target"": ""stopwatch""}"
stopwatch क्या है?,clock_calendar,"{""action"": ""get"", ""target"": ""stopwatch""}"
मुझे stopwatch बताओ,clock_calendar,"{""action"": ""get"", ""target"": ""stopwatch""}"
stopwatch दिखाओ,clock_calendar,"{""action"": ""get"", ""target"": ""stopwatch""}"
stopwatch प्राप्त करो,clock_calendar,"{""action"": ""get"", ""target"": ""stopwatch""}"
मुझे stopwatch चाहिए,clock_calendar,"{""action"": ""get"", ""target"": ""stopwatch""}"
Mi az a stopwatch?,clock_calendar,"{""action"": ""get"", ""target"": ""stopwatch""}"
Mondd el a stopwatch,clock_calendar,"{""action"": ""get"", ""target"": ""stopwatch""}"
Mutasd a stopwatch,clock_calendar,"{""action"": ""get"", ""target"": ""stopwatch""}"
Szerezd be a stopwatch,clock_calendar,"{""action"": ""get"", ""target"": ""stopwatch""}"
Szükségem van a stopwatch,clock_calendar,"{""action"": ""get"", ""target"": ""stopwatch""}"
Apa itu stopwatch?,clock_calendar,"{""action"": ""get"", ""target"": ""stopwatch""}"
Beritahu saya stopwatch,clock_calendar,"{""action"": ""get"", ""target"": ""stopwatch""}"
Tunjukkan stopwatch,clock_calendar,"{""action"": ""get"", ""target"": ""stopwatch""}"
Ambil stopwatch,clock_calendar,"{""action"": ""get"", ""target"": ""stopwatch""}"
Saya butuh stopwatch,clock_calendar,"{""action"": ""get"", ""target"": ""stopwatch""}"
Cos'è stopwatch?,clock_calendar,"{""action"": ""get"", ""target"": ""stopwatch""}"
Dimmi stopwatch,clock_calendar,"{""action"": ""get"", ""target"": ""stopwatch""}"
Mostrami stopwatch,clock_calendar,"{""action"": ""get"", ""target"": ""stopwatch""}"
Ottieni stopwatch,clock_calendar,"{""action"": ""get"", ""target"": ""stopwatch""}"
Ho bisogno di stopwatch,clock_calendar,"{""action"": ""get"", ""target"": ""stopwatch""}"
stopwatchは?,clock_calendar,"{""action"": ""get"", ""target"": ""stopwatch""}"
stopwatchを教えて,clock_calendar,"{""action"": ""get"", ""target"": ""stopwatch""}"
stopwatchを見せて,clock_calendar,"{""action"": ""get"", ""target"": ""stopwatch""}"
stopwatchを取得,clock_calendar,"{""action"": ""get"", ""target"": ""stopwatch""}"
stopwatchが必要,clock_calendar,"{""action"": ""get"", ""target"": ""stopwatch""}"
stopwatch 뭐야?,clock_calendar,"{""action"": ""get"", ""target"": ""stopwatch""}"
stopwatch 알려줘,clock_calendar,"{""action"": ""get"", ""target"": ""stopwatch""}"
stopwatch 보여줘,clock_calendar,"{""action"": ""get"", ""target"": ""stopwatch""}"
stopwatch 가져와,clock_calendar,"{""action"": ""get"", ""target"": ""stopwatch""}"
stopwatch 필요해,clock_calendar,"{""action"": ""get"", ""target"": ""stopwatch""}"
stopwatch काय आहे?,clock_calendar,"{""action"": ""get"", ""target"": ""stopwatch""}"
मला stopwatch सांगा,clock_calendar,"{""action"": ""get"", ""target"": ""stopwatch""}"
stopwatch दाखवा,clock_calendar,"{""action"": ""get"", ""target"": ""stopwatch""}"
stopwatch मिळवा,clock_calendar,"{""action"": ""get"", ""target"": ""stopwatch""}"
मला stopwatch हवा आहे,clock_calendar,"{""action"": ""get"", ""target"": ""stopwatch""}"
stopwatch چیست؟,clock_calendar,"{""action"": ""get"", ""target"": ""stopwatch""}"
به من stopwatch را بگو,clock_calendar,"{""action"": ""get"", ""target"": ""stopwatch""}"
stopwatch را نشان بده,clock_calendar,"{""action"": ""get"", ""target"": ""stopwatch""}"
stopwatch را بگیر,clock_calendar,"{""action"": ""get"", ""target"": ""stopwatch""}"
من stopwatch نیاز دارم,clock_calendar,"{""action"": ""get"", ""target"": ""stopwatch""}"
Co to jest stopwatch?,clock_calendar,"{""action"": ""get"", ""target"": ""stopwatch""}"
Powiedz mi stopwatch,clock_calendar,"{""action"": ""get"", ""target"": ""stopwatch""}"
Pokaż stopwatch,clock_calendar,"{""action"": ""get"", ""target"": ""stopwatch""}"
Pobierz stopwatch,clock_calendar,"{""action"": ""get"", ""target"": ""stopwatch""}"
Potrzebuję stopwatch,clock_calendar,"{""action"": ""get"", ""target"": ""stopwatch""}"
O que é stopwatch?,clock_calendar,"{""action"": ""get"", ""target"": ""stopwatch""}"
Me diga stopwatch,clock_calendar,"{""action"": ""get"", ""target"": ""stopwatch""}"
Mostre stopwatch,clock_calendar,"{""action"": ""get"", ""target"": ""stopwatch""}"
Obtenha stopwatch,clock_calendar,"{""action"": ""get"", ""target"": ""stopwatch""}"
Preciso de stopwatch,clock_calendar,"{""action"": ""get"", ""target"": ""stopwatch""}"
Ce este stopwatch?,clock_calendar,"{""action"": ""get"", ""target"": ""stopwatch""}"
Spune-mi stopwatch,clock_calendar,"{""action"": ""get"", ""target"": ""stopwatch""}"
Arată-mi stopwatch,clock_calendar,"{""action"": ""get"", ""target"": ""stopwatch""}"
Obține stopwatch,clock_calendar,"{""action"": ""get"", ""target"": ""stopwatch""}"
Am nevoie de stopwatch,clock_calendar,"{""action"": ""get"", ""target"": ""stopwatch""}"
Что такое stopwatch?,clock_calendar,"{""action"": ""get"", ""target"": ""stopwatch""}"
Скажи stopwatch,clock_calendar,"{""action"": ""get"", ""target"": ""stopwatch""}"
Покажи stopwatch,clock_calendar,"{""action"": ""get"", ""target"": ""stopwatch""}"
Получи stopwatch,clock_calendar,"{""action"": ""get"", ""target"": ""stopwatch""}"
Мне нужен stopwatch,clock_calendar,"{""action"": ""get"", ""target"": ""stopwatch""}"
¿Qué es stopwatch?,clock_calendar,"{""action"": ""get"", ""target"": ""stopwatch""}"
Dime stopwatch,clock_calendar,"{""action"": ""get"", ""target"": ""stopwatch""}"
Muéstrame stopwatch,clock_calendar,"{""action"": ""get"", ""target"": ""stopwatch""}"
Obtén stopwatch,clock_calendar,"{""action"": ""get"", ""target"": ""stopwatch""}"
Necesito stopwatch,clock_calendar,"{""action"": ""get"", ""target"": ""stopwatch""}"
Nini stopwatch?,clock_calendar,"{""action"": ""get"", ""target"": ""stopwatch""}"
Niambie stopwatch,clock_calendar,"{""action"": ""get"", ""target"": ""stopwatch""}"
Nionyeshe stopwatch,clock_calendar,"{""action"": ""get"", ""target"": ""stopwatch""}"
Pata stopwatch,clock_calendar,"{""action"": ""get"", ""target"": ""stopwatch""}"
Ninahitaji stopwatch,clock_calendar,"{""action"": ""get"", ""target"": ""stopwatch""}"
stopwatch என்ன?,clock_calendar,"{""action"": ""get"", ""target"": ""stopwatch""}"
எனக்கு stopwatch சொல்,clock_calendar,"{""action"": ""get"", ""target"": ""stopwatch""}"
stopwatch காட்டு,clock_calendar,"{""action"": ""get"", ""target"": ""stopwatch""}"
stopwatch எடு,clock_calendar,"{""action"": ""get"", ""target"": ""stopwatch""}"
எனக்கு stopwatch வேண்டும்,clock_calendar,"{""action"": ""get"", ""target"": ""stopwatch""}"
stopwatch ఏమిటి?,clock_calendar,"{""action"": ""get"", ""target"": ""stopwatch""}"
నాకు stopwatch చెప్పు,clock_calendar,"{""action"": ""get"", ""target"": ""stopwatch""}"
stopwatch చూపించు,clock_calendar,"{""action"": ""get"", ""target"": ""stopwatch""}"
stopwatch తీసుకో,clock_calendar,"{""action"": ""get"", ""target"": ""stopwatch""}"
నాకు stopwatch కావాలి,clock_calendar,"{""action"": ""get"", ""target"": ""stopwatch""}"
stopwatch คืออะไร?,clock_calendar,"{""action"": ""get"", ""target"": ""stopwatch""}"
บอกฉันเรื่อง stopwatch,clock_calendar,"{""action"": ""get"", ""target"": ""stopwatch""}"
แสดง stopwatch,clock_calendar,"{""action"": ""get"", ""target"": ""stopwatch""}"
เอา stopwatch มา,clock_calendar,"{""action"": ""get"", ""target"": ""stopwatch""}"
ฉันต้องการ stopwatch,clock_calendar,"{""action"": ""get"", ""target"": ""stopwatch""}"
stopwatch nedir?,clock_calendar,"{""action"": ""get"", ""target"": ""stopwatch""}"
Bana stopwatch söyle,clock_calendar,"{""action"": ""get"", ""target"": ""stopwatch""}"
stopwatch göster,clock_calendar,"{""action"": ""get"", ""target"": ""stopwatch""}"
stopwatch al,clock_calendar,"{""action"": ""get"", ""target"": ""stopwatch""}"
Bana stopwatch lazım,clock_calendar,"{""action"": ""get"", ""target"": ""stopwatch""}"
stopwatch کیا ہے؟,clock_calendar,"{""action"": ""get"", ""target"": ""stopwatch""}"
مجھے stopwatch بتاؤ,clock_calendar,"{""action"": ""get"", ""target"": ""stopwatch""}"
stopwatch دکھاؤ,clock_calendar,"{""action"": ""get"", ""target"": ""stopwatch""}"
stopwatch حاصل کرو,clock_calendar,"{""action"": ""get"", ""target"": ""stopwatch""}"
مجھے stopwatch چاہیے,clock_calendar,"{""action"": ""get"", ""target"": ""stopwatch""}"
stopwatch là gì?,clock_calendar,"{""action"": ""get"", ""target"": ""stopwatch""}"
Cho tôi biết stopwatch,clock_calendar,"{""action"": ""get"", ""target"": ""stopwatch""}"
Hiển thị stopwatch,clock_calendar,"{""action"": ""get"", ""target"": ""stopwatch""}"
Lấy stopwatch,clock_calendar,"{""action"": ""get"", ""target"": ""stopwatch""}"
Tôi cần stopwatch,clock_calendar,"{""action"": ""get"", ""target"": ""stopwatch""}"
ما هو events؟,clock_calendar,"{""action"": ""get"", ""target"": ""events""}"
أخبرني عن events,clock_calendar,"{""action"": ""get"", ""target"": ""events""}"
اعرض لي events,clock_calendar,"{""action"": ""get"", ""target"": ""events""}"
احصل على events,clock_calendar,"{""action"": ""get"", ""target"": ""events""}"
أحتاج events,clock_calendar,"{""action"": ""get"", ""target"": ""events""}"
events কি?,clock_calendar,"{""action"": ""get"", ""target"": ""events""}"
আমাকে events বলো,clock_calendar,"{""action"": ""get"", ""target"": ""events""}"
events দেখাও,clock_calendar,"{""action"": ""get"", ""target"": ""events""}"
events নাও,clock_calendar,"{""action"": ""get"", ""target"": ""events""}"
আমার events দরকার,clock_calendar,"{""action"": ""get"", ""target"": ""events""}"
events是什么？,clock_calendar,"{""action"": ""get"", ""target"": ""events""}"
告诉我events,clock_calendar,"{""action"": ""get"", ""target"": ""events""}"
显示events,clock_calendar,"{""action"": ""get"", ""target"": ""events""}"
获取events,clock_calendar,"{""action"": ""get"", ""target"": ""events""}"
我需要events,clock_calendar,"{""action"": ""get"", ""target"": ""events""}"
Co je events?,clock_calendar,"{""action"": ""get"", ""target"": ""events""}"
Řekni mi events,clock_calendar,"{""action"": ""get"", ""target"": ""events""}"
Ukaž mi events,clock_calendar,"{""action"": ""get"", ""target"": ""events""}"
Získej events,clock_calendar,"{""action"": ""get"", ""target"": ""events""}"
Potřebuji events,clock_calendar,"{""action"": ""get"", ""target"": ""events""}"
Wat is events?,clock_calendar,"{""action"": ""get"", ""target"": ""events""}"
Vertel me events,clock_calendar,"{""action"": ""get"", ""target"": ""events""}"
Laat events zien,clock_calendar,"{""action"": ""get"", ""target"": ""events""}"
Haal events,clock_calendar,"{""action"": ""get"", ""target"": ""events""}"
Ik heb events nodig,clock_calendar,"{""action"": ""get"", ""target"": ""events""}"
What is the events?,clock_calendar,"{""action"": ""get"", ""target"": ""events""}"
Tell me the events,clock_calendar,"{""action"": ""get"", ""target"": ""events""}"
Show me events,clock_calendar,"{""action"": ""get"", ""target"": ""events""}"
Get the events,clock_calendar,"{""action"": ""get"", ""target"": ""events""}"
I need events,clock_calendar,"{""action"": ""get"", ""target"": ""events""}"
Quel est le events?,clock_calendar,"{""action"": ""get"", ""target"": ""events""}"
Dis-moi le events,clock_calendar,"{""action"": ""get"", ""target"": ""events""}"
Montre-moi events,clock_calendar,"{""action"": ""get"", ""target"": ""events""}"
Donne-moi le events,clock_calendar,"{""action"": ""get"", ""target"": ""events""}"
J'ai besoin du events,clock_calendar,"{""action"": ""get"", ""target"": ""events""}"
Was ist events?,clock_calendar,"{""action"": ""get"", ""target"": ""events""}"
Sag mir events,clock_calendar,"{""action"": ""get"", ""target"": ""events""}"
Zeig mir events,clock_calendar,"{""action"": ""get"", ""target"": ""events""}"
Hol events,clock_calendar,"{""action"": ""get"", ""target"": ""events""}"
Ich brauche events,clock_calendar,"{""action"": ""get"", ""target"": ""events""}"
Τι είναι το events;,clock_calendar,"{""action"": ""get"", ""target"": ""events""}"
Πες μου το events,clock_calendar,"{""action"": ""get"", ""target"": ""events""}"
Δείξε μου το events,clock_calendar,"{""action"": ""get"", ""target"": ""events""}"
Πάρε το events,clock_calendar,"{""action"": ""get"", ""target"": ""events""}"
Χρειάζομαι το events,clock_calendar,"{""action"": ""get"", ""target"": ""events""}"
מה זה events?,clock_calendar,"{""action"": ""get"", ""target"": ""events""}"
ספר לי על events,clock_calendar,"{""action"": ""get"", ""target"": ""events""}"
הראה לי events,clock_calendar,"{""action"": ""get"", ""target"": ""events""}"
קבל events,clock_calendar,"{""action"": ""get"", ""target"": ""events""}"
אני צריך events,clock_calendar,"{""action"": ""get"", ""target"": ""events""}"
events क्या है?,clock_calendar,"{""action"": ""get"", ""target"": ""events""}"
मुझे events बताओ,clock_calendar,"{""action"": ""get"", ""target"": ""events""}"
events दिखाओ,clock_calendar,"{""action"": ""get"", ""target"": ""events""}"
events प्राप्त करो,clock_calendar,"{""action"": ""get"", ""target"": ""events""}"
मुझे events चाहिए,clock_calendar,"{""action"": ""get"", ""target"": ""events""}"
Mi az a events?,clock_calendar,"{""action"": ""get"", ""target"": ""events""}"
Mondd el a events,clock_calendar,"{""action"": ""get"", ""target"": ""events""}"
Mutasd a events,clock_calendar,"{""action"": ""get"", ""target"": ""events""}"
Szerezd be a events,clock_calendar,"{""action"": ""get"", ""target"": ""events""}"
Szükségem van a events,clock_calendar,"{""action"": ""get"", ""target"": ""events""}"
Apa itu events?,clock_calendar,"{""action"": ""get"", ""target"": ""events""}"
Beritahu saya events,clock_calendar,"{""action"": ""get"", ""target"": ""events""}"
Tunjukkan events,clock_calendar,"{""action"": ""get"", ""target"": ""events""}"
Ambil events,clock_calendar,"{""action"": ""get"", ""target"": ""events""}"
Saya butuh events,clock_calendar,"{""action"": ""get"", ""target"": ""events""}"
Cos'è events?,clock_calendar,"{""action"": ""get"", ""target"": ""events""}"
Dimmi events,clock_calendar,"{""action"": ""get"", ""target"": ""events""}"
Mostrami events,clock_calendar,"{""action"": ""get"", ""target"": ""events""}"
Ottieni events,clock_calendar,"{""action"": ""get"", ""target"": ""events""}"
Ho bisogno di events,clock_calendar,"{""action"": ""get"", ""target"": ""events""}"
eventsは?,clock_calendar,"{""action"": ""get"", ""target"": ""events""}"
eventsを教えて,clock_calendar,"{""action"": ""get"", ""target"": ""events""}"
eventsを見せて,clock_calendar,"{""action"": ""get"", ""target"": ""events""}"
eventsを取得,clock_calendar,"{""action"": ""get"", ""target"": ""events""}"
eventsが必要,clock_calendar,"{""action"": ""get"", ""target"": ""events""}"
events 뭐야?,clock_calendar,"{""action"": ""get"", ""target"": ""events""}"
events 알려줘,clock_calendar,"{""action"": ""get"", ""target"": ""events""}"
events 보여줘,clock_calendar,"{""action"": ""get"", ""target"": ""events""}"
events 가져와,clock_calendar,"{""action"": ""get"", ""target"": ""events""}"
events 필요해,clock_calendar,"{""action"": ""get"", ""target"": ""events""}"
events काय आहे?,clock_calendar,"{""action"": ""get"", ""target"": ""events""}"
मला events सांगा,clock_calendar,"{""action"": ""get"", ""target"": ""events""}"
events दाखवा,clock_calendar,"{""action"": ""get"", ""target"": ""events""}"
events मिळवा,clock_calendar,"{""action"": ""get"", ""target"": ""events""}"
मला events हवा आहे,clock_calendar,"{""action"": ""get"", ""target"": ""events""}"
events چیست؟,clock_calendar,"{""action"": ""get"", ""target"": ""events""}"
به من events را بگو,clock_calendar,"{""action"": ""get"", ""target"": ""events""}"
events را نشان بده,clock_calendar,"{""action"": ""get"", ""target"": ""events""}"
events را بگیر,clock_calendar,"{""action"": ""get"", ""target"": ""events""}"
من events نیاز دارم,clock_calendar,"{""action"": ""get"", ""target"": ""events""}"
Co to jest events?,clock_calendar,"{""action"": ""get"", ""target"": ""events""}"
Powiedz mi events,clock_calendar,"{""action"": ""get"", ""target"": ""events""}"
Pokaż events,clock_calendar,"{""action"": ""get"", ""target"": ""events""}"
Pobierz events,clock_calendar,"{""action"": ""get"", ""target"": ""events""}"
Potrzebuję events,clock_calendar,"{""action"": ""get"", ""target"": ""events""}"
O que é events?,clock_calendar,"{""action"": ""get"", ""target"": ""events""}"
Me diga events,clock_calendar,"{""action"": ""get"", ""target"": ""events""}"
Mostre events,clock_calendar,"{""action"": ""get"", ""target"": ""events""}"
Obtenha events,clock_calendar,"{""action"": ""get"", ""target"": ""events""}"
Preciso de events,clock_calendar,"{""action"": ""get"", ""target"": ""events""}"
Ce este events?,clock_calendar,"{""action"": ""get"", ""target"": ""events""}"
Spune-mi events,clock_calendar,"{""action"": ""get"", ""target"": ""events""}"
Arată-mi events,clock_calendar,"{""action"": ""get"", ""target"": ""events""}"
Obține events,clock_calendar,"{""action"": ""get"", ""target"": ""events""}"
Am nevoie de events,clock_calendar,"{""action"": ""get"", ""target"": ""events""}"
Что такое events?,clock_calendar,"{""action"": ""get"", ""target"": ""events""}"
Скажи events,clock_calendar,"{""action"": ""get"", ""target"": ""events""}"
Покажи events,clock_calendar,"{""action"": ""get"", ""target"": ""events""}"
Получи events,clock_calendar,"{""action"": ""get"", ""target"": ""events""}"
Мне нужен events,clock_calendar,"{""action"": ""get"", ""target"": ""events""}"
¿Qué es events?,clock_calendar,"{""action"": ""get"", ""target"": ""events""}"
Dime events,clock_calendar,"{""action"": ""get"", ""target"": ""events""}"
Muéstrame events,clock_calendar,"{""action"": ""get"", ""target"": ""events""}"
Obtén events,clock_calendar,"{""action"": ""get"", ""target"": ""events""}"
Necesito events,clock_calendar,"{""action"": ""get"", ""target"": ""events""}"
Nini events?,clock_calendar,"{""action"": ""get"", ""target"": ""events""}"
Niambie events,clock_calendar,"{""action"": ""get"", ""target"": ""events""}"
Nionyeshe events,clock_calendar,"{""action"": ""get"", ""target"": ""events""}"
Pata events,clock_calendar,"{""action"": ""get"", ""target"": ""events""}"
Ninahitaji events,clock_calendar,"{""action"": ""get"", ""target"": ""events""}"
events என்ன?,clock_calendar,"{""action"": ""get"", ""target"": ""events""}"
எனக்கு events சொல்,clock_calendar,"{""action"": ""get"", ""target"": ""events""}"
events காட்டு,clock_calendar,"{""action"": ""get"", ""target"": ""events""}"
events எடு,clock_calendar,"{""action"": ""get"", ""target"": ""events""}"
எனக்கு events வேண்டும்,clock_calendar,"{""action"": ""get"", ""target"": ""events""}"
events ఏమిటి?,clock_calendar,"{""action"": ""get"", ""target"": ""events""}"
నాకు events చెప్పు,clock_calendar,"{""action"": ""get"", ""target"": ""events""}"
events చూపించు,clock_calendar,"{""action"": ""get"", ""target"": ""events""}"
events తీసుకో,clock_calendar,"{""action"": ""get"", ""target"": ""events""}"
నాకు events కావాలి,clock_calendar,"{""action"": ""get"", ""target"": ""events""}"
events คืออะไร?,clock_calendar,"{""action"": ""get"", ""target"": ""events""}"
บอกฉันเรื่อง events,clock_calendar,"{""action"": ""get"", ""target"": ""events""}"
แสดง events,clock_calendar,"{""action"": ""get"", ""target"": ""events""}"
เอา events มา,clock_calendar,"{""action"": ""get"", ""target"": ""events""}"
ฉันต้องการ events,clock_calendar,"{""action"": ""get"", ""target"": ""events""}"
events nedir?,clock_calendar,"{""action"": ""get"", ""target"": ""events""}"
Bana events söyle,clock_calendar,"{""action"": ""get"", ""target"": ""events""}"
events göster,clock_calendar,"{""action"": ""get"", ""target"": ""events""}"
events al,clock_calendar,"{""action"": ""get"", ""target"": ""events""}"
Bana events lazım,clock_calendar,"{""action"": ""get"", ""target"": ""events""}"
events کیا ہے؟,clock_calendar,"{""action"": ""get"", ""target"": ""events""}"
مجھے events بتاؤ,clock_calendar,"{""action"": ""get"", ""target"": ""events""}"
events دکھاؤ,clock_calendar,"{""action"": ""get"", ""target"": ""events""}"
events حاصل کرو,clock_calendar,"{""action"": ""get"", ""target"": ""events""}"
مجھے events چاہیے,clock_calendar,"{""action"": ""get"", ""target"": ""events""}"
events là gì?,clock_calendar,"{""action"": ""get"", ""target"": ""events""}"
Cho tôi biết events,clock_calendar,"{""action"": ""get"", ""target"": ""events""}"
Hiển thị events,clock_calendar,"{""action"": ""get"", ""target"": ""events""}"
Lấy events,clock_calendar,"{""action"": ""get"", ""target"": ""events""}"
Tôi cần events,clock_calendar,"{""action"": ""get"", ""target"": ""events""}"
ما هو between؟,clock_calendar,"{""action"": ""get"", ""target"": ""between"", ""payload"": ""2024-06-15 | 2024-07-15""}"
أخبرني عن between,clock_calendar,"{""action"": ""get"", ""target"": ""between"", ""payload"": ""2024-06-15 | 2024-07-15""}"
اعرض لي between,clock_calendar,"{""action"": ""get"", ""target"": ""between"", ""payload"": ""2025-03-01 | 2025-03-31""}"
احصل على between,clock_calendar,"{""action"": ""get"", ""target"": ""between"", ""payload"": ""2025-01-10 | 2025-01-20""}"
أحتاج between,clock_calendar,"{""action"": ""get"", ""target"": ""between"", ""payload"": ""2024-06-15 | 2024-07-15""}"
between কি?,clock_calendar,"{""action"": ""get"", ""target"": ""between"", ""payload"": ""2024-06-15 | 2024-07-15""}"
আমাকে between বলো,clock_calendar,"{""action"": ""get"", ""target"": ""between"", ""payload"": ""2024-06-15 | 2024-07-15""}"
between দেখাও,clock_calendar,"{""action"": ""get"", ""target"": ""between"", ""payload"": ""2025-01-10 | 2025-01-20""}"
between নাও,clock_calendar,"{""action"": ""get"", ""target"": ""between"", ""payload"": ""2025-01-10 | 2025-01-20""}"
আমার between দরকার,clock_calendar,"{""action"": ""get"", ""target"": ""between"", ""payload"": ""2025-03-01 | 2025-03-31""}"
between是什么？,clock_calendar,"{""action"": ""get"", ""target"": ""between"", ""payload"": ""2024-06-15 | 2024-07-15""}"
告诉我between,clock_calendar,"{""action"": ""get"", ""target"": ""between"", ""payload"": ""2025-01-10 | 2025-01-20""}"
显示between,clock_calendar,"{""action"": ""get"", ""target"": ""between"", ""payload"": ""2025-01-10 | 2025-01-20""}"
获取between,clock_calendar,"{""action"": ""get"", ""target"": ""between"", ""payload"": ""2024-06-15 | 2024-07-15""}"
我需要between,clock_calendar,"{""action"": ""get"", ""target"": ""between"", ""payload"": ""2025-01-10 | 2025-01-20""}"
Co je between?,clock_calendar,"{""action"": ""get"", ""target"": ""between"", ""payload"": ""2025-03-01 | 2025-03-31""}"
Řekni mi between,clock_calendar,"{""action"": ""get"", ""target"": ""between"", ""payload"": ""2025-01-10 | 2025-01-20""}"
Ukaž mi between,clock_calendar,"{""action"": ""get"", ""target"": ""between"", ""payload"": ""2025-01-10 | 2025-01-20""}"
Získej between,clock_calendar,"{""action"": ""get"", ""target"": ""between"", ""payload"": ""2025-03-01 | 2025-03-31""}"
Potřebuji between,clock_calendar,"{""action"": ""get"", ""target"": ""between"", ""payload"": ""2024-06-15 | 2024-07-15""}"
Wat is between?,clock_calendar,"{""action"": ""get"", ""target"": ""between"", ""payload"": ""2025-01-10 | 2025-01-20""}"
Vertel me between,clock_calendar,"{""action"": ""get"", ""target"": ""between"", ""payload"": ""2025-03-01 | 2025-03-31""}"
Laat between zien,clock_calendar,"{""action"": ""get"", ""target"": ""between"", ""payload"": ""2024-06-15 | 2024-07-15""}"
Haal between,clock_calendar,"{""action"": ""get"", ""target"": ""between"", ""payload"": ""2025-03-01 | 2025-03-31""}"
Ik heb between nodig,clock_calendar,"{""action"": ""get"", ""target"": ""between"", ""payload"": ""2025-01-10 | 2025-01-20""}"
What is the between?,clock_calendar,"{""action"": ""get"", ""target"": ""between"", ""payload"": ""2025-03-01 | 2025-03-31""}"
Tell me the between,clock_calendar,"{""action"": ""get"", ""target"": ""between"", ""payload"": ""2025-01-10 | 2025-01-20""}"
Show me between,clock_calendar,"{""action"": ""get"", ""target"": ""between"", ""payload"": ""2024-06-15 | 2024-07-15""}"
Get the between,clock_calendar,"{""action"": ""get"", ""target"": ""between"", ""payload"": ""2024-06-15 | 2024-07-15""}"
I need between,clock_calendar,"{""action"": ""get"", ""target"": ""between"", ""payload"": ""2025-03-01 | 2025-03-31""}"
Quel est le between?,clock_calendar,"{""action"": ""get"", ""target"": ""between"", ""payload"": ""2025-01-10 | 2025-01-20""}"
Dis-moi le between,clock_calendar,"{""action"": ""get"", ""target"": ""between"", ""payload"": ""2024-06-15 | 2024-07-15""}"
Montre-moi between,clock_calendar,"{""action"": ""get"", ""target"": ""between"", ""payload"": ""2025-03-01 | 2025-03-31""}"
Donne-moi le between,clock_calendar,"{""action"": ""get"", ""target"": ""between"", ""payload"": ""2024-06-15 | 2024-07-15""}"
J'ai besoin du between,clock_calendar,"{""action"": ""get"", ""target"": ""between"", ""payload"": ""2024-06-15 | 2024-07-15""}"
Was ist between?,clock_calendar,"{""action"": ""get"", ""target"": ""between"", ""payload"": ""2025-01-10 | 2025-01-20""}"
Sag mir between,clock_calendar,"{""action"": ""get"", ""target"": ""between"", ""payload"": ""2024-06-15 | 2024-07-15""}"
Zeig mir between,clock_calendar,"{""action"": ""get"", ""target"": ""between"", ""payload"": ""2024-06-15 | 2024-07-15""}"
Hol between,clock_calendar,"{""action"": ""get"", ""target"": ""between"", ""payload"": ""2025-01-10 | 2025-01-20""}"
Ich brauche between,clock_calendar,"{""action"": ""get"", ""target"": ""between"", ""payload"": ""2024-06-15 | 2024-07-15""}"
Τι είναι το between;,clock_calendar,"{""action"": ""get"", ""target"": ""between"", ""payload"": ""2024-06-15 | 2024-07-15""}"
Πες μου το between,clock_calendar,"{""action"": ""get"", ""target"": ""between"", ""payload"": ""2025-01-10 | 2025-01-20""}"
Δείξε μου το between,clock_calendar,"{""action"": ""get"", ""target"": ""between"", ""payload"": ""2025-01-10 | 2025-01-20""}"
Πάρε το between,clock_calendar,"{""action"": ""get"", ""target"": ""between"", ""payload"": ""2024-06-15 | 2024-07-15""}"
Χρειάζομαι το between,clock_calendar,"{""action"": ""get"", ""target"": ""between"", ""payload"": ""2024-06-15 | 2024-07-15""}"
מה זה between?,clock_calendar,"{""action"": ""get"", ""target"": ""between"", ""payload"": ""2024-06-15 | 2024-07-15""}"
ספר לי על between,clock_calendar,"{""action"": ""get"", ""target"": ""between"", ""payload"": ""2024-06-15 | 2024-07-15""}"
הראה לי between,clock_calendar,"{""action"": ""get"", ""target"": ""between"", ""payload"": ""2025-03-01 | 2025-03-31""}"
קבל between,clock_calendar,"{""action"": ""get"", ""target"": ""between"", ""payload"": ""2024-06-15 | 2024-07-15""}"
אני צריך between,clock_calendar,"{""action"": ""get"", ""target"": ""between"", ""payload"": ""2025-01-10 | 2025-01-20""}"
between क्या है?,clock_calendar,"{""action"": ""get"", ""target"": ""between"", ""payload"": ""2025-01-10 | 2025-01-20""}"
मुझे between बताओ,clock_calendar,"{""action"": ""get"", ""target"": ""between"", ""payload"": ""2025-01-10 | 2025-01-20""}"
between दिखाओ,clock_calendar,"{""action"": ""get"", ""target"": ""between"", ""payload"": ""2025-01-10 | 2025-01-20""}"
between प्राप्त करो,clock_calendar,"{""action"": ""get"", ""target"": ""between"", ""payload"": ""2024-06-15 | 2024-07-15""}"
मुझे between चाहिए,clock_calendar,"{""action"": ""get"", ""target"": ""between"", ""payload"": ""2024-06-15 | 2024-07-15""}"
Mi az a between?,clock_calendar,"{""action"": ""get"", ""target"": ""between"", ""payload"": ""2025-03-01 | 2025-03-31""}"
Mondd el a between,clock_calendar,"{""action"": ""get"", ""target"": ""between"", ""payload"": ""2024-06-15 | 2024-07-15""}"
Mutasd a between,clock_calendar,"{""action"": ""get"", ""target"": ""between"", ""payload"": ""2025-01-10 | 2025-01-20""}"
Szerezd be a between,clock_calendar,"{""action"": ""get"", ""target"": ""between"", ""payload"": ""2024-06-15 | 2024-07-15""}"
Szükségem van a between,clock_calendar,"{""action"": ""get"", ""target"": ""between"", ""payload"": ""2025-03-01 | 2025-03-31""}"
Apa itu between?,clock_calendar,"{""action"": ""get"", ""target"": ""between"", ""payload"": ""2024-06-15 | 2024-07-15""}"
Beritahu saya between,clock_calendar,"{""action"": ""get"", ""target"": ""between"", ""payload"": ""2024-06-15 | 2024-07-15""}"
Tunjukkan between,clock_calendar,"{""action"": ""get"", ""target"": ""between"", ""payload"": ""2025-01-10 | 2025-01-20""}"
Ambil between,clock_calendar,"{""action"": ""get"", ""target"": ""between"", ""payload"": ""2025-03-01 | 2025-03-31""}"
Saya butuh between,clock_calendar,"{""action"": ""get"", ""target"": ""between"", ""payload"": ""2024-06-15 | 2024-07-15""}"
Cos'è between?,clock_calendar,"{""action"": ""get"", ""target"": ""between"", ""payload"": ""2024-06-15 | 2024-07-15""}"
Dimmi between,clock_calendar,"{""action"": ""get"", ""target"": ""between"", ""payload"": ""2025-03-01 | 2025-03-31""}"
Mostrami between,clock_calendar,"{""action"": ""get"", ""target"": ""between"", ""payload"": ""2024-06-15 | 2024-07-15""}"
Ottieni between,clock_calendar,"{""action"": ""get"", ""target"": ""between"", ""payload"": ""2025-03-01 | 2025-03-31""}"
Ho bisogno di between,clock_calendar,"{""action"": ""get"", ""target"": ""between"", ""payload"": ""2025-03-01 | 2025-03-31""}"
betweenは?,clock_calendar,"{""action"": ""get"", ""target"": ""between"", ""payload"": ""2025-01-10 | 2025-01-20""}"
betweenを教えて,clock_calendar,"{""action"": ""get"", ""target"": ""between"", ""payload"": ""2024-06-15 | 2024-07-15""}"
betweenを見せて,clock_calendar,"{""action"": ""get"", ""target"": ""between"", ""payload"": ""2025-03-01 | 2025-03-31""}"
betweenを取得,clock_calendar,"{""action"": ""get"", ""target"": ""between"", ""payload"": ""2025-03-01 | 2025-03-31""}"
betweenが必要,clock_calendar,"{""action"": ""get"", ""target"": ""between"", ""payload"": ""2025-03-01 | 2025-03-31""}"
between 뭐야?,clock_calendar,"{""action"": ""get"", ""target"": ""between"", ""payload"": ""2025-01-10 | 2025-01-20""}"
between 알려줘,clock_calendar,"{""action"": ""get"", ""target"": ""between"", ""payload"": ""2024-06-15 | 2024-07-15""}"
between 보여줘,clock_calendar,"{""action"": ""get"", ""target"": ""between"", ""payload"": ""2025-01-10 | 2025-01-20""}"
between 가져와,clock_calendar,"{""action"": ""get"", ""target"": ""between"", ""payload"": ""2025-01-10 | 2025-01-20""}"
between 필요해,clock_calendar,"{""action"": ""get"", ""target"": ""between"", ""payload"": ""2025-03-01 | 2025-03-31""}"
between काय आहे?,clock_calendar,"{""action"": ""get"", ""target"": ""between"", ""payload"": ""2025-03-01 | 2025-03-31""}"
मला between सांगा,clock_calendar,"{""action"": ""get"", ""target"": ""between"", ""payload"": ""2025-03-01 | 2025-03-31""}"
between दाखवा,clock_calendar,"{""action"": ""get"", ""target"": ""between"", ""payload"": ""2025-03-01 | 2025-03-31""}"
between मिळवा,clock_calendar,"{""action"": ""get"", ""target"": ""between"", ""payload"": ""2025-01-10 | 2025-01-20""}"
मला between हवा आहे,clock_calendar,"{""action"": ""get"", ""target"": ""between"", ""payload"": ""2025-03-01 | 2025-03-31""}"
between چیست؟,clock_calendar,"{""action"": ""get"", ""target"": ""between"", ""payload"": ""2024-06-15 | 2024-07-15""}"
به من between را بگو,clock_calendar,"{""action"": ""get"", ""target"": ""between"", ""payload"": ""2025-01-10 | 2025-01-20""}"
between را نشان بده,clock_calendar,"{""action"": ""get"", ""target"": ""between"", ""payload"": ""2025-03-01 | 2025-03-31""}"
between را بگیر,clock_calendar,"{""action"": ""get"", ""target"": ""between"", ""payload"": ""2024-06-15 | 2024-07-15""}"
من between نیاز دارم,clock_calendar,"{""action"": ""get"", ""target"": ""between"", ""payload"": ""2025-03-01 | 2025-03-31""}"
Co to jest between?,clock_calendar,"{""action"": ""get"", ""target"": ""between"", ""payload"": ""2024-06-15 | 2024-07-15""}"
Powiedz mi between,clock_calendar,"{""action"": ""get"", ""target"": ""between"", ""payload"": ""2025-03-01 | 2025-03-31""}"
Pokaż between,clock_calendar,"{""action"": ""get"", ""target"": ""between"", ""payload"": ""2025-03-01 | 2025-03-31""}"
Pobierz between,clock_calendar,"{""action"": ""get"", ""target"": ""between"", ""payload"": ""2025-01-10 | 2025-01-20""}"
Potrzebuję between,clock_calendar,"{""action"": ""get"", ""target"": ""between"", ""payload"": ""2025-03-01 | 2025-03-31""}"
O que é between?,clock_calendar,"{""action"": ""get"", ""target"": ""between"", ""payload"": ""2024-06-15 | 2024-07-15""}"
Me diga between,clock_calendar,"{""action"": ""get"", ""target"": ""between"", ""payload"": ""2024-06-15 | 2024-07-15""}"
Mostre between,clock_calendar,"{""action"": ""get"", ""target"": ""between"", ""payload"": ""2025-01-10 | 2025-01-20""}"
Obtenha between,clock_calendar,"{""action"": ""get"", ""target"": ""between"", ""payload"": ""2025-03-01 | 2025-03-31""}"
Preciso de between,clock_calendar,"{""action"": ""get"", ""target"": ""between"", ""payload"": ""2025-01-10 | 2025-01-20""}"
Ce este between?,clock_calendar,"{""action"": ""get"", ""target"": ""between"", ""payload"": ""2025-03-01 | 2025-03-31""}"
Spune-mi between,clock_calendar,"{""action"": ""get"", ""target"": ""between"", ""payload"": ""2025-01-10 | 2025-01-20""}"
Arată-mi between,clock_calendar,"{""action"": ""get"", ""target"": ""between"", ""payload"": ""2025-03-01 | 2025-03-31""}"
Obține between,clock_calendar,"{""action"": ""get"", ""target"": ""between"", ""payload"": ""2025-03-01 | 2025-03-31""}"
Am nevoie de between,clock_calendar,"{""action"": ""get"", ""target"": ""between"", ""payload"": ""2025-01-10 | 2025-01-20""}"
Что такое between?,clock_calendar,"{""action"": ""get"", ""target"": ""between"", ""payload"": ""2025-01-10 | 2025-01-20""}"
Скажи between,clock_calendar,"{""action"": ""get"", ""target"": ""between"", ""payload"": ""2025-01-10 | 2025-01-20""}"
Покажи between,clock_calendar,"{""action"": ""get"", ""target"": ""between"", ""payload"": ""2025-01-10 | 2025-01-20""}"
Получи between,clock_calendar,"{""action"": ""get"", ""target"": ""between"", ""payload"": ""2025-03-01 | 2025-03-31""}"
Мне нужен between,clock_calendar,"{""action"": ""get"", ""target"": ""between"", ""payload"": ""2025-03-01 | 2025-03-31""}"
¿Qué es between?,clock_calendar,"{""action"": ""get"", ""target"": ""between"", ""payload"": ""2024-06-15 | 2024-07-15""}"
Dime between,clock_calendar,"{""action"": ""get"", ""target"": ""between"", ""payload"": ""2025-03-01 | 2025-03-31""}"
Muéstrame between,clock_calendar,"{""action"": ""get"", ""target"": ""between"", ""payload"": ""2025-01-10 | 2025-01-20""}"
Obtén between,clock_calendar,"{""action"": ""get"", ""target"": ""between"", ""payload"": ""2025-01-10 | 2025-01-20""}"
Necesito between,clock_calendar,"{""action"": ""get"", ""target"": ""between"", ""payload"": ""2025-03-01 | 2025-03-31""}"
Nini between?,clock_calendar,"{""action"": ""get"", ""target"": ""between"", ""payload"": ""2024-06-15 | 2024-07-15""}"
Niambie between,clock_calendar,"{""action"": ""get"", ""target"": ""between"", ""payload"": ""2024-06-15 | 2024-07-15""}"
Nionyeshe between,clock_calendar,"{""action"": ""get"", ""target"": ""between"", ""payload"": ""2025-03-01 | 2025-03-31""}"
Pata between,clock_calendar,"{""action"": ""get"", ""target"": ""between"", ""payload"": ""2025-01-10 | 2025-01-20""}"
Ninahitaji between,clock_calendar,"{""action"": ""get"", ""target"": ""between"", ""payload"": ""2025-01-10 | 2025-01-20""}"
between என்ன?,clock_calendar,"{""action"": ""get"", ""target"": ""between"", ""payload"": ""2025-03-01 | 2025-03-31""}"
எனக்கு between சொல்,clock_calendar,"{""action"": ""get"", ""target"": ""between"", ""payload"": ""2024-06-15 | 2024-07-15""}"
between காட்டு,clock_calendar,"{""action"": ""get"", ""target"": ""between"", ""payload"": ""2025-03-01 | 2025-03-31""}"
between எடு,clock_calendar,"{""action"": ""get"", ""target"": ""between"", ""payload"": ""2025-03-01 | 2025-03-31""}"
எனக்கு between வேண்டும்,clock_calendar,"{""action"": ""get"", ""target"": ""between"", ""payload"": ""2025-03-01 | 2025-03-31""}"
between ఏమిటి?,clock_calendar,"{""action"": ""get"", ""target"": ""between"", ""payload"": ""2025-03-01 | 2025-03-31""}"
నాకు between చెప్పు,clock_calendar,"{""action"": ""get"", ""target"": ""between"", ""payload"": ""2025-01-10 | 2025-01-20""}"
between చూపించు,clock_calendar,"{""action"": ""get"", ""target"": ""between"", ""payload"": ""2025-01-10 | 2025-01-20""}"
between తీసుకో,clock_calendar,"{""action"": ""get"", ""target"": ""between"", ""payload"": ""2025-03-01 | 2025-03-31""}"
నాకు between కావాలి,clock_calendar,"{""action"": ""get"", ""target"": ""between"", ""payload"": ""2024-06-15 | 2024-07-15""}"
between คืออะไร?,clock_calendar,"{""action"": ""get"", ""target"": ""between"", ""payload"": ""2025-03-01 | 2025-03-31""}"
บอกฉันเรื่อง between,clock_calendar,"{""action"": ""get"", ""target"": ""between"", ""payload"": ""2025-01-10 | 2025-01-20""}"
แสดง between,clock_calendar,"{""action"": ""get"", ""target"": ""between"", ""payload"": ""2025-01-10 | 2025-01-20""}"
เอา between มา,clock_calendar,"{""action"": ""get"", ""target"": ""between"", ""payload"": ""2024-06-15 | 2024-07-15""}"
ฉันต้องการ between,clock_calendar,"{""action"": ""get"", ""target"": ""between"", ""payload"": ""2025-03-01 | 2025-03-31""}"
between nedir?,clock_calendar,"{""action"": ""get"", ""target"": ""between"", ""payload"": ""2025-01-10 | 2025-01-20""}"
Bana between söyle,clock_calendar,"{""action"": ""get"", ""target"": ""between"", ""payload"": ""2025-01-10 | 2025-01-20""}"
between göster,clock_calendar,"{""action"": ""get"", ""target"": ""between"", ""payload"": ""2025-03-01 | 2025-03-31""}"
between al,clock_calendar,"{""action"": ""get"", ""target"": ""between"", ""payload"": ""2025-03-01 | 2025-03-31""}"
Bana between lazım,clock_calendar,"{""action"": ""get"", ""target"": ""between"", ""payload"": ""2024-06-15 | 2024-07-15""}"
between کیا ہے؟,clock_calendar,"{""action"": ""get"", ""target"": ""between"", ""payload"": ""2024-06-15 | 2024-07-15""}"
مجھے between بتاؤ,clock_calendar,"{""action"": ""get"", ""target"": ""between"", ""payload"": ""2024-06-15 | 2024-07-15""}"
between دکھاؤ,clock_calendar,"{""action"": ""get"", ""target"": ""between"", ""payload"": ""2025-03-01 | 2025-03-31""}"
between حاصل کرو,clock_calendar,"{""action"": ""get"", ""target"": ""between"", ""payload"": ""2025-03-01 | 2025-03-31""}"
مجھے between چاہیے,clock_calendar,"{""action"": ""get"", ""target"": ""between"", ""payload"": ""2024-06-15 | 2024-07-15""}"
between là gì?,clock_calendar,"{""action"": ""get"", ""target"": ""between"", ""payload"": ""2025-01-10 | 2025-01-20""}"
Cho tôi biết between,clock_calendar,"{""action"": ""get"", ""target"": ""between"", ""payload"": ""2025-01-10 | 2025-01-20""}"
Hiển thị between,clock_calendar,"{""action"": ""get"", ""target"": ""between"", ""payload"": ""2025-03-01 | 2025-03-31""}"
Lấy between,clock_calendar,"{""action"": ""get"", ""target"": ""between"", ""payload"": ""2025-01-10 | 2025-01-20""}"
Tôi cần between,clock_calendar,"{""action"": ""get"", ""target"": ""between"", ""payload"": ""2025-03-01 | 2025-03-31""}"
ما هو until؟,clock_calendar,"{""action"": ""get"", ""target"": ""until"", ""payload"": ""2026-01-01""}"
أخبرني عن until,clock_calendar,"{""action"": ""get"", ""target"": ""until"", ""payload"": ""2025-06-30""}"
اعرض لي until,clock_calendar,"{""action"": ""get"", ""target"": ""until"", ""payload"": ""2025-06-30""}"
احصل على until,clock_calendar,"{""action"": ""get"", ""target"": ""until"", ""payload"": ""2025-06-30""}"
أحتاج until,clock_calendar,"{""action"": ""get"", ""target"": ""until"", ""payload"": ""2025-12-31""}"
until কি?,clock_calendar,"{""action"": ""get"", ""target"": ""until"", ""payload"": ""2025-06-30""}"
আমাকে until বলো,clock_calendar,"{""action"": ""get"", ""target"": ""until"", ""payload"": ""2025-12-31""}"
until দেখাও,clock_calendar,"{""action"": ""get"", ""target"": ""until"", ""payload"": ""2026-01-01""}"
until নাও,clock_calendar,"{""action"": ""get"", ""target"": ""until"", ""payload"": ""2026-01-01""}"
আমার until দরকার,clock_calendar,"{""action"": ""get"", ""target"": ""until"", ""payload"": ""2025-12-31""}"
until是什么？,clock_calendar,"{""action"": ""get"", ""target"": ""until"", ""payload"": ""2025-06-30""}"
告诉我until,clock_calendar,"{""action"": ""get"", ""target"": ""until"", ""payload"": ""2026-01-01""}"
显示until,clock_calendar,"{""action"": ""get"", ""target"": ""until"", ""payload"": ""2025-06-30""}"
获取until,clock_calendar,"{""action"": ""get"", ""target"": ""until"", ""payload"": ""2025-12-31""}"
我需要until,clock_calendar,"{""action"": ""get"", ""target"": ""until"", ""payload"": ""2025-06-30""}"
Co je until?,clock_calendar,"{""action"": ""get"", ""target"": ""until"", ""payload"": ""2026-01-01""}"
Řekni mi until,clock_calendar,"{""action"": ""get"", ""target"": ""until"", ""payload"": ""2025-06-30""}"
Ukaž mi until,clock_calendar,"{""action"": ""get"", ""target"": ""until"", ""payload"": ""2026-01-01""}"
Získej until,clock_calendar,"{""action"": ""get"", ""target"": ""until"", ""payload"": ""2025-06-30""}"
Potřebuji until,clock_calendar,"{""action"": ""get"", ""target"": ""until"", ""payload"": ""2026-01-01""}"
Wat is until?,clock_calendar,"{""action"": ""get"", ""target"": ""until"", ""payload"": ""2026-01-01""}"
Vertel me until,clock_calendar,"{""action"": ""get"", ""target"": ""until"", ""payload"": ""2026-01-01""}"
Laat until zien,clock_calendar,"{""action"": ""get"", ""target"": ""until"", ""payload"": ""2025-12-31""}"
Haal until,clock_calendar,"{""action"": ""get"", ""target"": ""until"", ""payload"": ""2025-12-31""}"
Ik heb until nodig,clock_calendar,"{""action"": ""get"", ""target"": ""until"", ""payload"": ""2025-12-31""}"
What is the until?,clock_calendar,"{""action"": ""get"", ""target"": ""until"", ""payload"": ""2025-06-30""}"
Tell me the until,clock_calendar,"{""action"": ""get"", ""target"": ""until"", ""payload"": ""2025-06-30""}"
Show me until,clock_calendar,"{""action"": ""get"", ""target"": ""until"", ""payload"": ""2025-06-30""}"
Get the until,clock_calendar,"{""action"": ""get"", ""target"": ""until"", ""payload"": ""2026-01-01""}"
I need until,clock_calendar,"{""action"": ""get"", ""target"": ""until"", ""payload"": ""2025-06-30""}"
Quel est le until?,clock_calendar,"{""action"": ""get"", ""target"": ""until"", ""payload"": ""2025-12-31""}"
Dis-moi le until,clock_calendar,"{""action"": ""get"", ""target"": ""until"", ""payload"": ""2025-12-31""}"
Montre-moi until,clock_calendar,"{""action"": ""get"", ""target"": ""until"", ""payload"": ""2026-01-01""}"
Donne-moi le until,clock_calendar,"{""action"": ""get"", ""target"": ""until"", ""payload"": ""2026-01-01""}"
J'ai besoin du until,clock_calendar,"{""action"": ""get"", ""target"": ""until"", ""payload"": ""2025-06-30""}"
Was ist until?,clock_calendar,"{""action"": ""get"", ""target"": ""until"", ""payload"": ""2026-01-01""}"
Sag mir until,clock_calendar,"{""action"": ""get"", ""target"": ""until"", ""payload"": ""2025-12-31""}"
Zeig mir until,clock_calendar,"{""action"": ""get"", ""target"": ""until"", ""payload"": ""2025-12-31""}"
Hol until,clock_calendar,"{""action"": ""get"", ""target"": ""until"", ""payload"": ""2025-12-31""}"
Ich brauche until,clock_calendar,"{""action"": ""get"", ""target"": ""until"", ""payload"": ""2025-12-31""}"
Τι είναι το until;,clock_calendar,"{""action"": ""get"", ""target"": ""until"", ""payload"": ""2026-01-01""}"
Πες μου το until,clock_calendar,"{""action"": ""get"", ""target"": ""until"", ""payload"": ""2025-06-30""}"
Δείξε μου το until,clock_calendar,"{""action"": ""get"", ""target"": ""until"", ""payload"": ""2025-06-30""}"
Πάρε το until,clock_calendar,"{""action"": ""get"", ""target"": ""until"", ""payload"": ""2026-01-01""}"
Χρειάζομαι το until,clock_calendar,"{""action"": ""get"", ""target"": ""until"", ""payload"": ""2025-06-30""}"
מה זה until?,clock_calendar,"{""action"": ""get"", ""target"": ""until"", ""payload"": ""2025-12-31""}"
ספר לי על until,clock_calendar,"{""action"": ""get"", ""target"": ""until"", ""payload"": ""2026-01-01""}"
הראה לי until,clock_calendar,"{""action"": ""get"", ""target"": ""until"", ""payload"": ""2026-01-01""}"
קבל until,clock_calendar,"{""action"": ""get"", ""target"": ""until"", ""payload"": ""2025-12-31""}"
אני צריך until,clock_calendar,"{""action"": ""get"", ""target"": ""until"", ""payload"": ""2025-06-30""}"
until क्या है?,clock_calendar,"{""action"": ""get"", ""target"": ""until"", ""payload"": ""2026-01-01""}"
मुझे until बताओ,clock_calendar,"{""action"": ""get"", ""target"": ""until"", ""payload"": ""2025-06-30""}"
until दिखाओ,clock_calendar,"{""action"": ""get"", ""target"": ""until"", ""payload"": ""2025-12-31""}"
until प्राप्त करो,clock_calendar,"{""action"": ""get"", ""target"": ""until"", ""payload"": ""2025-06-30""}"
मुझे until चाहिए,clock_calendar,"{""action"": ""get"", ""target"": ""until"", ""payload"": ""2026-01-01""}"
Mi az a until?,clock_calendar,"{""action"": ""get"", ""target"": ""until"", ""payload"": ""2026-01-01""}"
Mondd el a until,clock_calendar,"{""action"": ""get"", ""target"": ""until"", ""payload"": ""2025-06-30""}"
Mutasd a until,clock_calendar,"{""action"": ""get"", ""target"": ""until"", ""payload"": ""2026-01-01""}"
Szerezd be a until,clock_calendar,"{""action"": ""get"", ""target"": ""until"", ""payload"": ""2025-06-30""}"
Szükségem van a until,clock_calendar,"{""action"": ""get"", ""target"": ""until"", ""payload"": ""2026-01-01""}"
Apa itu until?,clock_calendar,"{""action"": ""get"", ""target"": ""until"", ""payload"": ""2026-01-01""}"
Beritahu saya until,clock_calendar,"{""action"": ""get"", ""target"": ""until"", ""payload"": ""2026-01-01""}"
Tunjukkan until,clock_calendar,"{""action"": ""get"", ""target"": ""until"", ""payload"": ""2025-06-30""}"
Ambil until,clock_calendar,"{""action"": ""get"", ""target"": ""until"", ""payload"": ""2026-01-01""}"
Saya butuh until,clock_calendar,"{""action"": ""get"", ""target"": ""until"", ""payload"": ""2026-01-01""}"
Cos'è until?,clock_calendar,"{""action"": ""get"", ""target"": ""until"", ""payload"": ""2025-06-30""}"
Dimmi until,clock_calendar,"{""action"": ""get"", ""target"": ""until"", ""payload"": ""2025-06-30""}"
Mostrami until,clock_calendar,"{""action"": ""get"", ""target"": ""until"", ""payload"": ""2025-12-31""}"
Ottieni until,clock_calendar,"{""action"": ""get"", ""target"": ""until"", ""payload"": ""2025-06-30""}"
Ho bisogno di until,clock_calendar,"{""action"": ""get"", ""target"": ""until"", ""payload"": ""2025-06-30""}"
untilは?,clock_calendar,"{""action"": ""get"", ""target"": ""until"", ""payload"": ""2026-01-01""}"
untilを教えて,clock_calendar,"{""action"": ""get"", ""target"": ""until"", ""payload"": ""2025-12-31""}"
untilを見せて,clock_calendar,"{""action"": ""get"", ""target"": ""until"", ""payload"": ""2025-06-30""}"
untilを取得,clock_calendar,"{""action"": ""get"", ""target"": ""until"", ""payload"": ""2026-01-01""}"
untilが必要,clock_calendar,"{""action"": ""get"", ""target"": ""until"", ""payload"": ""2025-06-30""}"
until 뭐야?,clock_calendar,"{""action"": ""get"", ""target"": ""until"", ""payload"": ""2026-01-01""}"
until 알려줘,clock_calendar,"{""action"": ""get"", ""target"": ""until"", ""payload"": ""2026-01-01""}"
until 보여줘,clock_calendar,"{""action"": ""get"", ""target"": ""until"", ""payload"": ""2026-01-01""}"
until 가져와,clock_calendar,"{""action"": ""get"", ""target"": ""until"", ""payload"": ""2025-12-31""}"
until 필요해,clock_calendar,"{""action"": ""get"", ""target"": ""until"", ""payload"": ""2026-01-01""}"
until काय आहे?,clock_calendar,"{""action"": ""get"", ""target"": ""until"", ""payload"": ""2025-06-30""}"
मला until सांगा,clock_calendar,"{""action"": ""get"", ""target"": ""until"", ""payload"": ""2025-06-30""}"
until दाखवा,clock_calendar,"{""action"": ""get"", ""target"": ""until"", ""payload"": ""2026-01-01""}"
until मिळवा,clock_calendar,"{""action"": ""get"", ""target"": ""until"", ""payload"": ""2026-01-01""}"
मला until हवा आहे,clock_calendar,"{""action"": ""get"", ""target"": ""until"", ""payload"": ""2026-01-01""}"
until چیست؟,clock_calendar,"{""action"": ""get"", ""target"": ""until"", ""payload"": ""2025-12-31""}"
به من until را بگو,clock_calendar,"{""action"": ""get"", ""target"": ""until"", ""payload"": ""2026-01-01""}"
until را نشان بده,clock_calendar,"{""action"": ""get"", ""target"": ""until"", ""payload"": ""2025-12-31""}"
until را بگیر,clock_calendar,"{""action"": ""get"", ""target"": ""until"", ""payload"": ""2026-01-01""}"
من until نیاز دارم,clock_calendar,"{""action"": ""get"", ""target"": ""until"", ""payload"": ""2025-06-30""}"
Co to jest until?,clock_calendar,"{""action"": ""get"", ""target"": ""until"", ""payload"": ""2025-12-31""}"
Powiedz mi until,clock_calendar,"{""action"": ""get"", ""target"": ""until"", ""payload"": ""2026-01-01""}"
Pokaż until,clock_calendar,"{""action"": ""get"", ""target"": ""until"", ""payload"": ""2026-01-01""}"
Pobierz until,clock_calendar,"{""action"": ""get"", ""target"": ""until"", ""payload"": ""2026-01-01""}"
Potrzebuję until,clock_calendar,"{""action"": ""get"", ""target"": ""until"", ""payload"": ""2026-01-01""}"
O que é until?,clock_calendar,"{""action"": ""get"", ""target"": ""until"", ""payload"": ""2025-06-30""}"
Me diga until,clock_calendar,"{""action"": ""get"", ""target"": ""until"", ""payload"": ""2025-12-31""}"
Mostre until,clock_calendar,"{""action"": ""get"", ""target"": ""until"", ""payload"": ""2026-01-01""}"
Obtenha until,clock_calendar,"{""action"": ""get"", ""target"": ""until"", ""payload"": ""2025-12-31""}"
Preciso de until,clock_calendar,"{""action"": ""get"", ""target"": ""until"", ""payload"": ""2025-12-31""}"
Ce este until?,clock_calendar,"{""action"": ""get"", ""target"": ""until"", ""payload"": ""2026-01-01""}"
Spune-mi until,clock_calendar,"{""action"": ""get"", ""target"": ""until"", ""payload"": ""2026-01-01""}"
Arată-mi until,clock_calendar,"{""action"": ""get"", ""target"": ""until"", ""payload"": ""2025-12-31""}"
Obține until,clock_calendar,"{""action"": ""get"", ""target"": ""until"", ""payload"": ""2025-12-31""}"
Am nevoie de until,clock_calendar,"{""action"": ""get"", ""target"": ""until"", ""payload"": ""2025-12-31""}"
Что такое until?,clock_calendar,"{""action"": ""get"", ""target"": ""until"", ""payload"": ""2025-06-30""}"
Скажи until,clock_calendar,"{""action"": ""get"", ""target"": ""until"", ""payload"": ""2025-06-30""}"
Покажи until,clock_calendar,"{""action"": ""get"", ""target"": ""until"", ""payload"": ""2025-06-30""}"
Получи until,clock_calendar,"{""action"": ""get"", ""target"": ""until"", ""payload"": ""2025-12-31""}"
Мне нужен until,clock_calendar,"{""action"": ""get"", ""target"": ""until"", ""payload"": ""2025-06-30""}"
¿Qué es until?,clock_calendar,"{""action"": ""get"", ""target"": ""until"", ""payload"": ""2026-01-01""}"
Dime until,clock_calendar,"{""action"": ""get"", ""target"": ""until"", ""payload"": ""2025-12-31""}"
Muéstrame until,clock_calendar,"{""action"": ""get"", ""target"": ""until"", ""payload"": ""2025-06-30""}"
Obtén until,clock_calendar,"{""action"": ""get"", ""target"": ""until"", ""payload"": ""2026-01-01""}"
Necesito until,clock_calendar,"{""action"": ""get"", ""target"": ""until"", ""payload"": ""2026-01-01""}"
Nini until?,clock_calendar,"{""action"": ""get"", ""target"": ""until"", ""payload"": ""2025-06-30""}"
Niambie until,clock_calendar,"{""action"": ""get"", ""target"": ""until"", ""payload"": ""2026-01-01""}"
Nionyeshe until,clock_calendar,"{""action"": ""get"", ""target"": ""until"", ""payload"": ""2026-01-01""}"
Pata until,clock_calendar,"{""action"": ""get"", ""target"": ""until"", ""payload"": ""2025-12-31""}"
Ninahitaji until,clock_calendar,"{""action"": ""get"", ""target"": ""until"", ""payload"": ""2026-01-01""}"
until என்ன?,clock_calendar,"{""action"": ""get"", ""target"": ""until"", ""payload"": ""2025-12-31""}"
எனக்கு until சொல்,clock_calendar,"{""action"": ""get"", ""target"": ""until"", ""payload"": ""2026-01-01""}"
until காட்டு,clock_calendar,"{""action"": ""get"", ""target"": ""until"", ""payload"": ""2025-12-31""}"
until எடு,clock_calendar,"{""action"": ""get"", ""target"": ""until"", ""payload"": ""2026-01-01""}"
எனக்கு until வேண்டும்,clock_calendar,"{""action"": ""get"", ""target"": ""until"", ""payload"": ""2025-06-30""}"
until ఏమిటి?,clock_calendar,"{""action"": ""get"", ""target"": ""until"", ""payload"": ""2026-01-01""}"
నాకు until చెప్పు,clock_calendar,"{""action"": ""get"", ""target"": ""until"", ""payload"": ""2025-06-30""}"
until చూపించు,clock_calendar,"{""action"": ""get"", ""target"": ""until"", ""payload"": ""2026-01-01""}"
until తీసుకో,clock_calendar,"{""action"": ""get"", ""target"": ""until"", ""payload"": ""2025-06-30""}"
నాకు until కావాలి,clock_calendar,"{""action"": ""get"", ""target"": ""until"", ""payload"": ""2025-06-30""}"
until คืออะไร?,clock_calendar,"{""action"": ""get"", ""target"": ""until"", ""payload"": ""2025-12-31""}"
บอกฉันเรื่อง until,clock_calendar,"{""action"": ""get"", ""target"": ""until"", ""payload"": ""2025-06-30""}"
แสดง until,clock_calendar,"{""action"": ""get"", ""target"": ""until"", ""payload"": ""2026-01-01""}"
เอา until มา,clock_calendar,"{""action"": ""get"", ""target"": ""until"", ""payload"": ""2025-06-30""}"
ฉันต้องการ until,clock_calendar,"{""action"": ""get"", ""target"": ""until"", ""payload"": ""2026-01-01""}"
until nedir?,clock_calendar,"{""action"": ""get"", ""target"": ""until"", ""payload"": ""2025-06-30""}"
Bana until söyle,clock_calendar,"{""action"": ""get"", ""target"": ""until"", ""payload"": ""2026-01-01""}"
until göster,clock_calendar,"{""action"": ""get"", ""target"": ""until"", ""payload"": ""2026-01-01""}"
until al,clock_calendar,"{""action"": ""get"", ""target"": ""until"", ""payload"": ""2026-01-01""}"
Bana until lazım,clock_calendar,"{""action"": ""get"", ""target"": ""until"", ""payload"": ""2026-01-01""}"
until کیا ہے؟,clock_calendar,"{""action"": ""get"", ""target"": ""until"", ""payload"": ""2026-01-01""}"
مجھے until بتاؤ,clock_calendar,"{""action"": ""get"", ""target"": ""until"", ""payload"": ""2025-06-30""}"
until دکھاؤ,clock_calendar,"{""action"": ""get"", ""target"": ""until"", ""payload"": ""2026-01-01""}"
until حاصل کرو,clock_calendar,"{""action"": ""get"", ""target"": ""until"", ""payload"": ""2025-06-30""}"
مجھے until چاہیے,clock_calendar,"{""action"": ""get"", ""target"": ""until"", ""payload"": ""2025-12-31""}"
until là gì?,clock_calendar,"{""action"": ""get"", ""target"": ""until"", ""payload"": ""2025-12-31""}"
Cho tôi biết until,clock_calendar,"{""action"": ""get"", ""target"": ""until"", ""payload"": ""2025-06-30""}"
Hiển thị until,clock_calendar,"{""action"": ""get"", ""target"": ""until"", ""payload"": ""2026-01-01""}"
Lấy until,clock_calendar,"{""action"": ""get"", ""target"": ""until"", ""payload"": ""2025-06-30""}"
Tôi cần until,clock_calendar,"{""action"": ""get"", ""target"": ""until"", ""payload"": ""2025-12-31""}"
ما هو since؟,clock_calendar,"{""action"": ""get"", ""target"": ""since"", ""payload"": ""2024-06-01""}"
أخبرني عن since,clock_calendar,"{""action"": ""get"", ""target"": ""since"", ""payload"": ""2024-06-01""}"
اعرض لي since,clock_calendar,"{""action"": ""get"", ""target"": ""since"", ""payload"": ""2024-01-01""}"
احصل على since,clock_calendar,"{""action"": ""get"", ""target"": ""since"", ""payload"": ""2025-01-01""}"
أحتاج since,clock_calendar,"{""action"": ""get"", ""target"": ""since"", ""payload"": ""2024-01-01""}"
since কি?,clock_calendar,"{""action"": ""get"", ""target"": ""since"", ""payload"": ""2024-01-01""}"
আমাকে since বলো,clock_calendar,"{""action"": ""get"", ""target"": ""since"", ""payload"": ""2024-06-01""}"
since দেখাও,clock_calendar,"{""action"": ""get"", ""target"": ""since"", ""payload"": ""2024-06-01""}"
since নাও,clock_calendar,"{""action"": ""get"", ""target"": ""since"", ""payload"": ""2024-06-01""}"
আমার since দরকার,clock_calendar,"{""action"": ""get"", ""target"": ""since"", ""payload"": ""2024-06-01""}"
since是什么？,clock_calendar,"{""action"": ""get"", ""target"": ""since"", ""payload"": ""2024-01-01""}"
告诉我since,clock_calendar,"{""action"": ""get"", ""target"": ""since"", ""payload"": ""2024-01-01""}"
显示since,clock_calendar,"{""action"": ""get"", ""target"": ""since"", ""payload"": ""2024-06-01""}"
获取since,clock_calendar,"{""action"": ""get"", ""target"": ""since"", ""payload"": ""2024-06-01""}"
我需要since,clock_calendar,"{""action"": ""get"", ""target"": ""since"", ""payload"": ""2025-01-01""}"
Co je since?,clock_calendar,"{""action"": ""get"", ""target"": ""since"", ""payload"": ""2024-01-01""}"
Řekni mi since,clock_calendar,"{""action"": ""get"", ""target"": ""since"", ""payload"": ""2024-01-01""}"
Ukaž mi since,clock_calendar,"{""action"": ""get"", ""target"": ""since"", ""payload"": ""2024-01-01""}"
Získej since,clock_calendar,"{""action"": ""get"", ""target"": ""since"", ""payload"": ""2024-06-01""}"
Potřebuji since,clock_calendar,"{""action"": ""get"", ""target"": ""since"", ""payload"": ""2024-06-01""}"
Wat is since?,clock_calendar,"{""action"": ""get"", ""target"": ""since"", ""payload"": ""2024-06-01""}"
Vertel me since,clock_calendar,"{""action"": ""get"", ""target"": ""since"", ""payload"": ""2025-01-01""}"
Laat since zien,clock_calendar,"{""action"": ""get"", ""target"": ""since"", ""payload"": ""2024-06-01""}"
Haal since,clock_calendar,"{""action"": ""get"", ""target"": ""since"", ""payload"": ""2025-01-01""}"
Ik heb since nodig,clock_calendar,"{""action"": ""get"", ""target"": ""since"", ""payload"": ""2024-06-01""}"
What is the since?,clock_calendar,"{""action"": ""get"", ""target"": ""since"", ""payload"": ""2024-01-01""}"
Tell me the since,clock_calendar,"{""action"": ""get"", ""target"": ""since"", ""payload"": ""2025-01-01""}"
Show me since,clock_calendar,"{""action"": ""get"", ""target"": ""since"", ""payload"": ""2024-06-01""}"
Get the since,clock_calendar,"{""action"": ""get"", ""target"": ""since"", ""payload"": ""2024-06-01""}"
I need since,clock_calendar,"{""action"": ""get"", ""target"": ""since"", ""payload"": ""2024-01-01""}"
Quel est le since?,clock_calendar,"{""action"": ""get"", ""target"": ""since"", ""payload"": ""2024-06-01""}"
Dis-moi le since,clock_calendar,"{""action"": ""get"", ""target"": ""since"", ""payload"": ""2024-01-01""}"
Montre-moi since,clock_calendar,"{""action"": ""get"", ""target"": ""since"", ""payload"": ""2024-06-01""}"
Donne-moi le since,clock_calendar,"{""action"": ""get"", ""target"": ""since"", ""payload"": ""2025-01-01""}"
J'ai besoin du since,clock_calendar,"{""action"": ""get"", ""target"": ""since"", ""payload"": ""2025-01-01""}"
Was ist since?,clock_calendar,"{""action"": ""get"", ""target"": ""since"", ""payload"": ""2024-01-01""}"
Sag mir since,clock_calendar,"{""action"": ""get"", ""target"": ""since"", ""payload"": ""2024-06-01""}"
Zeig mir since,clock_calendar,"{""action"": ""get"", ""target"": ""since"", ""payload"": ""2024-01-01""}"
Hol since,clock_calendar,"{""action"": ""get"", ""target"": ""since"", ""payload"": ""2024-01-01""}"
Ich brauche since,clock_calendar,"{""action"": ""get"", ""target"": ""since"", ""payload"": ""2024-06-01""}"
Τι είναι το since;,clock_calendar,"{""action"": ""get"", ""target"": ""since"", ""payload"": ""2025-01-01""}"
Πες μου το since,clock_calendar,"{""action"": ""get"", ""target"": ""since"", ""payload"": ""2025-01-01""}"
Δείξε μου το since,clock_calendar,"{""action"": ""get"", ""target"": ""since"", ""payload"": ""2024-01-01""}"
Πάρε το since,clock_calendar,"{""action"": ""get"", ""target"": ""since"", ""payload"": ""2024-01-01""}"
Χρειάζομαι το since,clock_calendar,"{""action"": ""get"", ""target"": ""since"", ""payload"": ""2024-01-01""}"
מה זה since?,clock_calendar,"{""action"": ""get"", ""target"": ""since"", ""payload"": ""2025-01-01""}"
ספר לי על since,clock_calendar,"{""action"": ""get"", ""target"": ""since"", ""payload"": ""2025-01-01""}"
הראה לי since,clock_calendar,"{""action"": ""get"", ""target"": ""since"", ""payload"": ""2025-01-01""}"
קבל since,clock_calendar,"{""action"": ""get"", ""target"": ""since"", ""payload"": ""2024-01-01""}"
אני צריך since,clock_calendar,"{""action"": ""get"", ""target"": ""since"", ""payload"": ""2024-01-01""}"
since क्या है?,clock_calendar,"{""action"": ""get"", ""target"": ""since"", ""payload"": ""2025-01-01""}"
मुझे since बताओ,clock_calendar,"{""action"": ""get"", ""target"": ""since"", ""payload"": ""2024-01-01""}"
since दिखाओ,clock_calendar,"{""action"": ""get"", ""target"": ""since"", ""payload"": ""2025-01-01""}"
since प्राप्त करो,clock_calendar,"{""action"": ""get"", ""target"": ""since"", ""payload"": ""2025-01-01""}"
मुझे since चाहिए,clock_calendar,"{""action"": ""get"", ""target"": ""since"", ""payload"": ""2025-01-01""}"
Mi az a since?,clock_calendar,"{""action"": ""get"", ""target"": ""since"", ""payload"": ""2024-06-01""}"
Mondd el a since,clock_calendar,"{""action"": ""get"", ""target"": ""since"", ""payload"": ""2024-06-01""}"
Mutasd a since,clock_calendar,"{""action"": ""get"", ""target"": ""since"", ""payload"": ""2024-01-01""}"
Szerezd be a since,clock_calendar,"{""action"": ""get"", ""target"": ""since"", ""payload"": ""2024-06-01""}"
Szükségem van a since,clock_calendar,"{""action"": ""get"", ""target"": ""since"", ""payload"": ""2025-01-01""}"
Apa itu since?,clock_calendar,"{""action"": ""get"", ""target"": ""since"", ""payload"": ""2024-01-01""}"
Beritahu saya since,clock_calendar,"{""action"": ""get"", ""target"": ""since"", ""payload"": ""2025-01-01""}"
Tunjukkan since,clock_calendar,"{""action"": ""get"", ""target"": ""since"", ""payload"": ""2025-01-01""}"
Ambil since,clock_calendar,"{""action"": ""get"", ""target"": ""since"", ""payload"": ""2024-01-01""}"
Saya butuh since,clock_calendar,"{""action"": ""get"", ""target"": ""since"", ""payload"": ""2025-01-01""}"
Cos'è since?,clock_calendar,"{""action"": ""get"", ""target"": ""since"", ""payload"": ""2024-06-01""}"
Dimmi since,clock_calendar,"{""action"": ""get"", ""target"": ""since"", ""payload"": ""2024-01-01""}"
Mostrami since,clock_calendar,"{""action"": ""get"", ""target"": ""since"", ""payload"": ""2024-06-01""}"
Ottieni since,clock_calendar,"{""action"": ""get"", ""target"": ""since"", ""payload"": ""2024-06-01""}"
Ho bisogno di since,clock_calendar,"{""action"": ""get"", ""target"": ""since"", ""payload"": ""2024-01-01""}"
sinceは?,clock_calendar,"{""action"": ""get"", ""target"": ""since"", ""payload"": ""2025-01-01""}"
sinceを教えて,clock_calendar,"{""action"": ""get"", ""target"": ""since"", ""payload"": ""2024-06-01""}"
sinceを見せて,clock_calendar,"{""action"": ""get"", ""target"": ""since"", ""payload"": ""2024-06-01""}"
sinceを取得,clock_calendar,"{""action"": ""get"", ""target"": ""since"", ""payload"": ""2024-06-01""}"
sinceが必要,clock_calendar,"{""action"": ""get"", ""target"": ""since"", ""payload"": ""2024-01-01""}"
since 뭐야?,clock_calendar,"{""action"": ""get"", ""target"": ""since"", ""payload"": ""2025-01-01""}"
since 알려줘,clock_calendar,"{""action"": ""get"", ""target"": ""since"", ""payload"": ""2025-01-01""}"
since 보여줘,clock_calendar,"{""action"": ""get"", ""target"": ""since"", ""payload"": ""2024-01-01""}"
since 가져와,clock_calendar,"{""action"": ""get"", ""target"": ""since"", ""payload"": ""2024-01-01""}"
since 필요해,clock_calendar,"{""action"": ""get"", ""target"": ""since"", ""payload"": ""2025-01-01""}"
since काय आहे?,clock_calendar,"{""action"": ""get"", ""target"": ""since"", ""payload"": ""2024-01-01""}"
मला since सांगा,clock_calendar,"{""action"": ""get"", ""target"": ""since"", ""payload"": ""2024-01-01""}"
since दाखवा,clock_calendar,"{""action"": ""get"", ""target"": ""since"", ""payload"": ""2024-01-01""}"
since मिळवा,clock_calendar,"{""action"": ""get"", ""target"": ""since"", ""payload"": ""2025-01-01""}"
मला since हवा आहे,clock_calendar,"{""action"": ""get"", ""target"": ""since"", ""payload"": ""2025-01-01""}"
since چیست؟,clock_calendar,"{""action"": ""get"", ""target"": ""since"", ""payload"": ""2024-06-01""}"
به من since را بگو,clock_calendar,"{""action"": ""get"", ""target"": ""since"", ""payload"": ""2025-01-01""}"
since را نشان بده,clock_calendar,"{""action"": ""get"", ""target"": ""since"", ""payload"": ""2025-01-01""}"
since را بگیر,clock_calendar,"{""action"": ""get"", ""target"": ""since"", ""payload"": ""2024-06-01""}"
من since نیاز دارم,clock_calendar,"{""action"": ""get"", ""target"": ""since"", ""payload"": ""2024-06-01""}"
Co to jest since?,clock_calendar,"{""action"": ""get"", ""target"": ""since"", ""payload"": ""2025-01-01""}"
Powiedz mi since,clock_calendar,"{""action"": ""get"", ""target"": ""since"", ""payload"": ""2024-01-01""}"
Pokaż since,clock_calendar,"{""action"": ""get"", ""target"": ""since"", ""payload"": ""2024-06-01""}"
Pobierz since,clock_calendar,"{""action"": ""get"", ""target"": ""since"", ""payload"": ""2025-01-01""}"
Potrzebuję since,clock_calendar,"{""action"": ""get"", ""target"": ""since"", ""payload"": ""2025-01-01""}"
O que é since?,clock_calendar,"{""action"": ""get"", ""target"": ""since"", ""payload"": ""2024-06-01""}"
Me diga since,clock_calendar,"{""action"": ""get"", ""target"": ""since"", ""payload"": ""2024-01-01""}"
Mostre since,clock_calendar,"{""action"": ""get"", ""target"": ""since"", ""payload"": ""2024-01-01""}"
Obtenha since,clock_calendar,"{""action"": ""get"", ""target"": ""since"", ""payload"": ""2025-01-01""}"
Preciso de since,clock_calendar,"{""action"": ""get"", ""target"": ""since"", ""payload"": ""2024-06-01""}"
Ce este since?,clock_calendar,"{""action"": ""get"", ""target"": ""since"", ""payload"": ""2024-06-01""}"
Spune-mi since,clock_calendar,"{""action"": ""get"", ""target"": ""since"", ""payload"": ""2024-06-01""}"
Arată-mi since,clock_calendar,"{""action"": ""get"", ""target"": ""since"", ""payload"": ""2024-01-01""}"
Obține since,clock_calendar,"{""action"": ""get"", ""target"": ""since"", ""payload"": ""2024-01-01""}"
Am nevoie de since,clock_calendar,"{""action"": ""get"", ""target"": ""since"", ""payload"": ""2024-01-01""}"
Что такое since?,clock_calendar,"{""action"": ""get"", ""target"": ""since"", ""payload"": ""2024-06-01""}"
Скажи since,clock_calendar,"{""action"": ""get"", ""target"": ""since"", ""payload"": ""2025-01-01""}"
Покажи since,clock_calendar,"{""action"": ""get"", ""target"": ""since"", ""payload"": ""2024-01-01""}"
Получи since,clock_calendar,"{""action"": ""get"", ""target"": ""since"", ""payload"": ""2024-06-01""}"
Мне нужен since,clock_calendar,"{""action"": ""get"", ""target"": ""since"", ""payload"": ""2024-06-01""}"
¿Qué es since?,clock_calendar,"{""action"": ""get"", ""target"": ""since"", ""payload"": ""2025-01-01""}"
Dime since,clock_calendar,"{""action"": ""get"", ""target"": ""since"", ""payload"": ""2025-01-01""}"
Muéstrame since,clock_calendar,"{""action"": ""get"", ""target"": ""since"", ""payload"": ""2024-06-01""}"
Obtén since,clock_calendar,"{""action"": ""get"", ""target"": ""since"", ""payload"": ""2025-01-01""}"
Necesito since,clock_calendar,"{""action"": ""get"", ""target"": ""since"", ""payload"": ""2024-01-01""}"
Nini since?,clock_calendar,"{""action"": ""get"", ""target"": ""since"", ""payload"": ""2024-06-01""}"
Niambie since,clock_calendar,"{""action"": ""get"", ""target"": ""since"", ""payload"": ""2024-01-01""}"
Nionyeshe since,clock_calendar,"{""action"": ""get"", ""target"": ""since"", ""payload"": ""2024-06-01""}"
Pata since,clock_calendar,"{""action"": ""get"", ""target"": ""since"", ""payload"": ""2024-01-01""}"
Ninahitaji since,clock_calendar,"{""action"": ""get"", ""target"": ""since"", ""payload"": ""2025-01-01""}"
since என்ன?,clock_calendar,"{""action"": ""get"", ""target"": ""since"", ""payload"": ""2025-01-01""}"
எனக்கு since சொல்,clock_calendar,"{""action"": ""get"", ""target"": ""since"", ""payload"": ""2024-01-01""}"
since காட்டு,clock_calendar,"{""action"": ""get"", ""target"": ""since"", ""payload"": ""2024-06-01""}"
since எடு,clock_calendar,"{""action"": ""get"", ""target"": ""since"", ""payload"": ""2024-06-01""}"
எனக்கு since வேண்டும்,clock_calendar,"{""action"": ""get"", ""target"": ""since"", ""payload"": ""2024-01-01""}"
since ఏమిటి?,clock_calendar,"{""action"": ""get"", ""target"": ""since"", ""payload"": ""2024-01-01""}"
నాకు since చెప్పు,clock_calendar,"{""action"": ""get"", ""target"": ""since"", ""payload"": ""2025-01-01""}"
since చూపించు,clock_calendar,"{""action"": ""get"", ""target"": ""since"", ""payload"": ""2025-01-01""}"
since తీసుకో,clock_calendar,"{""action"": ""get"", ""target"": ""since"", ""payload"": ""2024-01-01""}"
నాకు since కావాలి,clock_calendar,"{""action"": ""get"", ""target"": ""since"", ""payload"": ""2024-01-01""}"
since คืออะไร?,clock_calendar,"{""action"": ""get"", ""target"": ""since"", ""payload"": ""2024-06-01""}"
บอกฉันเรื่อง since,clock_calendar,"{""action"": ""get"", ""target"": ""since"", ""payload"": ""2024-06-01""}"
แสดง since,clock_calendar,"{""action"": ""get"", ""target"": ""since"", ""payload"": ""2024-01-01""}"
เอา since มา,clock_calendar,"{""action"": ""get"", ""target"": ""since"", ""payload"": ""2024-06-01""}"
ฉันต้องการ since,clock_calendar,"{""action"": ""get"", ""target"": ""since"", ""payload"": ""2025-01-01""}"
since nedir?,clock_calendar,"{""action"": ""get"", ""target"": ""since"", ""payload"": ""2024-06-01""}"
Bana since söyle,clock_calendar,"{""action"": ""get"", ""target"": ""since"", ""payload"": ""2024-01-01""}"
since göster,clock_calendar,"{""action"": ""get"", ""target"": ""since"", ""payload"": ""2025-01-01""}"
since al,clock_calendar,"{""action"": ""get"", ""target"": ""since"", ""payload"": ""2025-01-01""}"
Bana since lazım,clock_calendar,"{""action"": ""get"", ""target"": ""since"", ""payload"": ""2025-01-01""}"
since کیا ہے؟,clock_calendar,"{""action"": ""get"", ""target"": ""since"", ""payload"": ""2024-06-01""}"
مجھے since بتاؤ,clock_calendar,"{""action"": ""get"", ""target"": ""since"", ""payload"": ""2024-06-01""}"
since دکھاؤ,clock_calendar,"{""action"": ""get"", ""target"": ""since"", ""payload"": ""2025-01-01""}"
since حاصل کرو,clock_calendar,"{""action"": ""get"", ""target"": ""since"", ""payload"": ""2025-01-01""}"
مجھے since چاہیے,clock_calendar,"{""action"": ""get"", ""target"": ""since"", ""payload"": ""2024-06-01""}"
since là gì?,clock_calendar,"{""action"": ""get"", ""target"": ""since"", ""payload"": ""2024-06-01""}"
Cho tôi biết since,clock_calendar,"{""action"": ""get"", ""target"": ""since"", ""payload"": ""2025-01-01""}"
Hiển thị since,clock_calendar,"{""action"": ""get"", ""target"": ""since"", ""payload"": ""2024-06-01""}"
Lấy since,clock_calendar,"{""action"": ""get"", ""target"": ""since"", ""payload"": ""2024-06-01""}"
Tôi cần since,clock_calendar,"{""action"": ""get"", ""target"": ""since"", ""payload"": ""2024-06-01""}"
ما هو date_offset؟,clock_calendar,"{""action"": ""get"", ""target"": ""date_offset"", ""payload"": ""+1 month""}"
أخبرني عن date_offset,clock_calendar,"{""action"": ""get"", ""target"": ""date_offset"", ""payload"": ""+7 days""}"
اعرض لي date_offset,clock_calendar,"{""action"": ""get"", ""target"": ""date_offset"", ""payload"": ""+1 month""}"
احصل على date_offset,clock_calendar,"{""action"": ""get"", ""target"": ""date_offset"", ""payload"": ""+1 month""}"
أحتاج date_offset,clock_calendar,"{""action"": ""get"", ""target"": ""date_offset"", ""payload"": ""-3 days""}"
date_offset কি?,clock_calendar,"{""action"": ""get"", ""target"": ""date_offset"", ""payload"": ""+7 days""}"
আমাকে date_offset বলো,clock_calendar,"{""action"": ""get"", ""target"": ""date_offset"", ""payload"": ""+7 days""}"
date_offset দেখাও,clock_calendar,"{""action"": ""get"", ""target"": ""date_offset"", ""payload"": ""+2 weeks""}"
date_offset নাও,clock_calendar,"{""action"": ""get"", ""target"": ""date_offset"", ""payload"": ""+1 month""}"
আমার date_offset দরকার,clock_calendar,"{""action"": ""get"", ""target"": ""date_offset"", ""payload"": ""-3 days""}"
date_offset是什么？,clock_calendar,"{""action"": ""get"", ""target"": ""date_offset"", ""payload"": ""+2 weeks""}"
告诉我date_offset,clock_calendar,"{""action"": ""get"", ""target"": ""date_offset"", ""payload"": ""+1 month""}"
显示date_offset,clock_calendar,"{""action"": ""get"", ""target"": ""date_offset"", ""payload"": ""+7 days""}"
获取date_offset,clock_calendar,"{""action"": ""get"", ""target"": ""date_offset"", ""payload"": ""+1 month""}"
我需要date_offset,clock_calendar,"{""action"": ""get"", ""target"": ""date_offset"", ""payload"": ""+1 month""}"
Co je date_offset?,clock_calendar,"{""action"": ""get"", ""target"": ""date_offset"", ""payload"": ""-3 days""}"
Řekni mi date_offset,clock_calendar,"{""action"": ""get"", ""target"": ""date_offset"", ""payload"": ""-3 days""}"
Ukaž mi date_offset,clock_calendar,"{""action"": ""get"", ""target"": ""date_offset"", ""payload"": ""-3 days""}"
Získej date_offset,clock_calendar,"{""action"": ""get"", ""target"": ""date_offset"", ""payload"": ""+2 weeks""}"
Potřebuji date_offset,clock_calendar,"{""action"": ""get"", ""target"": ""date_offset"", ""payload"": ""-3 days""}"
Wat is date_offset?,clock_calendar,"{""action"": ""get"", ""target"": ""date_offset"", ""payload"": ""+2 weeks""}"
Vertel me date_offset,clock_calendar,"{""action"": ""get"", ""target"": ""date_offset"", ""payload"": ""+1 month""}"
Laat date_offset zien,clock_calendar,"{""action"": ""get"", ""target"": ""date_offset"", ""payload"": ""+2 weeks""}"
Haal date_offset,clock_calendar,"{""action"": ""get"", ""target"": ""date_offset"", ""payload"": ""+2 weeks""}"
Ik heb date_offset nodig,clock_calendar,"{""action"": ""get"", ""target"": ""date_offset"", ""payload"": ""-3 days""}"
What is the date_offset?,clock_calendar,"{""action"": ""get"", ""target"": ""date_offset"", ""payload"": ""-3 days""}"
Tell me the date_offset,clock_calendar,"{""action"": ""get"", ""target"": ""date_offset"", ""payload"": ""+7 days""}"
Show me date_offset,clock_calendar,"{""action"": ""get"", ""target"": ""date_offset"", ""payload"": ""+2 weeks""}"
Get the date_offset,clock_calendar,"{""action"": ""get"", ""target"": ""date_offset"", ""payload"": ""+1 month""}"
I need date_offset,clock_calendar,"{""action"": ""get"", ""target"": ""date_offset"", ""payload"": ""+7 days""}"
Quel est le date_offset?,clock_calendar,"{""action"": ""get"", ""target"": ""date_offset"", ""payload"": ""+7 days""}"
Dis-moi le date_offset,clock_calendar,"{""action"": ""get"", ""target"": ""date_offset"", ""payload"": ""+7 days""}"
Montre-moi date_offset,clock_calendar,"{""action"": ""get"", ""target"": ""date_offset"", ""payload"": ""-3 days""}"
Donne-moi le date_offset,clock_calendar,"{""action"": ""get"", ""target"": ""date_offset"", ""payload"": ""-3 days""}"
J'ai besoin du date_offset,clock_calendar,"{""action"": ""get"", ""target"": ""date_offset"", ""payload"": ""-3 days""}"
Was ist date_offset?,clock_calendar,"{""action"": ""get"", ""target"": ""date_offset"", ""payload"": ""+1 month""}"
Sag mir date_offset,clock_calendar,"{""action"": ""get"", ""target"": ""date_offset"", ""payload"": ""+2 weeks""}"
Zeig mir date_offset,clock_calendar,"{""action"": ""get"", ""target"": ""date_offset"", ""payload"": ""+7 days""}"
Hol date_offset,clock_calendar,"{""action"": ""get"", ""target"": ""date_offset"", ""payload"": ""-3 days""}"
Ich brauche date_offset,clock_calendar,"{""action"": ""get"", ""target"": ""date_offset"", ""payload"": ""+2 weeks""}"
Τι είναι το date_offset;,clock_calendar,"{""action"": ""get"", ""target"": ""date_offset"", ""payload"": ""+7 days""}"
Πες μου το date_offset,clock_calendar,"{""action"": ""get"", ""target"": ""date_offset"", ""payload"": ""+2 weeks""}"
Δείξε μου το date_offset,clock_calendar,"{""action"": ""get"", ""target"": ""date_offset"", ""payload"": ""+7 days""}"
Πάρε το date_offset,clock_calendar,"{""action"": ""get"", ""target"": ""date_offset"", ""payload"": ""+2 weeks""}"
Χρειάζομαι το date_offset,clock_calendar,"{""action"": ""get"", ""target"": ""date_offset"", ""payload"": ""-3 days""}"
מה זה date_offset?,clock_calendar,"{""action"": ""get"", ""target"": ""date_offset"", ""payload"": ""+2 weeks""}"
ספר לי על date_offset,clock_calendar,"{""action"": ""get"", ""target"": ""date_offset"", ""payload"": ""+2 weeks""}"
הראה לי date_offset,clock_calendar,"{""action"": ""get"", ""target"": ""date_offset"", ""payload"": ""+7 days""}"
קבל date_offset,clock_calendar,"{""action"": ""get"", ""target"": ""date_offset"", ""payload"": ""+2 weeks""}"
אני צריך date_offset,clock_calendar,"{""action"": ""get"", ""target"": ""date_offset"", ""payload"": ""+1 month""}"
date_offset क्या है?,clock_calendar,"{""action"": ""get"", ""target"": ""date_offset"", ""payload"": ""+7 days""}"
मुझे date_offset बताओ,clock_calendar,"{""action"": ""get"", ""target"": ""date_offset"", ""payload"": ""+2 weeks""}"
date_offset दिखाओ,clock_calendar,"{""action"": ""get"", ""target"": ""date_offset"", ""payload"": ""+1 month""}"
date_offset प्राप्त करो,clock_calendar,"{""action"": ""get"", ""target"": ""date_offset"", ""payload"": ""+7 days""}"
मुझे date_offset चाहिए,clock_calendar,"{""action"": ""get"", ""target"": ""date_offset"", ""payload"": ""-3 days""}"
Mi az a date_offset?,clock_calendar,"{""action"": ""get"", ""target"": ""date_offset"", ""payload"": ""+7 days""}"
Mondd el a date_offset,clock_calendar,"{""action"": ""get"", ""target"": ""date_offset"", ""payload"": ""+7 days""}"
Mutasd a date_offset,clock_calendar,"{""action"": ""get"", ""target"": ""date_offset"", ""payload"": ""+2 weeks""}"
Szerezd be a date_offset,clock_calendar,"{""action"": ""get"", ""target"": ""date_offset"", ""payload"": ""+1 month""}"
Szükségem van a date_offset,clock_calendar,"{""action"": ""get"", ""target"": ""date_offset"", ""payload"": ""+7 days""}"
Apa itu date_offset?,clock_calendar,"{""action"": ""get"", ""target"": ""date_offset"", ""payload"": ""+7 days""}"
Beritahu saya date_offset,clock_calendar,"{""action"": ""get"", ""target"": ""date_offset"", ""payload"": ""+7 days""}"
Tunjukkan date_offset,clock_calendar,"{""action"": ""get"", ""target"": ""date_offset"", ""payload"": ""+2 weeks""}"
Ambil date_offset,clock_calendar,"{""action"": ""get"", ""target"": ""date_offset"", ""payload"": ""+7 days""}"
Saya butuh date_offset,clock_calendar,"{""action"": ""get"", ""target"": ""date_offset"", ""payload"": ""+1 month""}"
Cos'è date_offset?,clock_calendar,"{""action"": ""get"", ""target"": ""date_offset"", ""payload"": ""+2 weeks""}"
Dimmi date_offset,clock_calendar,"{""action"": ""get"", ""target"": ""date_offset"", ""payload"": ""-3 days""}"
Mostrami date_offset,clock_calendar,"{""action"": ""get"", ""target"": ""date_offset"", ""payload"": ""-3 days""}"
Ottieni date_offset,clock_calendar,"{""action"": ""get"", ""target"": ""date_offset"", ""payload"": ""+2 weeks""}"
Ho bisogno di date_offset,clock_calendar,"{""action"": ""get"", ""target"": ""date_offset"", ""payload"": ""+1 month""}"
date_offsetは?,clock_calendar,"{""action"": ""get"", ""target"": ""date_offset"", ""payload"": ""+2 weeks""}"
date_offsetを教えて,clock_calendar,"{""action"": ""get"", ""target"": ""date_offset"", ""payload"": ""+2 weeks""}"
date_offsetを見せて,clock_calendar,"{""action"": ""get"", ""target"": ""date_offset"", ""payload"": ""+2 weeks""}"
date_offsetを取得,clock_calendar,"{""action"": ""get"", ""target"": ""date_offset"", ""payload"": ""+2 weeks""}"
date_offsetが必要,clock_calendar,"{""action"": ""get"", ""target"": ""date_offset"", ""payload"": ""+7 days""}"
date_offset 뭐야?,clock_calendar,"{""action"": ""get"", ""target"": ""date_offset"", ""payload"": ""-3 days""}"
date_offset 알려줘,clock_calendar,"{""action"": ""get"", ""target"": ""date_offset"", ""payload"": ""+1 month""}"
date_offset 보여줘,clock_calendar,"{""action"": ""get"", ""target"": ""date_offset"", ""payload"": ""+7 days""}"
date_offset 가져와,clock_calendar,"{""action"": ""get"", ""target"": ""date_offset"", ""payload"": ""-3 days""}"
date_offset 필요해,clock_calendar,"{""action"": ""get"", ""target"": ""date_offset"", ""payload"": ""+2 weeks""}"
date_offset काय आहे?,clock_calendar,"{""action"": ""get"", ""target"": ""date_offset"", ""payload"": ""-3 days""}"
मला date_offset सांगा,clock_calendar,"{""action"": ""get"", ""target"": ""date_offset"", ""payload"": ""-3 days""}"
date_offset दाखवा,clock_calendar,"{""action"": ""get"", ""target"": ""date_offset"", ""payload"": ""+7 days""}"
date_offset मिळवा,clock_calendar,"{""action"": ""get"", ""target"": ""date_offset"", ""payload"": ""+7 days""}"
मला date_offset हवा आहे,clock_calendar,"{""action"": ""get"", ""target"": ""date_offset"", ""payload"": ""+1 month""}"
date_offset چیست؟,clock_calendar,"{""action"": ""get"", ""target"": ""date_offset"", ""payload"": ""+2 weeks""}"
به من date_offset را بگو,clock_calendar,"{""action"": ""get"", ""target"": ""date_offset"", ""payload"": ""+2 weeks""}"
date_offset را نشان بده,clock_calendar,"{""action"": ""get"", ""target"": ""date_offset"", ""payload"": ""+2 weeks""}"
date_offset را بگیر,clock_calendar,"{""action"": ""get"", ""target"": ""date_offset"", ""payload"": ""-3 days""}"
من date_offset نیاز دارم,clock_calendar,"{""action"": ""get"", ""target"": ""date_offset"", ""payload"": ""-3 days""}"
Co to jest date_offset?,clock_calendar,"{""action"": ""get"", ""target"": ""date_offset"", ""payload"": ""+2 weeks""}"
Powiedz mi date_offset,clock_calendar,"{""action"": ""get"", ""target"": ""date_offset"", ""payload"": ""+1 month""}"
Pokaż date_offset,clock_calendar,"{""action"": ""get"", ""target"": ""date_offset"", ""payload"": ""-3 days""}"
Pobierz date_offset,clock_calendar,"{""action"": ""get"", ""target"": ""date_offset"", ""payload"": ""+1 month""}"
Potrzebuję date_offset,clock_calendar,"{""action"": ""get"", ""target"": ""date_offset"", ""payload"": ""-3 days""}"
O que é date_offset?,clock_calendar,"{""action"": ""get"", ""target"": ""date_offset"", ""payload"": ""+7 days""}"
Me diga date_offset,clock_calendar,"{""action"": ""get"", ""target"": ""date_offset"", ""payload"": ""+7 days""}"
Mostre date_offset,clock_calendar,"{""action"": ""get"", ""target"": ""date_offset"", ""payload"": ""+2 weeks""}"
Obtenha date_offset,clock_calendar,"{""action"": ""get"", ""target"": ""date_offset"", ""payload"": ""+7 days""}"
Preciso de date_offset,clock_calendar,"{""action"": ""get"", ""target"": ""date_offset"", ""payload"": ""-3 days""}"
Ce este date_offset?,clock_calendar,"{""action"": ""get"", ""target"": ""date_offset"", ""payload"": ""-3 days""}"
Spune-mi date_offset,clock_calendar,"{""action"": ""get"", ""target"": ""date_offset"", ""payload"": ""+7 days""}"
Arată-mi date_offset,clock_calendar,"{""action"": ""get"", ""target"": ""date_offset"", ""payload"": ""+7 days""}"
Obține date_offset,clock_calendar,"{""action"": ""get"", ""target"": ""date_offset"", ""payload"": ""+7 days""}"
Am nevoie de date_offset,clock_calendar,"{""action"": ""get"", ""target"": ""date_offset"", ""payload"": ""+2 weeks""}"
Что такое date_offset?,clock_calendar,"{""action"": ""get"", ""target"": ""date_offset"", ""payload"": ""+7 days""}"
Скажи date_offset,clock_calendar,"{""action"": ""get"", ""target"": ""date_offset"", ""payload"": ""-3 days""}"
Покажи date_offset,clock_calendar,"{""action"": ""get"", ""target"": ""date_offset"", ""payload"": ""+7 days""}"
Получи date_offset,clock_calendar,"{""action"": ""get"", ""target"": ""date_offset"", ""payload"": ""+2 weeks""}"
Мне нужен date_offset,clock_calendar,"{""action"": ""get"", ""target"": ""date_offset"", ""payload"": ""+2 weeks""}"
¿Qué es date_offset?,clock_calendar,"{""action"": ""get"", ""target"": ""date_offset"", ""payload"": ""-3 days""}"
Dime date_offset,clock_calendar,"{""action"": ""get"", ""target"": ""date_offset"", ""payload"": ""-3 days""}"
Muéstrame date_offset,clock_calendar,"{""action"": ""get"", ""target"": ""date_offset"", ""payload"": ""+7 days""}"
Obtén date_offset,clock_calendar,"{""action"": ""get"", ""target"": ""date_offset"", ""payload"": ""-3 days""}"
Necesito date_offset,clock_calendar,"{""action"": ""get"", ""target"": ""date_offset"", ""payload"": ""+1 month""}"
Nini date_offset?,clock_calendar,"{""action"": ""get"", ""target"": ""date_offset"", ""payload"": ""-3 days""}"
Niambie date_offset,clock_calendar,"{""action"": ""get"", ""target"": ""date_offset"", ""payload"": ""+1 month""}"
Nionyeshe date_offset,clock_calendar,"{""action"": ""get"", ""target"": ""date_offset"", ""payload"": ""+1 month""}"
Pata date_offset,clock_calendar,"{""action"": ""get"", ""target"": ""date_offset"", ""payload"": ""-3 days""}"
Ninahitaji date_offset,clock_calendar,"{""action"": ""get"", ""target"": ""date_offset"", ""payload"": ""+1 month""}"
date_offset என்ன?,clock_calendar,"{""action"": ""get"", ""target"": ""date_offset"", ""payload"": ""-3 days""}"
எனக்கு date_offset சொல்,clock_calendar,"{""action"": ""get"", ""target"": ""date_offset"", ""payload"": ""-3 days""}"
date_offset காட்டு,clock_calendar,"{""action"": ""get"", ""target"": ""date_offset"", ""payload"": ""+2 weeks""}"
date_offset எடு,clock_calendar,"{""action"": ""get"", ""target"": ""date_offset"", ""payload"": ""+1 month""}"
எனக்கு date_offset வேண்டும்,clock_calendar,"{""action"": ""get"", ""target"": ""date_offset"", ""payload"": ""+1 month""}"
date_offset ఏమిటి?,clock_calendar,"{""action"": ""get"", ""target"": ""date_offset"", ""payload"": ""+7 days""}"
నాకు date_offset చెప్పు,clock_calendar,"{""action"": ""get"", ""target"": ""date_offset"", ""payload"": ""-3 days""}"
date_offset చూపించు,clock_calendar,"{""action"": ""get"", ""target"": ""date_offset"", ""payload"": ""+2 weeks""}"
date_offset తీసుకో,clock_calendar,"{""action"": ""get"", ""target"": ""date_offset"", ""payload"": ""+2 weeks""}"
నాకు date_offset కావాలి,clock_calendar,"{""action"": ""get"", ""target"": ""date_offset"", ""payload"": ""+7 days""}"
date_offset คืออะไร?,clock_calendar,"{""action"": ""get"", ""target"": ""date_offset"", ""payload"": ""+1 month""}"
บอกฉันเรื่อง date_offset,clock_calendar,"{""action"": ""get"", ""target"": ""date_offset"", ""payload"": ""+2 weeks""}"
แสดง date_offset,clock_calendar,"{""action"": ""get"", ""target"": ""date_offset"", ""payload"": ""+1 month""}"
เอา date_offset มา,clock_calendar,"{""action"": ""get"", ""target"": ""date_offset"", ""payload"": ""+2 weeks""}"
ฉันต้องการ date_offset,clock_calendar,"{""action"": ""get"", ""target"": ""date_offset"", ""payload"": ""+2 weeks""}"
date_offset nedir?,clock_calendar,"{""action"": ""get"", ""target"": ""date_offset"", ""payload"": ""-3 days""}"
Bana date_offset söyle,clock_calendar,"{""action"": ""get"", ""target"": ""date_offset"", ""payload"": ""+1 month""}"
date_offset göster,clock_calendar,"{""action"": ""get"", ""target"": ""date_offset"", ""payload"": ""+2 weeks""}"
date_offset al,clock_calendar,"{""action"": ""get"", ""target"": ""date_offset"", ""payload"": ""-3 days""}"
Bana date_offset lazım,clock_calendar,"{""action"": ""get"", ""target"": ""date_offset"", ""payload"": ""+2 weeks""}"
date_offset کیا ہے؟,clock_calendar,"{""action"": ""get"", ""target"": ""date_offset"", ""payload"": ""-3 days""}"
مجھے date_offset بتاؤ,clock_calendar,"{""action"": ""get"", ""target"": ""date_offset"", ""payload"": ""-3 days""}"
date_offset دکھاؤ,clock_calendar,"{""action"": ""get"", ""target"": ""date_offset"", ""payload"": ""+1 month""}"
date_offset حاصل کرو,clock_calendar,"{""action"": ""get"", ""target"": ""date_offset"", ""payload"": ""-3 days""}"
مجھے date_offset چاہیے,clock_calendar,"{""action"": ""get"", ""target"": ""date_offset"", ""payload"": ""+2 weeks""}"
date_offset là gì?,clock_calendar,"{""action"": ""get"", ""target"": ""date_offset"", ""payload"": ""+7 days""}"
Cho tôi biết date_offset,clock_calendar,"{""action"": ""get"", ""target"": ""date_offset"", ""payload"": ""+2 weeks""}"
Hiển thị date_offset,clock_calendar,"{""action"": ""get"", ""target"": ""date_offset"", ""payload"": ""+2 weeks""}"
Lấy date_offset,clock_calendar,"{""action"": ""get"", ""target"": ""date_offset"", ""payload"": ""-3 days""}"
Tôi cần date_offset,clock_calendar,"{""action"": ""get"", ""target"": ""date_offset"", ""payload"": ""+2 weeks""}"
ما هو day_of_week؟,clock_calendar,"{""action"": ""get"", ""target"": ""day_of_week"", ""payload"": ""2025-01-15""}"
أخبرني عن day_of_week,clock_calendar,"{""action"": ""get"", ""target"": ""day_of_week"", ""payload"": ""2025-06-01""}"
اعرض لي day_of_week,clock_calendar,"{""action"": ""get"", ""target"": ""day_of_week"", ""payload"": ""2025-01-15""}"
احصل على day_of_week,clock_calendar,"{""action"": ""get"", ""target"": ""day_of_week"", ""payload"": ""2025-06-01""}"
أحتاج day_of_week,clock_calendar,"{""action"": ""get"", ""target"": ""day_of_week"", ""payload"": ""2025-12-25""}"
day_of_week কি?,clock_calendar,"{""action"": ""get"", ""target"": ""day_of_week"", ""payload"": ""2025-01-15""}"
আমাকে day_of_week বলো,clock_calendar,"{""action"": ""get"", ""target"": ""day_of_week"", ""payload"": ""2025-06-01""}"
day_of_week দেখাও,clock_calendar,"{""action"": ""get"", ""target"": ""day_of_week"", ""payload"": ""2025-06-01""}"
day_of_week নাও,clock_calendar,"{""action"": ""get"", ""target"": ""day_of_week"", ""payload"": ""2025-01-15""}"
আমার day_of_week দরকার,clock_calendar,"{""action"": ""get"", ""target"": ""day_of_week"", ""payload"": ""2025-12-25""}"
day_of_week是什么？,clock_calendar,"{""action"": ""get"", ""target"": ""day_of_week"", ""payload"": ""2025-12-25""}"
告诉我day_of_week,clock_calendar,"{""action"": ""get"", ""target"": ""day_of_week"", ""payload"": ""2025-01-15""}"
显示day_of_week,clock_calendar,"{""action"": ""get"", ""target"": ""day_of_week"", ""payload"": ""2025-01-15""}"
获取day_of_week,clock_calendar,"{""action"": ""get"", ""target"": ""day_of_week"", ""payload"": ""2025-06-01""}"
我需要day_of_week,clock_calendar,"{""action"": ""get"", ""target"": ""day_of_week"", ""payload"": ""2025-06-01""}"
Co je day_of_week?,clock_calendar,"{""action"": ""get"", ""target"": ""day_of_week"", ""payload"": ""2025-12-25""}"
Řekni mi day_of_week,clock_calendar,"{""action"": ""get"", ""target"": ""day_of_week"", ""payload"": ""2025-12-25""}"
Ukaž mi day_of_week,clock_calendar,"{""action"": ""get"", ""target"": ""day_of_week"", ""payload"": ""2025-12-25""}"
Získej day_of_week,clock_calendar,"{""action"": ""get"", ""target"": ""day_of_week"", ""payload"": ""2025-01-15""}"
Potřebuji day_of_week,clock_calendar,"{""action"": ""get"", ""target"": ""day_of_week"", ""payload"": ""2025-01-15""}"
Wat is day_of_week?,clock_calendar,"{""action"": ""get"", ""target"": ""day_of_week"", ""payload"": ""2025-01-15""}"
Vertel me day_of_week,clock_calendar,"{""action"": ""get"", ""target"": ""day_of_week"", ""payload"": ""2025-12-25""}"
Laat day_of_week zien,clock_calendar,"{""action"": ""get"", ""target"": ""day_of_week"", ""payload"": ""2025-12-25""}"
Haal day_of_week,clock_calendar,"{""action"": ""get"", ""target"": ""day_of_week"", ""payload"": ""2025-12-25""}"
Ik heb day_of_week nodig,clock_calendar,"{""action"": ""get"", ""target"": ""day_of_week"", ""payload"": ""2025-12-25""}"
What is the day_of_week?,clock_calendar,"{""action"": ""get"", ""target"": ""day_of_week"", ""payload"": ""2025-01-15""}"
Tell me the day_of_week,clock_calendar,"{""action"": ""get"", ""target"": ""day_of_week"", ""payload"": ""2025-06-01""}"
Show me day_of_week,clock_calendar,"{""action"": ""get"", ""target"": ""day_of_week"", ""payload"": ""2025-01-15""}"
Get the day_of_week,clock_calendar,"{""action"": ""get"", ""target"": ""day_of_week"", ""payload"": ""2025-06-01""}"
I need day_of_week,clock_calendar,"{""action"": ""get"", ""target"": ""day_of_week"", ""payload"": ""2025-06-01""}"
Quel est le day_of_week?,clock_calendar,"{""action"": ""get"", ""target"": ""day_of_week"", ""payload"": ""2025-01-15""}"
Dis-moi le day_of_week,clock_calendar,"{""action"": ""get"", ""target"": ""day_of_week"", ""payload"": ""2025-01-15""}"
Montre-moi day_of_week,clock_calendar,"{""action"": ""get"", ""target"": ""day_of_week"", ""payload"": ""2025-01-15""}"
Donne-moi le day_of_week,clock_calendar,"{""action"": ""get"", ""target"": ""day_of_week"", ""payload"": ""2025-12-25""}"
J'ai besoin du day_of_week,clock_calendar,"{""action"": ""get"", ""target"": ""day_of_week"", ""payload"": ""2025-01-15""}"
Was ist day_of_week?,clock_calendar,"{""action"": ""get"", ""target"": ""day_of_week"", ""payload"": ""2025-12-25""}"
Sag mir day_of_week,clock_calendar,"{""action"": ""get"", ""target"": ""day_of_week"", ""payload"": ""2025-06-01""}"
Zeig mir day_of_week,clock_calendar,"{""action"": ""get"", ""target"": ""day_of_week"", ""payload"": ""2025-01-15""}"
Hol day_of_week,clock_calendar,"{""action"": ""get"", ""target"": ""day_of_week"", ""payload"": ""2025-12-25""}"
Ich brauche day_of_week,clock_calendar,"{""action"": ""get"", ""target"": ""day_of_week"", ""payload"": ""2025-12-25""}"
Τι είναι το day_of_week;,clock_calendar,"{""action"": ""get"", ""target"": ""day_of_week"", ""payload"": ""2025-12-25""}"
Πες μου το day_of_week,clock_calendar,"{""action"": ""get"", ""target"": ""day_of_week"", ""payload"": ""2025-01-15""}"
Δείξε μου το day_of_week,clock_calendar,"{""action"": ""get"", ""target"": ""day_of_week"", ""payload"": ""2025-06-01""}"
Πάρε το day_of_week,clock_calendar,"{""action"": ""get"", ""target"": ""day_of_week"", ""payload"": ""2025-01-15""}"
Χρειάζομαι το day_of_week,clock_calendar,"{""action"": ""get"", ""target"": ""day_of_week"", ""payload"": ""2025-12-25""}"
מה זה day_of_week?,clock_calendar,"{""action"": ""get"", ""target"": ""day_of_week"", ""payload"": ""2025-06-01""}"
ספר לי על day_of_week,clock_calendar,"{""action"": ""get"", ""target"": ""day_of_week"", ""payload"": ""2025-06-01""}"
הראה לי day_of_week,clock_calendar,"{""action"": ""get"", ""target"": ""day_of_week"", ""payload"": ""2025-06-01""}"
קבל day_of_week,clock_calendar,"{""action"": ""get"", ""target"": ""day_of_week"", ""payload"": ""2025-06-01""}"
אני צריך day_of_week,clock_calendar,"{""action"": ""get"", ""target"": ""day_of_week"", ""payload"": ""2025-12-25""}"
day_of_week क्या है?,clock_calendar,"{""action"": ""get"", ""target"": ""day_of_week"", ""payload"": ""2025-12-25""}"
मुझे day_of_week बताओ,clock_calendar,"{""action"": ""get"", ""target"": ""day_of_week"", ""payload"": ""2025-06-01""}"
day_of_week दिखाओ,clock_calendar,"{""action"": ""get"", ""target"": ""day_of_week"", ""payload"": ""2025-06-01""}"
day_of_week प्राप्त करो,clock_calendar,"{""action"": ""get"", ""target"": ""day_of_week"", ""payload"": ""2025-06-01""}"
मुझे day_of_week चाहिए,clock_calendar,"{""action"": ""get"", ""target"": ""day_of_week"", ""payload"": ""2025-06-01""}"
Mi az a day_of_week?,clock_calendar,"{""action"": ""get"", ""target"": ""day_of_week"", ""payload"": ""2025-12-25""}"
Mondd el a day_of_week,clock_calendar,"{""action"": ""get"", ""target"": ""day_of_week"", ""payload"": ""2025-06-01""}"
Mutasd a day_of_week,clock_calendar,"{""action"": ""get"", ""target"": ""day_of_week"", ""payload"": ""2025-06-01""}"
Szerezd be a day_of_week,clock_calendar,"{""action"": ""get"", ""target"": ""day_of_week"", ""payload"": ""2025-01-15""}"
Szükségem van a day_of_week,clock_calendar,"{""action"": ""get"", ""target"": ""day_of_week"", ""payload"": ""2025-12-25""}"
Apa itu day_of_week?,clock_calendar,"{""action"": ""get"", ""target"": ""day_of_week"", ""payload"": ""2025-06-01""}"
Beritahu saya day_of_week,clock_calendar,"{""action"": ""get"", ""target"": ""day_of_week"", ""payload"": ""2025-06-01""}"
Tunjukkan day_of_week,clock_calendar,"{""action"": ""get"", ""target"": ""day_of_week"", ""payload"": ""2025-01-15""}"
Ambil day_of_week,clock_calendar,"{""action"": ""get"", ""target"": ""day_of_week"", ""payload"": ""2025-06-01""}"
Saya butuh day_of_week,clock_calendar,"{""action"": ""get"", ""target"": ""day_of_week"", ""payload"": ""2025-06-01""}"
Cos'è day_of_week?,clock_calendar,"{""action"": ""get"", ""target"": ""day_of_week"", ""payload"": ""2025-06-01""}"
Dimmi day_of_week,clock_calendar,"{""action"": ""get"", ""target"": ""day_of_week"", ""payload"": ""2025-01-15""}"
Mostrami day_of_week,clock_calendar,"{""action"": ""get"", ""target"": ""day_of_week"", ""payload"": ""2025-12-25""}"
Ottieni day_of_week,clock_calendar,"{""action"": ""get"", ""target"": ""day_of_week"", ""payload"": ""2025-01-15""}"
Ho bisogno di day_of_week,clock_calendar,"{""action"": ""get"", ""target"": ""day_of_week"", ""payload"": ""2025-12-25""}"
day_of_weekは?,clock_calendar,"{""action"": ""get"", ""target"": ""day_of_week"", ""payload"": ""2025-01-15""}"
day_of_weekを教えて,clock_calendar,"{""action"": ""get"", ""target"": ""day_of_week"", ""payload"": ""2025-01-15""}"
day_of_weekを見せて,clock_calendar,"{""action"": ""get"", ""target"": ""day_of_week"", ""payload"": ""2025-06-01""}"
day_of_weekを取得,clock_calendar,"{""action"": ""get"", ""target"": ""day_of_week"", ""payload"": ""2025-12-25""}"
day_of_weekが必要,clock_calendar,"{""action"": ""get"", ""target"": ""day_of_week"", ""payload"": ""2025-12-25""}"
day_of_week 뭐야?,clock_calendar,"{""action"": ""get"", ""target"": ""day_of_week"", ""payload"": ""2025-12-25""}"
day_of_week 알려줘,clock_calendar,"{""action"": ""get"", ""target"": ""day_of_week"", ""payload"": ""2025-12-25""}"
day_of_week 보여줘,clock_calendar,"{""action"": ""get"", ""target"": ""day_of_week"", ""payload"": ""2025-06-01""}"
day_of_week 가져와,clock_calendar,"{""action"": ""get"", ""target"": ""day_of_week"", ""payload"": ""2025-06-01""}"
day_of_week 필요해,clock_calendar,"{""action"": ""get"", ""target"": ""day_of_week"", ""payload"": ""2025-01-15""}"
day_of_week काय आहे?,clock_calendar,"{""action"": ""get"", ""target"": ""day_of_week"", ""payload"": ""2025-01-15""}"
मला day_of_week सांगा,clock_calendar,"{""action"": ""get"", ""target"": ""day_of_week"", ""payload"": ""2025-06-01""}"
day_of_week दाखवा,clock_calendar,"{""action"": ""get"", ""target"": ""day_of_week"", ""payload"": ""2025-01-15""}"
day_of_week मिळवा,clock_calendar,"{""action"": ""get"", ""target"": ""day_of_week"", ""payload"": ""2025-06-01""}"
मला day_of_week हवा आहे,clock_calendar,"{""action"": ""get"", ""target"": ""day_of_week"", ""payload"": ""2025-12-25""}"
day_of_week چیست؟,clock_calendar,"{""action"": ""get"", ""target"": ""day_of_week"", ""payload"": ""2025-01-15""}"
به من day_of_week را بگو,clock_calendar,"{""action"": ""get"", ""target"": ""day_of_week"", ""payload"": ""2025-06-01""}"
day_of_week را نشان بده,clock_calendar,"{""action"": ""get"", ""target"": ""day_of_week"", ""payload"": ""2025-12-25""}"
day_of_week را بگیر,clock_calendar,"{""action"": ""get"", ""target"": ""day_of_week"", ""payload"": ""2025-12-25""}"
من day_of_week نیاز دارم,clock_calendar,"{""action"": ""get"", ""target"": ""day_of_week"", ""payload"": ""2025-12-25""}"
Co to jest day_of_week?,clock_calendar,"{""action"": ""get"", ""target"": ""day_of_week"", ""payload"": ""2025-06-01""}"
Powiedz mi day_of_week,clock_calendar,"{""action"": ""get"", ""target"": ""day_of_week"", ""payload"": ""2025-06-01""}"
Pokaż day_of_week,clock_calendar,"{""action"": ""get"", ""target"": ""day_of_week"", ""payload"": ""2025-06-01""}"
Pobierz day_of_week,clock_calendar,"{""action"": ""get"", ""target"": ""day_of_week"", ""payload"": ""2025-12-25""}"
Potrzebuję day_of_week,clock_calendar,"{""action"": ""get"", ""target"": ""day_of_week"", ""payload"": ""2025-12-25""}"
O que é day_of_week?,clock_calendar,"{""action"": ""get"", ""target"": ""day_of_week"", ""payload"": ""2025-12-25""}"
Me diga day_of_week,clock_calendar,"{""action"": ""get"", ""target"": ""day_of_week"", ""payload"": ""2025-06-01""}"
Mostre day_of_week,clock_calendar,"{""action"": ""get"", ""target"": ""day_of_week"", ""payload"": ""2025-06-01""}"
Obtenha day_of_week,clock_calendar,"{""action"": ""get"", ""target"": ""day_of_week"", ""payload"": ""2025-01-15""}"
Preciso de day_of_week,clock_calendar,"{""action"": ""get"", ""target"": ""day_of_week"", ""payload"": ""2025-12-25""}"
Ce este day_of_week?,clock_calendar,"{""action"": ""get"", ""target"": ""day_of_week"", ""payload"": ""2025-06-01""}"
Spune-mi day_of_week,clock_calendar,"{""action"": ""get"", ""target"": ""day_of_week"", ""payload"": ""2025-01-15""}"
Arată-mi day_of_week,clock_calendar,"{""action"": ""get"", ""target"": ""day_of_week"", ""payload"": ""2025-01-15""}"
Obține day_of_week,clock_calendar,"{""action"": ""get"", ""target"": ""day_of_week"", ""payload"": ""2025-12-25""}"
Am nevoie de day_of_week,clock_calendar,"{""action"": ""get"", ""target"": ""day_of_week"", ""payload"": ""2025-12-25""}"
Что такое day_of_week?,clock_calendar,"{""action"": ""get"", ""target"": ""day_of_week"", ""payload"": ""2025-06-01""}"
Скажи day_of_week,clock_calendar,"{""action"": ""get"", ""target"": ""day_of_week"", ""payload"": ""2025-01-15""}"
Покажи day_of_week,clock_calendar,"{""action"": ""get"", ""target"": ""day_of_week"", ""payload"": ""2025-12-25""}"
Получи day_of_week,clock_calendar,"{""action"": ""get"", ""target"": ""day_of_week"", ""payload"": ""2025-12-25""}"
Мне нужен day_of_week,clock_calendar,"{""action"": ""get"", ""target"": ""day_of_week"", ""payload"": ""2025-01-15""}"
¿Qué es day_of_week?,clock_calendar,"{""action"": ""get"", ""target"": ""day_of_week"", ""payload"": ""2025-12-25""}"
Dime day_of_week,clock_calendar,"{""action"": ""get"", ""target"": ""day_of_week"", ""payload"": ""2025-01-15""}"
Muéstrame day_of_week,clock_calendar,"{""action"": ""get"", ""target"": ""day_of_week"", ""payload"": ""2025-01-15""}"
Obtén day_of_week,clock_calendar,"{""action"": ""get"", ""target"": ""day_of_week"", ""payload"": ""2025-12-25""}"
Necesito day_of_week,clock_calendar,"{""action"": ""get"", ""target"": ""day_of_week"", ""payload"": ""2025-01-15""}"
Nini day_of_week?,clock_calendar,"{""action"": ""get"", ""target"": ""day_of_week"", ""payload"": ""2025-01-15""}"
Niambie day_of_week,clock_calendar,"{""action"": ""get"", ""target"": ""day_of_week"", ""payload"": ""2025-06-01""}"
Nionyeshe day_of_week,clock_calendar,"{""action"": ""get"", ""target"": ""day_of_week"", ""payload"": ""2025-01-15""}"
Pata day_of_week,clock_calendar,"{""action"": ""get"", ""target"": ""day_of_week"", ""payload"": ""2025-12-25""}"
Ninahitaji day_of_week,clock_calendar,"{""action"": ""get"", ""target"": ""day_of_week"", ""payload"": ""2025-01-15""}"
day_of_week என்ன?,clock_calendar,"{""action"": ""get"", ""target"": ""day_of_week"", ""payload"": ""2025-01-15""}"
எனக்கு day_of_week சொல்,clock_calendar,"{""action"": ""get"", ""target"": ""day_of_week"", ""payload"": ""2025-12-25""}"
day_of_week காட்டு,clock_calendar,"{""action"": ""get"", ""target"": ""day_of_week"", ""payload"": ""2025-01-15""}"
day_of_week எடு,clock_calendar,"{""action"": ""get"", ""target"": ""day_of_week"", ""payload"": ""2025-01-15""}"
எனக்கு day_of_week வேண்டும்,clock_calendar,"{""action"": ""get"", ""target"": ""day_of_week"", ""payload"": ""2025-01-15""}"
day_of_week ఏమిటి?,clock_calendar,"{""action"": ""get"", ""target"": ""day_of_week"", ""payload"": ""2025-12-25""}"
నాకు day_of_week చెప్పు,clock_calendar,"{""action"": ""get"", ""target"": ""day_of_week"", ""payload"": ""2025-06-01""}"
day_of_week చూపించు,clock_calendar,"{""action"": ""get"", ""target"": ""day_of_week"", ""payload"": ""2025-06-01""}"
day_of_week తీసుకో,clock_calendar,"{""action"": ""get"", ""target"": ""day_of_week"", ""payload"": ""2025-01-15""}"
నాకు day_of_week కావాలి,clock_calendar,"{""action"": ""get"", ""target"": ""day_of_week"", ""payload"": ""2025-12-25""}"
day_of_week คืออะไร?,clock_calendar,"{""action"": ""get"", ""target"": ""day_of_week"", ""payload"": ""2025-12-25""}"
บอกฉันเรื่อง day_of_week,clock_calendar,"{""action"": ""get"", ""target"": ""day_of_week"", ""payload"": ""2025-12-25""}"
แสดง day_of_week,clock_calendar,"{""action"": ""get"", ""target"": ""day_of_week"", ""payload"": ""2025-12-25""}"
เอา day_of_week มา,clock_calendar,"{""action"": ""get"", ""target"": ""day_of_week"", ""payload"": ""2025-06-01""}"
ฉันต้องการ day_of_week,clock_calendar,"{""action"": ""get"", ""target"": ""day_of_week"", ""payload"": ""2025-12-25""}"
day_of_week nedir?,clock_calendar,"{""action"": ""get"", ""target"": ""day_of_week"", ""payload"": ""2025-06-01""}"
Bana day_of_week söyle,clock_calendar,"{""action"": ""get"", ""target"": ""day_of_week"", ""payload"": ""2025-01-15""}"
day_of_week göster,clock_calendar,"{""action"": ""get"", ""target"": ""day_of_week"", ""payload"": ""2025-01-15""}"
day_of_week al,clock_calendar,"{""action"": ""get"", ""target"": ""day_of_week"", ""payload"": ""2025-12-25""}"
Bana day_of_week lazım,clock_calendar,"{""action"": ""get"", ""target"": ""day_of_week"", ""payload"": ""2025-12-25""}"
day_of_week کیا ہے؟,clock_calendar,"{""action"": ""get"", ""target"": ""day_of_week"", ""payload"": ""2025-06-01""}"
مجھے day_of_week بتاؤ,clock_calendar,"{""action"": ""get"", ""target"": ""day_of_week"", ""payload"": ""2025-01-15""}"
day_of_week دکھاؤ,clock_calendar,"{""action"": ""get"", ""target"": ""day_of_week"", ""payload"": ""2025-01-15""}"
day_of_week حاصل کرو,clock_calendar,"{""action"": ""get"", ""target"": ""day_of_week"", ""payload"": ""2025-12-25""}"
مجھے day_of_week چاہیے,clock_calendar,"{""action"": ""get"", ""target"": ""day_of_week"", ""payload"": ""2025-12-25""}"
day_of_week là gì?,clock_calendar,"{""action"": ""get"", ""target"": ""day_of_week"", ""payload"": ""2025-06-01""}"
Cho tôi biết day_of_week,clock_calendar,"{""action"": ""get"", ""target"": ""day_of_week"", ""payload"": ""2025-12-25""}"
Hiển thị day_of_week,clock_calendar,"{""action"": ""get"", ""target"": ""day_of_week"", ""payload"": ""2025-06-01""}"
Lấy day_of_week,clock_calendar,"{""action"": ""get"", ""target"": ""day_of_week"", ""payload"": ""2025-01-15""}"
Tôi cần day_of_week,clock_calendar,"{""action"": ""get"", ""target"": ""day_of_week"", ""payload"": ""2025-12-25""}"
ما هو is_leap_year؟,clock_calendar,"{""action"": ""get"", ""target"": ""is_leap_year"", ""payload"": ""2020""}"
أخبرني عن is_leap_year,clock_calendar,"{""action"": ""get"", ""target"": ""is_leap_year"", ""payload"": ""2020""}"
اعرض لي is_leap_year,clock_calendar,"{""action"": ""get"", ""target"": ""is_leap_year"", ""payload"": ""2025""}"
احصل على is_leap_year,clock_calendar,"{""action"": ""get"", ""target"": ""is_leap_year"", ""payload"": ""2024""}"
أحتاج is_leap_year,clock_calendar,"{""action"": ""get"", ""target"": ""is_leap_year"", ""payload"": ""2024""}"
is_leap_year কি?,clock_calendar,"{""action"": ""get"", ""target"": ""is_leap_year"", ""payload"": ""2024""}"
আমাকে is_leap_year বলো,clock_calendar,"{""action"": ""get"", ""target"": ""is_leap_year"", ""payload"": ""2020""}"
is_leap_year দেখাও,clock_calendar,"{""action"": ""get"", ""target"": ""is_leap_year"", ""payload"": ""2024""}"
is_leap_year নাও,clock_calendar,"{""action"": ""get"", ""target"": ""is_leap_year"", ""payload"": ""2024""}"
আমার is_leap_year দরকার,clock_calendar,"{""action"": ""get"", ""target"": ""is_leap_year"", ""payload"": ""2024""}"
is_leap_year是什么？,clock_calendar,"{""action"": ""get"", ""target"": ""is_leap_year"", ""payload"": ""2020""}"
告诉我is_leap_year,clock_calendar,"{""action"": ""get"", ""target"": ""is_leap_year"", ""payload"": ""2020""}"
显示is_leap_year,clock_calendar,"{""action"": ""get"", ""target"": ""is_leap_year"", ""payload"": ""2025""}"
获取is_leap_year,clock_calendar,"{""action"": ""get"", ""target"": ""is_leap_year"", ""payload"": ""2025""}"
我需要is_leap_year,clock_calendar,"{""action"": ""get"", ""target"": ""is_leap_year"", ""payload"": ""2025""}"
Co je is_leap_year?,clock_calendar,"{""action"": ""get"", ""target"": ""is_leap_year"", ""payload"": ""2025""}"
Řekni mi is_leap_year,clock_calendar,"{""action"": ""get"", ""target"": ""is_leap_year"", ""payload"": ""2024""}"
Ukaž mi is_leap_year,clock_calendar,"{""action"": ""get"", ""target"": ""is_leap_year"", ""payload"": ""2025""}"
Získej is_leap_year,clock_calendar,"{""action"": ""get"", ""target"": ""is_leap_year"", ""payload"": ""2025""}"
Potřebuji is_leap_year,clock_calendar,"{""action"": ""get"", ""target"": ""is_leap_year"", ""payload"": ""2025""}"
Wat is is_leap_year?,clock_calendar,"{""action"": ""get"", ""target"": ""is_leap_year"", ""payload"": ""2020""}"
Vertel me is_leap_year,clock_calendar,"{""action"": ""get"", ""target"": ""is_leap_year"", ""payload"": ""2024""}"
Laat is_leap_year zien,clock_calendar,"{""action"": ""get"", ""target"": ""is_leap_year"", ""payload"": ""2020""}"
Haal is_leap_year,clock_calendar,"{""action"": ""get"", ""target"": ""is_leap_year"", ""payload"": ""2024""}"
Ik heb is_leap_year nodig,clock_calendar,"{""action"": ""get"", ""target"": ""is_leap_year"", ""payload"": ""2025""}"
What is the is_leap_year?,clock_calendar,"{""action"": ""get"", ""target"": ""is_leap_year"", ""payload"": ""2020""}"
Tell me the is_leap_year,clock_calendar,"{""action"": ""get"", ""target"": ""is_leap_year"", ""payload"": ""2024""}"
Show me is_leap_year,clock_calendar,"{""action"": ""get"", ""target"": ""is_leap_year"", ""payload"": ""2020""}"
Get the is_leap_year,clock_calendar,"{""action"": ""get"", ""target"": ""is_leap_year"", ""payload"": ""2020""}"
I need is_leap_year,clock_calendar,"{""action"": ""get"", ""target"": ""is_leap_year"", ""payload"": ""2024""}"
Quel est le is_leap_year?,clock_calendar,"{""action"": ""get"", ""target"": ""is_leap_year"", ""payload"": ""2024""}"
Dis-moi le is_leap_year,clock_calendar,"{""action"": ""get"", ""target"": ""is_leap_year"", ""payload"": ""2025""}"
Montre-moi is_leap_year,clock_calendar,"{""action"": ""get"", ""target"": ""is_leap_year"", ""payload"": ""2025""}"
Donne-moi le is_leap_year,clock_calendar,"{""action"": ""get"", ""target"": ""is_leap_year"", ""payload"": ""2025""}"
J'ai besoin du is_leap_year,clock_calendar,"{""action"": ""get"", ""target"": ""is_leap_year"", ""payload"": ""2020""}"
Was ist is_leap_year?,clock_calendar,"{""action"": ""get"", ""target"": ""is_leap_year"", ""payload"": ""2025""}"
Sag mir is_leap_year,clock_calendar,"{""action"": ""get"", ""target"": ""is_leap_year"", ""payload"": ""2024""}"
Zeig mir is_leap_year,clock_calendar,"{""action"": ""get"", ""target"": ""is_leap_year"", ""payload"": ""2020""}"
Hol is_leap_year,clock_calendar,"{""action"": ""get"", ""target"": ""is_leap_year"", ""payload"": ""2024""}"
Ich brauche is_leap_year,clock_calendar,"{""action"": ""get"", ""target"": ""is_leap_year"", ""payload"": ""2020""}"
Τι είναι το is_leap_year;,clock_calendar,"{""action"": ""get"", ""target"": ""is_leap_year"", ""payload"": ""2024""}"
Πες μου το is_leap_year,clock_calendar,"{""action"": ""get"", ""target"": ""is_leap_year"", ""payload"": ""2024""}"
Δείξε μου το is_leap_year,clock_calendar,"{""action"": ""get"", ""target"": ""is_leap_year"", ""payload"": ""2025""}"
Πάρε το is_leap_year,clock_calendar,"{""action"": ""get"", ""target"": ""is_leap_year"", ""payload"": ""2025""}"
Χρειάζομαι το is_leap_year,clock_calendar,"{""action"": ""get"", ""target"": ""is_leap_year"", ""payload"": ""2020""}"
מה זה is_leap_year?,clock_calendar,"{""action"": ""get"", ""target"": ""is_leap_year"", ""payload"": ""2025""}"
ספר לי על is_leap_year,clock_calendar,"{""action"": ""get"", ""target"": ""is_leap_year"", ""payload"": ""2020""}"
הראה לי is_leap_year,clock_calendar,"{""action"": ""get"", ""target"": ""is_leap_year"", ""payload"": ""2024""}"
קבל is_leap_year,clock_calendar,"{""action"": ""get"", ""target"": ""is_leap_year"", ""payload"": ""2020""}"
אני צריך is_leap_year,clock_calendar,"{""action"": ""get"", ""target"": ""is_leap_year"", ""payload"": ""2024""}"
is_leap_year क्या है?,clock_calendar,"{""action"": ""get"", ""target"": ""is_leap_year"", ""payload"": ""2024""}"
मुझे is_leap_year बताओ,clock_calendar,"{""action"": ""get"", ""target"": ""is_leap_year"", ""payload"": ""2024""}"
is_leap_year दिखाओ,clock_calendar,"{""action"": ""get"", ""target"": ""is_leap_year"", ""payload"": ""2020""}"
is_leap_year प्राप्त करो,clock_calendar,"{""action"": ""get"", ""target"": ""is_leap_year"", ""payload"": ""2020""}"
मुझे is_leap_year चाहिए,clock_calendar,"{""action"": ""get"", ""target"": ""is_leap_year"", ""payload"": ""2025""}"
Mi az a is_leap_year?,clock_calendar,"{""action"": ""get"", ""target"": ""is_leap_year"", ""payload"": ""2025""}"
Mondd el a is_leap_year,clock_calendar,"{""action"": ""get"", ""target"": ""is_leap_year"", ""payload"": ""2024""}"
Mutasd a is_leap_year,clock_calendar,"{""action"": ""get"", ""target"": ""is_leap_year"", ""payload"": ""2024""}"
Szerezd be a is_leap_year,clock_calendar,"{""action"": ""get"", ""target"": ""is_leap_year"", ""payload"": ""2020""}"
Szükségem van a is_leap_year,clock_calendar,"{""action"": ""get"", ""target"": ""is_leap_year"", ""payload"": ""2025""}"
Apa itu is_leap_year?,clock_calendar,"{""action"": ""get"", ""target"": ""is_leap_year"", ""payload"": ""2020""}"
Beritahu saya is_leap_year,clock_calendar,"{""action"": ""get"", ""target"": ""is_leap_year"", ""payload"": ""2020""}"
Tunjukkan is_leap_year,clock_calendar,"{""action"": ""get"", ""target"": ""is_leap_year"", ""payload"": ""2020""}"
Ambil is_leap_year,clock_calendar,"{""action"": ""get"", ""target"": ""is_leap_year"", ""payload"": ""2024""}"
Saya butuh is_leap_year,clock_calendar,"{""action"": ""get"", ""target"": ""is_leap_year"", ""payload"": ""2024""}"
Cos'è is_leap_year?,clock_calendar,"{""action"": ""get"", ""target"": ""is_leap_year"", ""payload"": ""2025""}"
Dimmi is_leap_year,clock_calendar,"{""action"": ""get"", ""target"": ""is_leap_year"", ""payload"": ""2024""}"
Mostrami is_leap_year,clock_calendar,"{""action"": ""get"", ""target"": ""is_leap_year"", ""payload"": ""2024""}"
Ottieni is_leap_year,clock_calendar,"{""action"": ""get"", ""target"": ""is_leap_year"", ""payload"": ""2020""}"
Ho bisogno di is_leap_year,clock_calendar,"{""action"": ""get"", ""target"": ""is_leap_year"", ""payload"": ""2024""}"
is_leap_yearは?,clock_calendar,"{""action"": ""get"", ""target"": ""is_leap_year"", ""payload"": ""2020""}"
is_leap_yearを教えて,clock_calendar,"{""action"": ""get"", ""target"": ""is_leap_year"", ""payload"": ""2025""}"
is_leap_yearを見せて,clock_calendar,"{""action"": ""get"", ""target"": ""is_leap_year"", ""payload"": ""2024""}"
is_leap_yearを取得,clock_calendar,"{""action"": ""get"", ""target"": ""is_leap_year"", ""payload"": ""2025""}"
is_leap_yearが必要,clock_calendar,"{""action"": ""get"", ""target"": ""is_leap_year"", ""payload"": ""2024""}"
is_leap_year 뭐야?,clock_calendar,"{""action"": ""get"", ""target"": ""is_leap_year"", ""payload"": ""2020""}"
is_leap_year 알려줘,clock_calendar,"{""action"": ""get"", ""target"": ""is_leap_year"", ""payload"": ""2024""}"
is_leap_year 보여줘,clock_calendar,"{""action"": ""get"", ""target"": ""is_leap_year"", ""payload"": ""2020""}"
is_leap_year 가져와,clock_calendar,"{""action"": ""get"", ""target"": ""is_leap_year"", ""payload"": ""2025""}"
is_leap_year 필요해,clock_calendar,"{""action"": ""get"", ""target"": ""is_leap_year"", ""payload"": ""2020""}"
is_leap_year काय आहे?,clock_calendar,"{""action"": ""get"", ""target"": ""is_leap_year"", ""payload"": ""2020""}"
मला is_leap_year सांगा,clock_calendar,"{""action"": ""get"", ""target"": ""is_leap_year"", ""payload"": ""2025""}"
is_leap_year दाखवा,clock_calendar,"{""action"": ""get"", ""target"": ""is_leap_year"", ""payload"": ""2025""}"
is_leap_year मिळवा,clock_calendar,"{""action"": ""get"", ""target"": ""is_leap_year"", ""payload"": ""2020""}"
मला is_leap_year हवा आहे,clock_calendar,"{""action"": ""get"", ""target"": ""is_leap_year"", ""payload"": ""2024""}"
is_leap_year چیست؟,clock_calendar,"{""action"": ""get"", ""target"": ""is_leap_year"", ""payload"": ""2020""}"
به من is_leap_year را بگو,clock_calendar,"{""action"": ""get"", ""target"": ""is_leap_year"", ""payload"": ""2020""}"
is_leap_year را نشان بده,clock_calendar,"{""action"": ""get"", ""target"": ""is_leap_year"", ""payload"": ""2024""}"
is_leap_year را بگیر,clock_calendar,"{""action"": ""get"", ""target"": ""is_leap_year"", ""payload"": ""2020""}"
من is_leap_year نیاز دارم,clock_calendar,"{""action"": ""get"", ""target"": ""is_leap_year"", ""payload"": ""2020""}"
Co to jest is_leap_year?,clock_calendar,"{""action"": ""get"", ""target"": ""is_leap_year"", ""payload"": ""2025""}"
Powiedz mi is_leap_year,clock_calendar,"{""action"": ""get"", ""target"": ""is_leap_year"", ""payload"": ""2024""}"
Pokaż is_leap_year,clock_calendar,"{""action"": ""get"", ""target"": ""is_leap_year"", ""payload"": ""2024""}"
Pobierz is_leap_year,clock_calendar,"{""action"": ""get"", ""target"": ""is_leap_year"", ""payload"": ""2025""}"
Potrzebuję is_leap_year,clock_calendar,"{""action"": ""get"", ""target"": ""is_leap_year"", ""payload"": ""2024""}"
O que é is_leap_year?,clock_calendar,"{""action"": ""get"", ""target"": ""is_leap_year"", ""payload"": ""2024""}"
Me diga is_leap_year,clock_calendar,"{""action"": ""get"", ""target"": ""is_leap_year"", ""payload"": ""2025""}"
Mostre is_leap_year,clock_calendar,"{""action"": ""get"", ""target"": ""is_leap_year"", ""payload"": ""2020""}"
Obtenha is_leap_year,clock_calendar,"{""action"": ""get"", ""target"": ""is_leap_year"", ""payload"": ""2020""}"
Preciso de is_leap_year,clock_calendar,"{""action"": ""get"", ""target"": ""is_leap_year"", ""payload"": ""2020""}"
Ce este is_leap_year?,clock_calendar,"{""action"": ""get"", ""target"": ""is_leap_year"", ""payload"": ""2025""}"
Spune-mi is_leap_year,clock_calendar,"{""action"": ""get"", ""target"": ""is_leap_year"", ""payload"": ""2025""}"
Arată-mi is_leap_year,clock_calendar,"{""action"": ""get"", ""target"": ""is_leap_year"", ""payload"": ""2024""}"
Obține is_leap_year,clock_calendar,"{""action"": ""get"", ""target"": ""is_leap_year"", ""payload"": ""2020""}"
Am nevoie de is_leap_year,clock_calendar,"{""action"": ""get"", ""target"": ""is_leap_year"", ""payload"": ""2025""}"
Что такое is_leap_year?,clock_calendar,"{""action"": ""get"", ""target"": ""is_leap_year"", ""payload"": ""2025""}"
Скажи is_leap_year,clock_calendar,"{""action"": ""get"", ""target"": ""is_leap_year"", ""payload"": ""2025""}"
Покажи is_leap_year,clock_calendar,"{""action"": ""get"", ""target"": ""is_leap_year"", ""payload"": ""2024""}"
Получи is_leap_year,clock_calendar,"{""action"": ""get"", ""target"": ""is_leap_year"", ""payload"": ""2025""}"
Мне нужен is_leap_year,clock_calendar,"{""action"": ""get"", ""target"": ""is_leap_year"", ""payload"": ""2020""}"
¿Qué es is_leap_year?,clock_calendar,"{""action"": ""get"", ""target"": ""is_leap_year"", ""payload"": ""2025""}"
Dime is_leap_year,clock_calendar,"{""action"": ""get"", ""target"": ""is_leap_year"", ""payload"": ""2025""}"
Muéstrame is_leap_year,clock_calendar,"{""action"": ""get"", ""target"": ""is_leap_year"", ""payload"": ""2024""}"
Obtén is_leap_year,clock_calendar,"{""action"": ""get"", ""target"": ""is_leap_year"", ""payload"": ""2020""}"
Necesito is_leap_year,clock_calendar,"{""action"": ""get"", ""target"": ""is_leap_year"", ""payload"": ""2020""}"
Nini is_leap_year?,clock_calendar,"{""action"": ""get"", ""target"": ""is_leap_year"", ""payload"": ""2020""}"
Niambie is_leap_year,clock_calendar,"{""action"": ""get"", ""target"": ""is_leap_year"", ""payload"": ""2025""}"
Nionyeshe is_leap_year,clock_calendar,"{""action"": ""get"", ""target"": ""is_leap_year"", ""payload"": ""2024""}"
Pata is_leap_year,clock_calendar,"{""action"": ""get"", ""target"": ""is_leap_year"", ""payload"": ""2020""}"
Ninahitaji is_leap_year,clock_calendar,"{""action"": ""get"", ""target"": ""is_leap_year"", ""payload"": ""2025""}"
is_leap_year என்ன?,clock_calendar,"{""action"": ""get"", ""target"": ""is_leap_year"", ""payload"": ""2024""}"
எனக்கு is_leap_year சொல்,clock_calendar,"{""action"": ""get"", ""target"": ""is_leap_year"", ""payload"": ""2020""}"
is_leap_year காட்டு,clock_calendar,"{""action"": ""get"", ""target"": ""is_leap_year"", ""payload"": ""2024""}"
is_leap_year எடு,clock_calendar,"{""action"": ""get"", ""target"": ""is_leap_year"", ""payload"": ""2024""}"
எனக்கு is_leap_year வேண்டும்,clock_calendar,"{""action"": ""get"", ""target"": ""is_leap_year"", ""payload"": ""2025""}"
is_leap_year ఏమిటి?,clock_calendar,"{""action"": ""get"", ""target"": ""is_leap_year"", ""payload"": ""2024""}"
నాకు is_leap_year చెప్పు,clock_calendar,"{""action"": ""get"", ""target"": ""is_leap_year"", ""payload"": ""2025""}"
is_leap_year చూపించు,clock_calendar,"{""action"": ""get"", ""target"": ""is_leap_year"", ""payload"": ""2020""}"
is_leap_year తీసుకో,clock_calendar,"{""action"": ""get"", ""target"": ""is_leap_year"", ""payload"": ""2020""}"
నాకు is_leap_year కావాలి,clock_calendar,"{""action"": ""get"", ""target"": ""is_leap_year"", ""payload"": ""2024""}"
is_leap_year คืออะไร?,clock_calendar,"{""action"": ""get"", ""target"": ""is_leap_year"", ""payload"": ""2020""}"
บอกฉันเรื่อง is_leap_year,clock_calendar,"{""action"": ""get"", ""target"": ""is_leap_year"", ""payload"": ""2025""}"
แสดง is_leap_year,clock_calendar,"{""action"": ""get"", ""target"": ""is_leap_year"", ""payload"": ""2025""}"
เอา is_leap_year มา,clock_calendar,"{""action"": ""get"", ""target"": ""is_leap_year"", ""payload"": ""2025""}"
ฉันต้องการ is_leap_year,clock_calendar,"{""action"": ""get"", ""target"": ""is_leap_year"", ""payload"": ""2024""}"
is_leap_year nedir?,clock_calendar,"{""action"": ""get"", ""target"": ""is_leap_year"", ""payload"": ""2024""}"
Bana is_leap_year söyle,clock_calendar,"{""action"": ""get"", ""target"": ""is_leap_year"", ""payload"": ""2024""}"
is_leap_year göster,clock_calendar,"{""action"": ""get"", ""target"": ""is_leap_year"", ""payload"": ""2025""}"
is_leap_year al,clock_calendar,"{""action"": ""get"", ""target"": ""is_leap_year"", ""payload"": ""2025""}"
Bana is_leap_year lazım,clock_calendar,"{""action"": ""get"", ""target"": ""is_leap_year"", ""payload"": ""2025""}"
is_leap_year کیا ہے؟,clock_calendar,"{""action"": ""get"", ""target"": ""is_leap_year"", ""payload"": ""2025""}"
مجھے is_leap_year بتاؤ,clock_calendar,"{""action"": ""get"", ""target"": ""is_leap_year"", ""payload"": ""2024""}"
is_leap_year دکھاؤ,clock_calendar,"{""action"": ""get"", ""target"": ""is_leap_year"", ""payload"": ""2024""}"
is_leap_year حاصل کرو,clock_calendar,"{""action"": ""get"", ""target"": ""is_leap_year"", ""payload"": ""2024""}"
مجھے is_leap_year چاہیے,clock_calendar,"{""action"": ""get"", ""target"": ""is_leap_year"", ""payload"": ""2024""}"
is_leap_year là gì?,clock_calendar,"{""action"": ""get"", ""target"": ""is_leap_year"", ""payload"": ""2025""}"
Cho tôi biết is_leap_year,clock_calendar,"{""action"": ""get"", ""target"": ""is_leap_year"", ""payload"": ""2025""}"
Hiển thị is_leap_year,clock_calendar,"{""action"": ""get"", ""target"": ""is_leap_year"", ""payload"": ""2020""}"
Lấy is_leap_year,clock_calendar,"{""action"": ""get"", ""target"": ""is_leap_year"", ""payload"": ""2020""}"
Tôi cần is_leap_year,clock_calendar,"{""action"": ""get"", ""target"": ""is_leap_year"", ""payload"": ""2020""}"
ما هو timezone؟,clock_calendar,"{""action"": ""get"", ""target"": ""timezone"", ""payload"": ""Asia/Tokyo""}"
أخبرني عن timezone,clock_calendar,"{""action"": ""get"", ""target"": ""timezone"", ""payload"": ""Asia/Dhaka""}"
اعرض لي timezone,clock_calendar,"{""action"": ""get"", ""target"": ""timezone"", ""payload"": ""Asia/Dhaka""}"
احصل على timezone,clock_calendar,"{""action"": ""get"", ""target"": ""timezone"", ""payload"": ""Asia/Dhaka""}"
أحتاج timezone,clock_calendar,"{""action"": ""get"", ""target"": ""timezone"", ""payload"": ""Europe/London""}"
timezone কি?,clock_calendar,"{""action"": ""get"", ""target"": ""timezone"", ""payload"": ""Australia/Sydney""}"
আমাকে timezone বলো,clock_calendar,"{""action"": ""get"", ""target"": ""timezone"", ""payload"": ""Asia/Dhaka""}"
timezone দেখাও,clock_calendar,"{""action"": ""get"", ""target"": ""timezone"", ""payload"": ""Australia/Sydney""}"
timezone নাও,clock_calendar,"{""action"": ""get"", ""target"": ""timezone"", ""payload"": ""Australia/Sydney""}"
আমার timezone দরকার,clock_calendar,"{""action"": ""get"", ""target"": ""timezone"", ""payload"": ""Europe/London""}"
timezone是什么？,clock_calendar,"{""action"": ""get"", ""target"": ""timezone"", ""payload"": ""Asia/Tokyo""}"
告诉我timezone,clock_calendar,"{""action"": ""get"", ""target"": ""timezone"", ""payload"": ""Asia/Dhaka""}"
显示timezone,clock_calendar,"{""action"": ""get"", ""target"": ""timezone"", ""payload"": ""Europe/London""}"
获取timezone,clock_calendar,"{""action"": ""get"", ""target"": ""timezone"", ""payload"": ""Asia/Tokyo""}"
我需要timezone,clock_calendar,"{""action"": ""get"", ""target"": ""timezone"", ""payload"": ""Asia/Tokyo""}"
Co je timezone?,clock_calendar,"{""action"": ""get"", ""target"": ""timezone"", ""payload"": ""Asia/Dhaka""}"
Řekni mi timezone,clock_calendar,"{""action"": ""get"", ""target"": ""timezone"", ""payload"": ""Australia/Sydney""}"
Ukaž mi timezone,clock_calendar,"{""action"": ""get"", ""target"": ""timezone"", ""payload"": ""America/New_York""}"
Získej timezone,clock_calendar,"{""action"": ""get"", ""target"": ""timezone"", ""payload"": ""Australia/Sydney""}"
Potřebuji timezone,clock_calendar,"{""action"": ""get"", ""target"": ""timezone"", ""payload"": ""Australia/Sydney""}"
Wat is timezone?,clock_calendar,"{""action"": ""get"", ""target"": ""timezone"", ""payload"": ""America/New_York""}"
Vertel me timezone,clock_calendar,"{""action"": ""get"", ""target"": ""timezone"", ""payload"": ""Asia/Tokyo""}"
Laat timezone zien,clock_calendar,"{""action"": ""get"", ""target"": ""timezone"", ""payload"": ""America/New_York""}"
Haal timezone,clock_calendar,"{""action"": ""get"", ""target"": ""timezone"", ""payload"": ""America/New_York""}"
Ik heb timezone nodig,clock_calendar,"{""action"": ""get"", ""target"": ""timezone"", ""payload"": ""Europe/London""}"
What is the timezone?,clock_calendar,"{""action"": ""get"", ""target"": ""timezone"", ""payload"": ""Europe/London""}"
Tell me the timezone,clock_calendar,"{""action"": ""get"", ""target"": ""timezone"", ""payload"": ""Europe/London""}"
Show me timezone,clock_calendar,"{""action"": ""get"", ""target"": ""timezone"", ""payload"": ""Asia/Tokyo""}"
Get the timezone,clock_calendar,"{""action"": ""get"", ""target"": ""timezone"", ""payload"": ""America/New_York""}"
I need timezone,clock_calendar,"{""action"": ""get"", ""target"": ""timezone"", ""payload"": ""Asia/Dhaka""}"
Quel est le timezone?,clock_calendar,"{""action"": ""get"", ""target"": ""timezone"", ""payload"": ""America/New_York""}"
Dis-moi le timezone,clock_calendar,"{""action"": ""get"", ""target"": ""timezone"", ""payload"": ""Asia/Tokyo""}"
Montre-moi timezone,clock_calendar,"{""action"": ""get"", ""target"": ""timezone"", ""payload"": ""Europe/London""}"
Donne-moi le timezone,clock_calendar,"{""action"": ""get"", ""target"": ""timezone"", ""payload"": ""Asia/Tokyo""}"
J'ai besoin du timezone,clock_calendar,"{""action"": ""get"", ""target"": ""timezone"", ""payload"": ""Europe/London""}"
Was ist timezone?,clock_calendar,"{""action"": ""get"", ""target"": ""timezone"", ""payload"": ""Asia/Tokyo""}"
Sag mir timezone,clock_calendar,"{""action"": ""get"", ""target"": ""timezone"", ""payload"": ""Asia/Dhaka""}"
Zeig mir timezone,clock_calendar,"{""action"": ""get"", ""target"": ""timezone"", ""payload"": ""Europe/London""}"
Hol timezone,clock_calendar,"{""action"": ""get"", ""target"": ""timezone"", ""payload"": ""Europe/London""}"
Ich brauche timezone,clock_calendar,"{""action"": ""get"", ""target"": ""timezone"", ""payload"": ""America/New_York""}"
Τι είναι το timezone;,clock_calendar,"{""action"": ""get"", ""target"": ""timezone"", ""payload"": ""Asia/Tokyo""}"
Πες μου το timezone,clock_calendar,"{""action"": ""get"", ""target"": ""timezone"", ""payload"": ""Australia/Sydney""}"
Δείξε μου το timezone,clock_calendar,"{""action"": ""get"", ""target"": ""timezone"", ""payload"": ""Australia/Sydney""}"
Πάρε το timezone,clock_calendar,"{""action"": ""get"", ""target"": ""timezone"", ""payload"": ""America/New_York""}"
Χρειάζομαι το timezone,clock_calendar,"{""action"": ""get"", ""target"": ""timezone"", ""payload"": ""Asia/Tokyo""}"
מה זה timezone?,clock_calendar,"{""action"": ""get"", ""target"": ""timezone"", ""payload"": ""Asia/Dhaka""}"
ספר לי על timezone,clock_calendar,"{""action"": ""get"", ""target"": ""timezone"", ""payload"": ""America/New_York""}"
הראה לי timezone,clock_calendar,"{""action"": ""get"", ""target"": ""timezone"", ""payload"": ""Europe/London""}"
קבל timezone,clock_calendar,"{""action"": ""get"", ""target"": ""timezone"", ""payload"": ""Asia/Dhaka""}"
אני צריך timezone,clock_calendar,"{""action"": ""get"", ""target"": ""timezone"", ""payload"": ""Asia/Tokyo""}"
timezone क्या है?,clock_calendar,"{""action"": ""get"", ""target"": ""timezone"", ""payload"": ""Europe/London""}"
मुझे timezone बताओ,clock_calendar,"{""action"": ""get"", ""target"": ""timezone"", ""payload"": ""Australia/Sydney""}"
timezone दिखाओ,clock_calendar,"{""action"": ""get"", ""target"": ""timezone"", ""payload"": ""Asia/Tokyo""}"
timezone प्राप्त करो,clock_calendar,"{""action"": ""get"", ""target"": ""timezone"", ""payload"": ""Europe/London""}"
मुझे timezone चाहिए,clock_calendar,"{""action"": ""get"", ""target"": ""timezone"", ""payload"": ""Asia/Tokyo""}"
Mi az a timezone?,clock_calendar,"{""action"": ""get"", ""target"": ""timezone"", ""payload"": ""Europe/London""}"
Mondd el a timezone,clock_calendar,"{""action"": ""get"", ""target"": ""timezone"", ""payload"": ""Asia/Tokyo""}"
Mutasd a timezone,clock_calendar,"{""action"": ""get"", ""target"": ""timezone"", ""payload"": ""Australia/Sydney""}"
Szerezd be a timezone,clock_calendar,"{""action"": ""get"", ""target"": ""timezone"", ""payload"": ""America/New_York""}"
Szükségem van a timezone,clock_calendar,"{""action"": ""get"", ""target"": ""timezone"", ""payload"": ""Europe/London""}"
Apa itu timezone?,clock_calendar,"{""action"": ""get"", ""target"": ""timezone"", ""payload"": ""Europe/London""}"
Beritahu saya timezone,clock_calendar,"{""action"": ""get"", ""target"": ""timezone"", ""payload"": ""Australia/Sydney""}"
Tunjukkan timezone,clock_calendar,"{""action"": ""get"", ""target"": ""timezone"", ""payload"": ""America/New_York""}"
Ambil timezone,clock_calendar,"{""action"": ""get"", ""target"": ""timezone"", ""payload"": ""Asia/Tokyo""}"
Saya butuh timezone,clock_calendar,"{""action"": ""get"", ""target"": ""timezone"", ""payload"": ""Europe/London""}"
Cos'è timezone?,clock_calendar,"{""action"": ""get"", ""target"": ""timezone"", ""payload"": ""America/New_York""}"
Dimmi timezone,clock_calendar,"{""action"": ""get"", ""target"": ""timezone"", ""payload"": ""Asia/Tokyo""}"
Mostrami timezone,clock_calendar,"{""action"": ""get"", ""target"": ""timezone"", ""payload"": ""Europe/London""}"
Ottieni timezone,clock_calendar,"{""action"": ""get"", ""target"": ""timezone"", ""payload"": ""Europe/London""}"
Ho bisogno di timezone,clock_calendar,"{""action"": ""get"", ""target"": ""timezone"", ""payload"": ""Asia/Tokyo""}"
timezoneは?,clock_calendar,"{""action"": ""get"", ""target"": ""timezone"", ""payload"": ""Australia/Sydney""}"
timezoneを教えて,clock_calendar,"{""action"": ""get"", ""target"": ""timezone"", ""payload"": ""America/New_York""}"
timezoneを見せて,clock_calendar,"{""action"": ""get"", ""target"": ""timezone"", ""payload"": ""Europe/London""}"
timezoneを取得,clock_calendar,"{""action"": ""get"", ""target"": ""timezone"", ""payload"": ""Asia/Tokyo""}"
timezoneが必要,clock_calendar,"{""action"": ""get"", ""target"": ""timezone"", ""payload"": ""Europe/London""}"
timezone 뭐야?,clock_calendar,"{""action"": ""get"", ""target"": ""timezone"", ""payload"": ""Asia/Tokyo""}"
timezone 알려줘,clock_calendar,"{""action"": ""get"", ""target"": ""timezone"", ""payload"": ""Europe/London""}"
timezone 보여줘,clock_calendar,"{""action"": ""get"", ""target"": ""timezone"", ""payload"": ""Asia/Dhaka""}"
timezone 가져와,clock_calendar,"{""action"": ""get"", ""target"": ""timezone"", ""payload"": ""Australia/Sydney""}"
timezone 필요해,clock_calendar,"{""action"": ""get"", ""target"": ""timezone"", ""payload"": ""America/New_York""}"
timezone काय आहे?,clock_calendar,"{""action"": ""get"", ""target"": ""timezone"", ""payload"": ""Australia/Sydney""}"
मला timezone सांगा,clock_calendar,"{""action"": ""get"", ""target"": ""timezone"", ""payload"": ""Australia/Sydney""}"
timezone दाखवा,clock_calendar,"{""action"": ""get"", ""target"": ""timezone"", ""payload"": ""America/New_York""}"
timezone मिळवा,clock_calendar,"{""action"": ""get"", ""target"": ""timezone"", ""payload"": ""Australia/Sydney""}"
मला timezone हवा आहे,clock_calendar,"{""action"": ""get"", ""target"": ""timezone"", ""payload"": ""Asia/Dhaka""}"
timezone چیست؟,clock_calendar,"{""action"": ""get"", ""target"": ""timezone"", ""payload"": ""Asia/Tokyo""}"
به من timezone را بگو,clock_calendar,"{""action"": ""get"", ""target"": ""timezone"", ""payload"": ""America/New_York""}"
timezone را نشان بده,clock_calendar,"{""action"": ""get"", ""target"": ""timezone"", ""payload"": ""Asia/Tokyo""}"
timezone را بگیر,clock_calendar,"{""action"": ""get"", ""target"": ""timezone"", ""payload"": ""Europe/London""}"
من timezone نیاز دارم,clock_calendar,"{""action"": ""get"", ""target"": ""timezone"", ""payload"": ""Asia/Dhaka""}"
Co to jest timezone?,clock_calendar,"{""action"": ""get"", ""target"": ""timezone"", ""payload"": ""Asia/Tokyo""}"
Powiedz mi timezone,clock_calendar,"{""action"": ""get"", ""target"": ""timezone"", ""payload"": ""Asia/Tokyo""}"
Pokaż timezone,clock_calendar,"{""action"": ""get"", ""target"": ""timezone"", ""payload"": ""America/New_York""}"
Pobierz timezone,clock_calendar,"{""action"": ""get"", ""target"": ""timezone"", ""payload"": ""Europe/London""}"
Potrzebuję timezone,clock_calendar,"{""action"": ""get"", ""target"": ""timezone"", ""payload"": ""America/New_York""}"
O que é timezone?,clock_calendar,"{""action"": ""get"", ""target"": ""timezone"", ""payload"": ""Europe/London""}"
Me diga timezone,clock_calendar,"{""action"": ""get"", ""target"": ""timezone"", ""payload"": ""America/New_York""}"
Mostre timezone,clock_calendar,"{""action"": ""get"", ""target"": ""timezone"", ""payload"": ""Asia/Tokyo""}"
Obtenha timezone,clock_calendar,"{""action"": ""get"", ""target"": ""timezone"", ""payload"": ""Asia/Tokyo""}"
Preciso de timezone,clock_calendar,"{""action"": ""get"", ""target"": ""timezone"", ""payload"": ""Asia/Dhaka""}"
Ce este timezone?,clock_calendar,"{""action"": ""get"", ""target"": ""timezone"", ""payload"": ""Asia/Tokyo""}"
Spune-mi timezone,clock_calendar,"{""action"": ""get"", ""target"": ""timezone"", ""payload"": ""Australia/Sydney""}"
Arată-mi timezone,clock_calendar,"{""action"": ""get"", ""target"": ""timezone"", ""payload"": ""Asia/Tokyo""}"
Obține timezone,clock_calendar,"{""action"": ""get"", ""target"": ""timezone"", ""payload"": ""Australia/Sydney""}"
Am nevoie de timezone,clock_calendar,"{""action"": ""get"", ""target"": ""timezone"", ""payload"": ""Asia/Tokyo""}"
Что такое timezone?,clock_calendar,"{""action"": ""get"", ""target"": ""timezone"", ""payload"": ""Australia/Sydney""}"
Скажи timezone,clock_calendar,"{""action"": ""get"", ""target"": ""timezone"", ""payload"": ""Australia/Sydney""}"
Покажи timezone,clock_calendar,"{""action"": ""get"", ""target"": ""timezone"", ""payload"": ""Asia/Tokyo""}"
Получи timezone,clock_calendar,"{""action"": ""get"", ""target"": ""timezone"", ""payload"": ""Australia/Sydney""}"
Мне нужен timezone,clock_calendar,"{""action"": ""get"", ""target"": ""timezone"", ""payload"": ""Asia/Dhaka""}"
¿Qué es timezone?,clock_calendar,"{""action"": ""get"", ""target"": ""timezone"", ""payload"": ""Europe/London""}"
Dime timezone,clock_calendar,"{""action"": ""get"", ""target"": ""timezone"", ""payload"": ""Australia/Sydney""}"
Muéstrame timezone,clock_calendar,"{""action"": ""get"", ""target"": ""timezone"", ""payload"": ""Australia/Sydney""}"
Obtén timezone,clock_calendar,"{""action"": ""get"", ""target"": ""timezone"", ""payload"": ""Asia/Dhaka""}"
Necesito timezone,clock_calendar,"{""action"": ""get"", ""target"": ""timezone"", ""payload"": ""Asia/Dhaka""}"
Nini timezone?,clock_calendar,"{""action"": ""get"", ""target"": ""timezone"", ""payload"": ""America/New_York""}"
Niambie timezone,clock_calendar,"{""action"": ""get"", ""target"": ""timezone"", ""payload"": ""Europe/London""}"
Nionyeshe timezone,clock_calendar,"{""action"": ""get"", ""target"": ""timezone"", ""payload"": ""America/New_York""}"
Pata timezone,clock_calendar,"{""action"": ""get"", ""target"": ""timezone"", ""payload"": ""Australia/Sydney""}"
Ninahitaji timezone,clock_calendar,"{""action"": ""get"", ""target"": ""timezone"", ""payload"": ""Asia/Dhaka""}"
timezone என்ன?,clock_calendar,"{""action"": ""get"", ""target"": ""timezone"", ""payload"": ""Australia/Sydney""}"
எனக்கு timezone சொல்,clock_calendar,"{""action"": ""get"", ""target"": ""timezone"", ""payload"": ""Asia/Tokyo""}"
timezone காட்டு,clock_calendar,"{""action"": ""get"", ""target"": ""timezone"", ""payload"": ""Europe/London""}"
timezone எடு,clock_calendar,"{""action"": ""get"", ""target"": ""timezone"", ""payload"": ""Asia/Tokyo""}"
எனக்கு timezone வேண்டும்,clock_calendar,"{""action"": ""get"", ""target"": ""timezone"", ""payload"": ""Asia/Dhaka""}"
timezone ఏమిటి?,clock_calendar,"{""action"": ""get"", ""target"": ""timezone"", ""payload"": ""Asia/Dhaka""}"
నాకు timezone చెప్పు,clock_calendar,"{""action"": ""get"", ""target"": ""timezone"", ""payload"": ""Asia/Dhaka""}"
timezone చూపించు,clock_calendar,"{""action"": ""get"", ""target"": ""timezone"", ""payload"": ""Europe/London""}"
timezone తీసుకో,clock_calendar,"{""action"": ""get"", ""target"": ""timezone"", ""payload"": ""America/New_York""}"
నాకు timezone కావాలి,clock_calendar,"{""action"": ""get"", ""target"": ""timezone"", ""payload"": ""Australia/Sydney""}"
timezone คืออะไร?,clock_calendar,"{""action"": ""get"", ""target"": ""timezone"", ""payload"": ""Australia/Sydney""}"
บอกฉันเรื่อง timezone,clock_calendar,"{""action"": ""get"", ""target"": ""timezone"", ""payload"": ""Australia/Sydney""}"
แสดง timezone,clock_calendar,"{""action"": ""get"", ""target"": ""timezone"", ""payload"": ""Australia/Sydney""}"
เอา timezone มา,clock_calendar,"{""action"": ""get"", ""target"": ""timezone"", ""payload"": ""Australia/Sydney""}"
ฉันต้องการ timezone,clock_calendar,"{""action"": ""get"", ""target"": ""timezone"", ""payload"": ""America/New_York""}"
timezone nedir?,clock_calendar,"{""action"": ""get"", ""target"": ""timezone"", ""payload"": ""Asia/Tokyo""}"
Bana timezone söyle,clock_calendar,"{""action"": ""get"", ""target"": ""timezone"", ""payload"": ""Europe/London""}"
timezone göster,clock_calendar,"{""action"": ""get"", ""target"": ""timezone"", ""payload"": ""Asia/Tokyo""}"
timezone al,clock_calendar,"{""action"": ""get"", ""target"": ""timezone"", ""payload"": ""Asia/Tokyo""}"
Bana timezone lazım,clock_calendar,"{""action"": ""get"", ""target"": ""timezone"", ""payload"": ""Australia/Sydney""}"
timezone کیا ہے؟,clock_calendar,"{""action"": ""get"", ""target"": ""timezone"", ""payload"": ""Australia/Sydney""}"
مجھے timezone بتاؤ,clock_calendar,"{""action"": ""get"", ""target"": ""timezone"", ""payload"": ""America/New_York""}"
timezone دکھاؤ,clock_calendar,"{""action"": ""get"", ""target"": ""timezone"", ""payload"": ""Europe/London""}"
timezone حاصل کرو,clock_calendar,"{""action"": ""get"", ""target"": ""timezone"", ""payload"": ""Asia/Dhaka""}"
مجھے timezone چاہیے,clock_calendar,"{""action"": ""get"", ""target"": ""timezone"", ""payload"": ""Asia/Tokyo""}"
timezone là gì?,clock_calendar,"{""action"": ""get"", ""target"": ""timezone"", ""payload"": ""Asia/Dhaka""}"
Cho tôi biết timezone,clock_calendar,"{""action"": ""get"", ""target"": ""timezone"", ""payload"": ""Europe/London""}"
Hiển thị timezone,clock_calendar,"{""action"": ""get"", ""target"": ""timezone"", ""payload"": ""Asia/Tokyo""}"
Lấy timezone,clock_calendar,"{""action"": ""get"", ""target"": ""timezone"", ""payload"": ""Asia/Dhaka""}"
Tôi cần timezone,clock_calendar,"{""action"": ""get"", ""target"": ""timezone"", ""payload"": ""Asia/Dhaka""}"
ما هو time_format؟,clock_calendar,"{""action"": ""get"", ""target"": ""time_format"", ""payload"": ""12h""}"
أخبرني عن time_format,clock_calendar,"{""action"": ""get"", ""target"": ""time_format"", ""payload"": ""24h""}"
اعرض لي time_format,clock_calendar,"{""action"": ""get"", ""target"": ""time_format"", ""payload"": ""24h""}"
احصل على time_format,clock_calendar,"{""action"": ""get"", ""target"": ""time_format"", ""payload"": ""24h""}"
أحتاج time_format,clock_calendar,"{""action"": ""get"", ""target"": ""time_format"", ""payload"": ""24h""}"
time_format কি?,clock_calendar,"{""action"": ""get"", ""target"": ""time_format"", ""payload"": ""12h""}"
আমাকে time_format বলো,clock_calendar,"{""action"": ""get"", ""target"": ""time_format"", ""payload"": ""24h""}"
time_format দেখাও,clock_calendar,"{""action"": ""get"", ""target"": ""time_format"", ""payload"": ""24h""}"
time_format নাও,clock_calendar,"{""action"": ""get"", ""target"": ""time_format"", ""payload"": ""24h""}"
আমার time_format দরকার,clock_calendar,"{""action"": ""get"", ""target"": ""time_format"", ""payload"": ""12h""}"
time_format是什么？,clock_calendar,"{""action"": ""get"", ""target"": ""time_format"", ""payload"": ""24h""}"
告诉我time_format,clock_calendar,"{""action"": ""get"", ""target"": ""time_format"", ""payload"": ""24h""}"
显示time_format,clock_calendar,"{""action"": ""get"", ""target"": ""time_format"", ""payload"": ""24h""}"
获取time_format,clock_calendar,"{""action"": ""get"", ""target"": ""time_format"", ""payload"": ""12h""}"
我需要time_format,clock_calendar,"{""action"": ""get"", ""target"": ""time_format"", ""payload"": ""24h""}"
Co je time_format?,clock_calendar,"{""action"": ""get"", ""target"": ""time_format"", ""payload"": ""12h""}"
Řekni mi time_format,clock_calendar,"{""action"": ""get"", ""target"": ""time_format"", ""payload"": ""12h""}"
Ukaž mi time_format,clock_calendar,"{""action"": ""get"", ""target"": ""time_format"", ""payload"": ""12h""}"
Získej time_format,clock_calendar,"{""action"": ""get"", ""target"": ""time_format"", ""payload"": ""24h""}"
Potřebuji time_format,clock_calendar,"{""action"": ""get"", ""target"": ""time_format"", ""payload"": ""12h""}"
Wat is time_format?,clock_calendar,"{""action"": ""get"", ""target"": ""time_format"", ""payload"": ""12h""}"
Vertel me time_format,clock_calendar,"{""action"": ""get"", ""target"": ""time_format"", ""payload"": ""12h""}"
Laat time_format zien,clock_calendar,"{""action"": ""get"", ""target"": ""time_format"", ""payload"": ""12h""}"
Haal time_format,clock_calendar,"{""action"": ""get"", ""target"": ""time_format"", ""payload"": ""12h""}"
Ik heb time_format nodig,clock_calendar,"{""action"": ""get"", ""target"": ""time_format"", ""payload"": ""24h""}"
What is the time_format?,clock_calendar,"{""action"": ""get"", ""target"": ""time_format"", ""payload"": ""24h""}"
Tell me the time_format,clock_calendar,"{""action"": ""get"", ""target"": ""time_format"", ""payload"": ""24h""}"
Show me time_format,clock_calendar,"{""action"": ""get"", ""target"": ""time_format"", ""payload"": ""12h""}"
Get the time_format,clock_calendar,"{""action"": ""get"", ""target"": ""time_format"", ""payload"": ""24h""}"
I need time_format,clock_calendar,"{""action"": ""get"", ""target"": ""time_format"", ""payload"": ""12h""}"
Quel est le time_format?,clock_calendar,"{""action"": ""get"", ""target"": ""time_format"", ""payload"": ""12h""}"
Dis-moi le time_format,clock_calendar,"{""action"": ""get"", ""target"": ""time_format"", ""payload"": ""24h""}"
Montre-moi time_format,clock_calendar,"{""action"": ""get"", ""target"": ""time_format"", ""payload"": ""24h""}"
Donne-moi le time_format,clock_calendar,"{""action"": ""get"", ""target"": ""time_format"", ""payload"": ""12h""}"
J'ai besoin du time_format,clock_calendar,"{""action"": ""get"", ""target"": ""time_format"", ""payload"": ""12h""}"
Was ist time_format?,clock_calendar,"{""action"": ""get"", ""target"": ""time_format"", ""payload"": ""24h""}"
Sag mir time_format,clock_calendar,"{""action"": ""get"", ""target"": ""time_format"", ""payload"": ""24h""}"
Zeig mir time_format,clock_calendar,"{""action"": ""get"", ""target"": ""time_format"", ""payload"": ""24h""}"
Hol time_format,clock_calendar,"{""action"": ""get"", ""target"": ""time_format"", ""payload"": ""12h""}"
Ich brauche time_format,clock_calendar,"{""action"": ""get"", ""target"": ""time_format"", ""payload"": ""12h""}"
Τι είναι το time_format;,clock_calendar,"{""action"": ""get"", ""target"": ""time_format"", ""payload"": ""12h""}"
Πες μου το time_format,clock_calendar,"{""action"": ""get"", ""target"": ""time_format"", ""payload"": ""24h""}"
Δείξε μου το time_format,clock_calendar,"{""action"": ""get"", ""target"": ""time_format"", ""payload"": ""12h""}"
Πάρε το time_format,clock_calendar,"{""action"": ""get"", ""target"": ""time_format"", ""payload"": ""12h""}"
Χρειάζομαι το time_format,clock_calendar,"{""action"": ""get"", ""target"": ""time_format"", ""payload"": ""12h""}"
מה זה time_format?,clock_calendar,"{""action"": ""get"", ""target"": ""time_format"", ""payload"": ""24h""}"
ספר לי על time_format,clock_calendar,"{""action"": ""get"", ""target"": ""time_format"", ""payload"": ""24h""}"
הראה לי time_format,clock_calendar,"{""action"": ""get"", ""target"": ""time_format"", ""payload"": ""12h""}"
קבל time_format,clock_calendar,"{""action"": ""get"", ""target"": ""time_format"", ""payload"": ""24h""}"
אני צריך time_format,clock_calendar,"{""action"": ""get"", ""target"": ""time_format"", ""payload"": ""12h""}"
time_format क्या है?,clock_calendar,"{""action"": ""get"", ""target"": ""time_format"", ""payload"": ""24h""}"
मुझे time_format बताओ,clock_calendar,"{""action"": ""get"", ""target"": ""time_format"", ""payload"": ""24h""}"
time_format दिखाओ,clock_calendar,"{""action"": ""get"", ""target"": ""time_format"", ""payload"": ""24h""}"
time_format प्राप्त करो,clock_calendar,"{""action"": ""get"", ""target"": ""time_format"", ""payload"": ""24h""}"
मुझे time_format चाहिए,clock_calendar,"{""action"": ""get"", ""target"": ""time_format"", ""payload"": ""24h""}"
Mi az a time_format?,clock_calendar,"{""action"": ""get"", ""target"": ""time_format"", ""payload"": ""12h""}"
Mondd el a time_format,clock_calendar,"{""action"": ""get"", ""target"": ""time_format"", ""payload"": ""24h""}"
Mutasd a time_format,clock_calendar,"{""action"": ""get"", ""target"": ""time_format"", ""payload"": ""24h""}"
Szerezd be a time_format,clock_calendar,"{""action"": ""get"", ""target"": ""time_format"", ""payload"": ""24h""}"
Szükségem van a time_format,clock_calendar,"{""action"": ""get"", ""target"": ""time_format"", ""payload"": ""12h""}"
Apa itu time_format?,clock_calendar,"{""action"": ""get"", ""target"": ""time_format"", ""payload"": ""24h""}"
Beritahu saya time_format,clock_calendar,"{""action"": ""get"", ""target"": ""time_format"", ""payload"": ""12h""}"
Tunjukkan time_format,clock_calendar,"{""action"": ""get"", ""target"": ""time_format"", ""payload"": ""12h""}"
Ambil time_format,clock_calendar,"{""action"": ""get"", ""target"": ""time_format"", ""payload"": ""24h""}"
Saya butuh time_format,clock_calendar,"{""action"": ""get"", ""target"": ""time_format"", ""payload"": ""12h""}"
Cos'è time_format?,clock_calendar,"{""action"": ""get"", ""target"": ""time_format"", ""payload"": ""12h""}"
Dimmi time_format,clock_calendar,"{""action"": ""get"", ""target"": ""time_format"", ""payload"": ""24h""}"
Mostrami time_format,clock_calendar,"{""action"": ""get"", ""target"": ""time_format"", ""payload"": ""12h""}"
Ottieni time_format,clock_calendar,"{""action"": ""get"", ""target"": ""time_format"", ""payload"": ""12h""}"
Ho bisogno di time_format,clock_calendar,"{""action"": ""get"", ""target"": ""time_format"", ""payload"": ""24h""}"
time_formatは?,clock_calendar,"{""action"": ""get"", ""target"": ""time_format"", ""payload"": ""12h""}"
time_formatを教えて,clock_calendar,"{""action"": ""get"", ""target"": ""time_format"", ""payload"": ""24h""}"
time_formatを見せて,clock_calendar,"{""action"": ""get"", ""target"": ""time_format"", ""payload"": ""24h""}"
time_formatを取得,clock_calendar,"{""action"": ""get"", ""target"": ""time_format"", ""payload"": ""12h""}"
time_formatが必要,clock_calendar,"{""action"": ""get"", ""target"": ""time_format"", ""payload"": ""24h""}"
time_format 뭐야?,clock_calendar,"{""action"": ""get"", ""target"": ""time_format"", ""payload"": ""24h""}"
time_format 알려줘,clock_calendar,"{""action"": ""get"", ""target"": ""time_format"", ""payload"": ""12h""}"
time_format 보여줘,clock_calendar,"{""action"": ""get"", ""target"": ""time_format"", ""payload"": ""24h""}"
time_format 가져와,clock_calendar,"{""action"": ""get"", ""target"": ""time_format"", ""payload"": ""12h""}"
time_format 필요해,clock_calendar,"{""action"": ""get"", ""target"": ""time_format"", ""payload"": ""12h""}"
time_format काय आहे?,clock_calendar,"{""action"": ""get"", ""target"": ""time_format"", ""payload"": ""24h""}"
मला time_format सांगा,clock_calendar,"{""action"": ""get"", ""target"": ""time_format"", ""payload"": ""24h""}"
time_format दाखवा,clock_calendar,"{""action"": ""get"", ""target"": ""time_format"", ""payload"": ""12h""}"
time_format मिळवा,clock_calendar,"{""action"": ""get"", ""target"": ""time_format"", ""payload"": ""12h""}"
मला time_format हवा आहे,clock_calendar,"{""action"": ""get"", ""target"": ""time_format"", ""payload"": ""24h""}"
time_format چیست؟,clock_calendar,"{""action"": ""get"", ""target"": ""time_format"", ""payload"": ""24h""}"
به من time_format را بگو,clock_calendar,"{""action"": ""get"", ""target"": ""time_format"", ""payload"": ""12h""}"
time_format را نشان بده,clock_calendar,"{""action"": ""get"", ""target"": ""time_format"", ""payload"": ""24h""}"
time_format را بگیر,clock_calendar,"{""action"": ""get"", ""target"": ""time_format"", ""payload"": ""12h""}"
من time_format نیاز دارم,clock_calendar,"{""action"": ""get"", ""target"": ""time_format"", ""payload"": ""24h""}"
Co to jest time_format?,clock_calendar,"{""action"": ""get"", ""target"": ""time_format"", ""payload"": ""12h""}"
Powiedz mi time_format,clock_calendar,"{""action"": ""get"", ""target"": ""time_format"", ""payload"": ""12h""}"
Pokaż time_format,clock_calendar,"{""action"": ""get"", ""target"": ""time_format"", ""payload"": ""24h""}"
Pobierz time_format,clock_calendar,"{""action"": ""get"", ""target"": ""time_format"", ""payload"": ""24h""}"
Potrzebuję time_format,clock_calendar,"{""action"": ""get"", ""target"": ""time_format"", ""payload"": ""24h""}"
O que é time_format?,clock_calendar,"{""action"": ""get"", ""target"": ""time_format"", ""payload"": ""24h""}"
Me diga time_format,clock_calendar,"{""action"": ""get"", ""target"": ""time_format"", ""payload"": ""24h""}"
Mostre time_format,clock_calendar,"{""action"": ""get"", ""target"": ""time_format"", ""payload"": ""24h""}"
Obtenha time_format,clock_calendar,"{""action"": ""get"", ""target"": ""time_format"", ""payload"": ""24h""}"
Preciso de time_format,clock_calendar,"{""action"": ""get"", ""target"": ""time_format"", ""payload"": ""12h""}"
Ce este time_format?,clock_calendar,"{""action"": ""get"", ""target"": ""time_format"", ""payload"": ""12h""}"
Spune-mi time_format,clock_calendar,"{""action"": ""get"", ""target"": ""time_format"", ""payload"": ""12h""}"
Arată-mi time_format,clock_calendar,"{""action"": ""get"", ""target"": ""time_format"", ""payload"": ""12h""}"
Obține time_format,clock_calendar,"{""action"": ""get"", ""target"": ""time_format"", ""payload"": ""24h""}"
Am nevoie de time_format,clock_calendar,"{""action"": ""get"", ""target"": ""time_format"", ""payload"": ""12h""}"
Что такое time_format?,clock_calendar,"{""action"": ""get"", ""target"": ""time_format"", ""payload"": ""24h""}"
Скажи time_format,clock_calendar,"{""action"": ""get"", ""target"": ""time_format"", ""payload"": ""12h""}"
Покажи time_format,clock_calendar,"{""action"": ""get"", ""target"": ""time_format"", ""payload"": ""24h""}"
Получи time_format,clock_calendar,"{""action"": ""get"", ""target"": ""time_format"", ""payload"": ""12h""}"
Мне нужен time_format,clock_calendar,"{""action"": ""get"", ""target"": ""time_format"", ""payload"": ""24h""}"
¿Qué es time_format?,clock_calendar,"{""action"": ""get"", ""target"": ""time_format"", ""payload"": ""24h""}"
Dime time_format,clock_calendar,"{""action"": ""get"", ""target"": ""time_format"", ""payload"": ""12h""}"
Muéstrame time_format,clock_calendar,"{""action"": ""get"", ""target"": ""time_format"", ""payload"": ""12h""}"
Obtén time_format,clock_calendar,"{""action"": ""get"", ""target"": ""time_format"", ""payload"": ""24h""}"
Necesito time_format,clock_calendar,"{""action"": ""get"", ""target"": ""time_format"", ""payload"": ""24h""}"
Nini time_format?,clock_calendar,"{""action"": ""get"", ""target"": ""time_format"", ""payload"": ""12h""}"
Niambie time_format,clock_calendar,"{""action"": ""get"", ""target"": ""time_format"", ""payload"": ""24h""}"
Nionyeshe time_format,clock_calendar,"{""action"": ""get"", ""target"": ""time_format"", ""payload"": ""12h""}"
Pata time_format,clock_calendar,"{""action"": ""get"", ""target"": ""time_format"", ""payload"": ""24h""}"
Ninahitaji time_format,clock_calendar,"{""action"": ""get"", ""target"": ""time_format"", ""payload"": ""12h""}"
time_format என்ன?,clock_calendar,"{""action"": ""get"", ""target"": ""time_format"", ""payload"": ""12h""}"
எனக்கு time_format சொல்,clock_calendar,"{""action"": ""get"", ""target"": ""time_format"", ""payload"": ""24h""}"
time_format காட்டு,clock_calendar,"{""action"": ""get"", ""target"": ""time_format"", ""payload"": ""12h""}"
time_format எடு,clock_calendar,"{""action"": ""get"", ""target"": ""time_format"", ""payload"": ""24h""}"
எனக்கு time_format வேண்டும்,clock_calendar,"{""action"": ""get"", ""target"": ""time_format"", ""payload"": ""24h""}"
time_format ఏమిటి?,clock_calendar,"{""action"": ""get"", ""target"": ""time_format"", ""payload"": ""24h""}"
నాకు time_format చెప్పు,clock_calendar,"{""action"": ""get"", ""target"": ""time_format"", ""payload"": ""12h""}"
time_format చూపించు,clock_calendar,"{""action"": ""get"", ""target"": ""time_format"", ""payload"": ""24h""}"
time_format తీసుకో,clock_calendar,"{""action"": ""get"", ""target"": ""time_format"", ""payload"": ""12h""}"
నాకు time_format కావాలి,clock_calendar,"{""action"": ""get"", ""target"": ""time_format"", ""payload"": ""12h""}"
time_format คืออะไร?,clock_calendar,"{""action"": ""get"", ""target"": ""time_format"", ""payload"": ""12h""}"
บอกฉันเรื่อง time_format,clock_calendar,"{""action"": ""get"", ""target"": ""time_format"", ""payload"": ""24h""}"
แสดง time_format,clock_calendar,"{""action"": ""get"", ""target"": ""time_format"", ""payload"": ""24h""}"
เอา time_format มา,clock_calendar,"{""action"": ""get"", ""target"": ""time_format"", ""payload"": ""12h""}"
ฉันต้องการ time_format,clock_calendar,"{""action"": ""get"", ""target"": ""time_format"", ""payload"": ""12h""}"
time_format nedir?,clock_calendar,"{""action"": ""get"", ""target"": ""time_format"", ""payload"": ""12h""}"
Bana time_format söyle,clock_calendar,"{""action"": ""get"", ""target"": ""time_format"", ""payload"": ""12h""}"
time_format göster,clock_calendar,"{""action"": ""get"", ""target"": ""time_format"", ""payload"": ""12h""}"
time_format al,clock_calendar,"{""action"": ""get"", ""target"": ""time_format"", ""payload"": ""24h""}"
Bana time_format lazım,clock_calendar,"{""action"": ""get"", ""target"": ""time_format"", ""payload"": ""24h""}"
time_format کیا ہے؟,clock_calendar,"{""action"": ""get"", ""target"": ""time_format"", ""payload"": ""12h""}"
مجھے time_format بتاؤ,clock_calendar,"{""action"": ""get"", ""target"": ""time_format"", ""payload"": ""24h""}"
time_format دکھاؤ,clock_calendar,"{""action"": ""get"", ""target"": ""time_format"", ""payload"": ""24h""}"
time_format حاصل کرو,clock_calendar,"{""action"": ""get"", ""target"": ""time_format"", ""payload"": ""24h""}"
مجھے time_format چاہیے,clock_calendar,"{""action"": ""get"", ""target"": ""time_format"", ""payload"": ""24h""}"
time_format là gì?,clock_calendar,"{""action"": ""get"", ""target"": ""time_format"", ""payload"": ""12h""}"
Cho tôi biết time_format,clock_calendar,"{""action"": ""get"", ""target"": ""time_format"", ""payload"": ""12h""}"
Hiển thị time_format,clock_calendar,"{""action"": ""get"", ""target"": ""time_format"", ""payload"": ""24h""}"
Lấy time_format,clock_calendar,"{""action"": ""get"", ""target"": ""time_format"", ""payload"": ""12h""}"
Tôi cần time_format,clock_calendar,"{""action"": ""get"", ""target"": ""time_format"", ""payload"": ""24h""}"
ما هو calendar؟,clock_calendar,"{""action"": ""get"", ""target"": ""calendar""}"
أخبرني عن calendar,clock_calendar,"{""action"": ""get"", ""target"": ""calendar""}"
اعرض لي calendar,clock_calendar,"{""action"": ""get"", ""target"": ""calendar""}"
احصل على calendar,clock_calendar,"{""action"": ""get"", ""target"": ""calendar""}"
أحتاج calendar,clock_calendar,"{""action"": ""get"", ""target"": ""calendar""}"
calendar কি?,clock_calendar,"{""action"": ""get"", ""target"": ""calendar""}"
আমাকে calendar বলো,clock_calendar,"{""action"": ""get"", ""target"": ""calendar""}"
calendar দেখাও,clock_calendar,"{""action"": ""get"", ""target"": ""calendar""}"
calendar নাও,clock_calendar,"{""action"": ""get"", ""target"": ""calendar""}"
আমার calendar দরকার,clock_calendar,"{""action"": ""get"", ""target"": ""calendar""}"
calendar是什么？,clock_calendar,"{""action"": ""get"", ""target"": ""calendar""}"
告诉我calendar,clock_calendar,"{""action"": ""get"", ""target"": ""calendar""}"
显示calendar,clock_calendar,"{""action"": ""get"", ""target"": ""calendar""}"
获取calendar,clock_calendar,"{""action"": ""get"", ""target"": ""calendar""}"
我需要calendar,clock_calendar,"{""action"": ""get"", ""target"": ""calendar""}"
Co je calendar?,clock_calendar,"{""action"": ""get"", ""target"": ""calendar""}"
Řekni mi calendar,clock_calendar,"{""action"": ""get"", ""target"": ""calendar""}"
Ukaž mi calendar,clock_calendar,"{""action"": ""get"", ""target"": ""calendar""}"
Získej calendar,clock_calendar,"{""action"": ""get"", ""target"": ""calendar""}"
Potřebuji calendar,clock_calendar,"{""action"": ""get"", ""target"": ""calendar""}"
Wat is calendar?,clock_calendar,"{""action"": ""get"", ""target"": ""calendar""}"
Vertel me calendar,clock_calendar,"{""action"": ""get"", ""target"": ""calendar""}"
Laat calendar zien,clock_calendar,"{""action"": ""get"", ""target"": ""calendar""}"
Haal calendar,clock_calendar,"{""action"": ""get"", ""target"": ""calendar""}"
Ik heb calendar nodig,clock_calendar,"{""action"": ""get"", ""target"": ""calendar""}"
What is the calendar?,clock_calendar,"{""action"": ""get"", ""target"": ""calendar""}"
Tell me the calendar,clock_calendar,"{""action"": ""get"", ""target"": ""calendar""}"
Show me calendar,clock_calendar,"{""action"": ""get"", ""target"": ""calendar""}"
Get the calendar,clock_calendar,"{""action"": ""get"", ""target"": ""calendar""}"
I need calendar,clock_calendar,"{""action"": ""get"", ""target"": ""calendar""}"
Quel est le calendar?,clock_calendar,"{""action"": ""get"", ""target"": ""calendar""}"
Dis-moi le calendar,clock_calendar,"{""action"": ""get"", ""target"": ""calendar""}"
Montre-moi calendar,clock_calendar,"{""action"": ""get"", ""target"": ""calendar""}"
Donne-moi le calendar,clock_calendar,"{""action"": ""get"", ""target"": ""calendar""}"
J'ai besoin du calendar,clock_calendar,"{""action"": ""get"", ""target"": ""calendar""}"
Was ist calendar?,clock_calendar,"{""action"": ""get"", ""target"": ""calendar""}"
Sag mir calendar,clock_calendar,"{""action"": ""get"", ""target"": ""calendar""}"
Zeig mir calendar,clock_calendar,"{""action"": ""get"", ""target"": ""calendar""}"
Hol calendar,clock_calendar,"{""action"": ""get"", ""target"": ""calendar""}"
Ich brauche calendar,clock_calendar,"{""action"": ""get"", ""target"": ""calendar""}"
Τι είναι το calendar;,clock_calendar,"{""action"": ""get"", ""target"": ""calendar""}"
Πες μου το calendar,clock_calendar,"{""action"": ""get"", ""target"": ""calendar""}"
Δείξε μου το calendar,clock_calendar,"{""action"": ""get"", ""target"": ""calendar""}"
Πάρε το calendar,clock_calendar,"{""action"": ""get"", ""target"": ""calendar""}"
Χρειάζομαι το calendar,clock_calendar,"{""action"": ""get"", ""target"": ""calendar""}"
מה זה calendar?,clock_calendar,"{""action"": ""get"", ""target"": ""calendar""}"
ספר לי על calendar,clock_calendar,"{""action"": ""get"", ""target"": ""calendar""}"
הראה לי calendar,clock_calendar,"{""action"": ""get"", ""target"": ""calendar""}"
קבל calendar,clock_calendar,"{""action"": ""get"", ""target"": ""calendar""}"
אני צריך calendar,clock_calendar,"{""action"": ""get"", ""target"": ""calendar""}"
calendar क्या है?,clock_calendar,"{""action"": ""get"", ""target"": ""calendar""}"
मुझे calendar बताओ,clock_calendar,"{""action"": ""get"", ""target"": ""calendar""}"
calendar दिखाओ,clock_calendar,"{""action"": ""get"", ""target"": ""calendar""}"
calendar प्राप्त करो,clock_calendar,"{""action"": ""get"", ""target"": ""calendar""}"
मुझे calendar चाहिए,clock_calendar,"{""action"": ""get"", ""target"": ""calendar""}"
Mi az a calendar?,clock_calendar,"{""action"": ""get"", ""target"": ""calendar""}"
Mondd el a calendar,clock_calendar,"{""action"": ""get"", ""target"": ""calendar""}"
Mutasd a calendar,clock_calendar,"{""action"": ""get"", ""target"": ""calendar""}"
Szerezd be a calendar,clock_calendar,"{""action"": ""get"", ""target"": ""calendar""}"
Szükségem van a calendar,clock_calendar,"{""action"": ""get"", ""target"": ""calendar""}"
Apa itu calendar?,clock_calendar,"{""action"": ""get"", ""target"": ""calendar""}"
Beritahu saya calendar,clock_calendar,"{""action"": ""get"", ""target"": ""calendar""}"
Tunjukkan calendar,clock_calendar,"{""action"": ""get"", ""target"": ""calendar""}"
Ambil calendar,clock_calendar,"{""action"": ""get"", ""target"": ""calendar""}"
Saya butuh calendar,clock_calendar,"{""action"": ""get"", ""target"": ""calendar""}"
Cos'è calendar?,clock_calendar,"{""action"": ""get"", ""target"": ""calendar""}"
Dimmi calendar,clock_calendar,"{""action"": ""get"", ""target"": ""calendar""}"
Mostrami calendar,clock_calendar,"{""action"": ""get"", ""target"": ""calendar""}"
Ottieni calendar,clock_calendar,"{""action"": ""get"", ""target"": ""calendar""}"
Ho bisogno di calendar,clock_calendar,"{""action"": ""get"", ""target"": ""calendar""}"
calendarは?,clock_calendar,"{""action"": ""get"", ""target"": ""calendar""}"
calendarを教えて,clock_calendar,"{""action"": ""get"", ""target"": ""calendar""}"
calendarを見せて,clock_calendar,"{""action"": ""get"", ""target"": ""calendar""}"
calendarを取得,clock_calendar,"{""action"": ""get"", ""target"": ""calendar""}"
calendarが必要,clock_calendar,"{""action"": ""get"", ""target"": ""calendar""}"
calendar 뭐야?,clock_calendar,"{""action"": ""get"", ""target"": ""calendar""}"
calendar 알려줘,clock_calendar,"{""action"": ""get"", ""target"": ""calendar""}"
calendar 보여줘,clock_calendar,"{""action"": ""get"", ""target"": ""calendar""}"
calendar 가져와,clock_calendar,"{""action"": ""get"", ""target"": ""calendar""}"
calendar 필요해,clock_calendar,"{""action"": ""get"", ""target"": ""calendar""}"
calendar काय आहे?,clock_calendar,"{""action"": ""get"", ""target"": ""calendar""}"
मला calendar सांगा,clock_calendar,"{""action"": ""get"", ""target"": ""calendar""}"
calendar दाखवा,clock_calendar,"{""action"": ""get"", ""target"": ""calendar""}"
calendar मिळवा,clock_calendar,"{""action"": ""get"", ""target"": ""calendar""}"
मला calendar हवा आहे,clock_calendar,"{""action"": ""get"", ""target"": ""calendar""}"
calendar چیست؟,clock_calendar,"{""action"": ""get"", ""target"": ""calendar""}"
به من calendar را بگو,clock_calendar,"{""action"": ""get"", ""target"": ""calendar""}"
calendar را نشان بده,clock_calendar,"{""action"": ""get"", ""target"": ""calendar""}"
calendar را بگیر,clock_calendar,"{""action"": ""get"", ""target"": ""calendar""}"
من calendar نیاز دارم,clock_calendar,"{""action"": ""get"", ""target"": ""calendar""}"
Co to jest calendar?,clock_calendar,"{""action"": ""get"", ""target"": ""calendar""}"
Powiedz mi calendar,clock_calendar,"{""action"": ""get"", ""target"": ""calendar""}"
Pokaż calendar,clock_calendar,"{""action"": ""get"", ""target"": ""calendar""}"
Pobierz calendar,clock_calendar,"{""action"": ""get"", ""target"": ""calendar""}"
Potrzebuję calendar,clock_calendar,"{""action"": ""get"", ""target"": ""calendar""}"
O que é calendar?,clock_calendar,"{""action"": ""get"", ""target"": ""calendar""}"
Me diga calendar,clock_calendar,"{""action"": ""get"", ""target"": ""calendar""}"
Mostre calendar,clock_calendar,"{""action"": ""get"", ""target"": ""calendar""}"
Obtenha calendar,clock_calendar,"{""action"": ""get"", ""target"": ""calendar""}"
Preciso de calendar,clock_calendar,"{""action"": ""get"", ""target"": ""calendar""}"
Ce este calendar?,clock_calendar,"{""action"": ""get"", ""target"": ""calendar""}"
Spune-mi calendar,clock_calendar,"{""action"": ""get"", ""target"": ""calendar""}"
Arată-mi calendar,clock_calendar,"{""action"": ""get"", ""target"": ""calendar""}"
Obține calendar,clock_calendar,"{""action"": ""get"", ""target"": ""calendar""}"
Am nevoie de calendar,clock_calendar,"{""action"": ""get"", ""target"": ""calendar""}"
Что такое calendar?,clock_calendar,"{""action"": ""get"", ""target"": ""calendar""}"
Скажи calendar,clock_calendar,"{""action"": ""get"", ""target"": ""calendar""}"
Покажи calendar,clock_calendar,"{""action"": ""get"", ""target"": ""calendar""}"
Получи calendar,clock_calendar,"{""action"": ""get"", ""target"": ""calendar""}"
Мне нужен calendar,clock_calendar,"{""action"": ""get"", ""target"": ""calendar""}"
¿Qué es calendar?,clock_calendar,"{""action"": ""get"", ""target"": ""calendar""}"
Dime calendar,clock_calendar,"{""action"": ""get"", ""target"": ""calendar""}"
Muéstrame calendar,clock_calendar,"{""action"": ""get"", ""target"": ""calendar""}"
Obtén calendar,clock_calendar,"{""action"": ""get"", ""target"": ""calendar""}"
Necesito calendar,clock_calendar,"{""action"": ""get"", ""target"": ""calendar""}"
Nini calendar?,clock_calendar,"{""action"": ""get"", ""target"": ""calendar""}"
Niambie calendar,clock_calendar,"{""action"": ""get"", ""target"": ""calendar""}"
Nionyeshe calendar,clock_calendar,"{""action"": ""get"", ""target"": ""calendar""}"
Pata calendar,clock_calendar,"{""action"": ""get"", ""target"": ""calendar""}"
Ninahitaji calendar,clock_calendar,"{""action"": ""get"", ""target"": ""calendar""}"
calendar என்ன?,clock_calendar,"{""action"": ""get"", ""target"": ""calendar""}"
எனக்கு calendar சொல்,clock_calendar,"{""action"": ""get"", ""target"": ""calendar""}"
calendar காட்டு,clock_calendar,"{""action"": ""get"", ""target"": ""calendar""}"
calendar எடு,clock_calendar,"{""action"": ""get"", ""target"": ""calendar""}"
எனக்கு calendar வேண்டும்,clock_calendar,"{""action"": ""get"", ""target"": ""calendar""}"
calendar ఏమిటి?,clock_calendar,"{""action"": ""get"", ""target"": ""calendar""}"
నాకు calendar చెప్పు,clock_calendar,"{""action"": ""get"", ""target"": ""calendar""}"
calendar చూపించు,clock_calendar,"{""action"": ""get"", ""target"": ""calendar""}"
calendar తీసుకో,clock_calendar,"{""action"": ""get"", ""target"": ""calendar""}"
నాకు calendar కావాలి,clock_calendar,"{""action"": ""get"", ""target"": ""calendar""}"
calendar คืออะไร?,clock_calendar,"{""action"": ""get"", ""target"": ""calendar""}"
บอกฉันเรื่อง calendar,clock_calendar,"{""action"": ""get"", ""target"": ""calendar""}"
แสดง calendar,clock_calendar,"{""action"": ""get"", ""target"": ""calendar""}"
เอา calendar มา,clock_calendar,"{""action"": ""get"", ""target"": ""calendar""}"
ฉันต้องการ calendar,clock_calendar,"{""action"": ""get"", ""target"": ""calendar""}"
calendar nedir?,clock_calendar,"{""action"": ""get"", ""target"": ""calendar""}"
Bana calendar söyle,clock_calendar,"{""action"": ""get"", ""target"": ""calendar""}"
calendar göster,clock_calendar,"{""action"": ""get"", ""target"": ""calendar""}"
calendar al,clock_calendar,"{""action"": ""get"", ""target"": ""calendar""}"
Bana calendar lazım,clock_calendar,"{""action"": ""get"", ""target"": ""calendar""}"
calendar کیا ہے؟,clock_calendar,"{""action"": ""get"", ""target"": ""calendar""}"
مجھے calendar بتاؤ,clock_calendar,"{""action"": ""get"", ""target"": ""calendar""}"
calendar دکھاؤ,clock_calendar,"{""action"": ""get"", ""target"": ""calendar""}"
calendar حاصل کرو,clock_calendar,"{""action"": ""get"", ""target"": ""calendar""}"
مجھے calendar چاہیے,clock_calendar,"{""action"": ""get"", ""target"": ""calendar""}"
calendar là gì?,clock_calendar,"{""action"": ""get"", ""target"": ""calendar""}"
Cho tôi biết calendar,clock_calendar,"{""action"": ""get"", ""target"": ""calendar""}"
Hiển thị calendar,clock_calendar,"{""action"": ""get"", ""target"": ""calendar""}"
Lấy calendar,clock_calendar,"{""action"": ""get"", ""target"": ""calendar""}"
Tôi cần calendar,clock_calendar,"{""action"": ""get"", ""target"": ""calendar""}"
عيّن alarm إلى 18:30,clock_calendar,"{""action"": ""set"", ""target"": ""alarm"", ""payload"": ""06:00""}"
أنشئ alarm: 18:30,clock_calendar,"{""action"": ""set"", ""target"": ""alarm"", ""payload"": ""12:00""}"
أضف alarm 12:00,clock_calendar,"{""action"": ""set"", ""target"": ""alarm"", ""payload"": ""12:00""}"
جدول alarm 07:00,clock_calendar,"{""action"": ""set"", ""target"": ""alarm"", ""payload"": ""18:30""}"
حدّث alarm إلى 18:30,clock_calendar,"{""action"": ""set"", ""target"": ""alarm"", ""payload"": ""18:30""}"
alarm 08:30 সেট করো,clock_calendar,"{""action"": ""set"", ""target"": ""alarm"", ""payload"": ""06:00""}"
alarm তৈরি করো: 07:00,clock_calendar,"{""action"": ""set"", ""target"": ""alarm"", ""payload"": ""06:00""}"
alarm যোগ করো 07:00,clock_calendar,"{""action"": ""set"", ""target"": ""alarm"", ""payload"": ""18:30""}"
alarm 08:30 শিডিউল করো,clock_calendar,"{""action"": ""set"", ""target"": ""alarm"", ""payload"": ""08:30""}"
alarm 18:30 আপডেট করো,clock_calendar,"{""action"": ""set"", ""target"": ""alarm"", ""payload"": ""06:00""}"
设置alarm为12:00,clock_calendar,"{""action"": ""set"", ""target"": ""alarm"", ""payload"": ""18:30""}"
创建alarm: 07:00,clock_calendar,"{""action"": ""set"", ""target"": ""alarm"", ""payload"": ""06:00""}"
添加alarm 12:00,clock_calendar,"{""action"": ""set"", ""target"": ""alarm"", ""payload"": ""08:30""}"
安排alarm 07:00,clock_calendar,"{""action"": ""set"", ""target"": ""alarm"", ""payload"": ""08:30""}"
更新alarm为07:00,clock_calendar,"{""action"": ""set"", ""target"": ""alarm"", ""payload"": ""12:00""}"
Nastav alarm na 07:00,clock_calendar,"{""action"": ""set"", ""target"": ""alarm"", ""payload"": ""12:00""}"
Vytvoř alarm: 18:30,clock_calendar,"{""action"": ""set"", ""target"": ""alarm"", ""payload"": ""18:30""}"
Přidej alarm 07:00,clock_calendar,"{""action"": ""set"", ""target"": ""alarm"", ""payload"": ""06:00""}"
Naplánuj alarm 08:30,clock_calendar,"{""action"": ""set"", ""target"": ""alarm"", ""payload"": ""07:00""}"
Aktualizuj alarm na 07:00,clock_calendar,"{""action"": ""set"", ""target"": ""alarm"", ""payload"": ""08:30""}"
Zet alarm op 07:00,clock_calendar,"{""action"": ""set"", ""target"": ""alarm"", ""payload"": ""08:30""}"
Maak alarm: 12:00,clock_calendar,"{""action"": ""set"", ""target"": ""alarm"", ""payload"": ""06:00""}"
Voeg alarm 18:30 toe,clock_calendar,"{""action"": ""set"", ""target"": ""alarm"", ""payload"": ""18:30""}"
Plan alarm 06:00,clock_calendar,"{""action"": ""set"", ""target"": ""alarm"", ""payload"": ""08:30""}"
Werk alarm bij naar 06:00,clock_calendar,"{""action"": ""set"", ""target"": ""alarm"", ""payload"": ""08:30""}"
Set alarm to 06:00,clock_calendar,"{""action"": ""set"", ""target"": ""alarm"", ""payload"": ""07:00""}"
Create alarm: 07:00,clock_calendar,"{""action"": ""set"", ""target"": ""alarm"", ""payload"": ""06:00""}"
Add alarm 12:00,clock_calendar,"{""action"": ""set"", ""target"": ""alarm"", ""payload"": ""06:00""}"
Schedule alarm 18:30,clock_calendar,"{""action"": ""set"", ""target"": ""alarm"", ""payload"": ""07:00""}"
Update alarm to 06:00,clock_calendar,"{""action"": ""set"", ""target"": ""alarm"", ""payload"": ""18:30""}"
Définir alarm à 07:00,clock_calendar,"{""action"": ""set"", ""target"": ""alarm"", ""payload"": ""12:00""}"
Créer alarm: 12:00,clock_calendar,"{""action"": ""set"", ""target"": ""alarm"", ""payload"": ""18:30""}"
Ajouter alarm 06:00,clock_calendar,"{""action"": ""set"", ""target"": ""alarm"", ""payload"": ""07:00""}"
Planifier alarm 12:00,clock_calendar,"{""action"": ""set"", ""target"": ""alarm"", ""payload"": ""18:30""}"
Mettre à jour alarm en 08:30,clock_calendar,"{""action"": ""set"", ""target"": ""alarm"", ""payload"": ""06:00""}"
Setze alarm auf 08:30,clock_calendar,"{""action"": ""set"", ""target"": ""alarm"", ""payload"": ""06:00""}"
Erstelle alarm: 07:00,clock_calendar,"{""action"": ""set"", ""target"": ""alarm"", ""payload"": ""18:30""}"
Füge alarm 07:00 hinzu,clock_calendar,"{""action"": ""set"", ""target"": ""alarm"", ""payload"": ""08:30""}"
Plane alarm 18:30,clock_calendar,"{""action"": ""set"", ""target"": ""alarm"", ""payload"": ""07:00""}"
Aktualisiere alarm zu 07:00,clock_calendar,"{""action"": ""set"", ""target"": ""alarm"", ""payload"": ""07:00""}"
Όρισε alarm σε 08:30,clock_calendar,"{""action"": ""set"", ""target"": ""alarm"", ""payload"": ""07:00""}"
Δημιούργησε alarm: 12:00,clock_calendar,"{""action"": ""set"", ""target"": ""alarm"", ""payload"": ""06:00""}"
Πρόσθεσε alarm 12:00,clock_calendar,"{""action"": ""set"", ""target"": ""alarm"", ""payload"": ""08:30""}"
Προγραμμάτισε alarm 08:30,clock_calendar,"{""action"": ""set"", ""target"": ""alarm"", ""payload"": ""07:00""}"
Ενημέρωσε alarm σε 18:30,clock_calendar,"{""action"": ""set"", ""target"": ""alarm"", ""payload"": ""12:00""}"
הגדר alarm כ-08:30,clock_calendar,"{""action"": ""set"", ""target"": ""alarm"", ""payload"": ""06:00""}"
צור alarm: 08:30,clock_calendar,"{""action"": ""set"", ""target"": ""alarm"", ""payload"": ""12:00""}"
הוסף alarm 06:00,clock_calendar,"{""action"": ""set"", ""target"": ""alarm"", ""payload"": ""06:00""}"
תזמן alarm 07:00,clock_calendar,"{""action"": ""set"", ""target"": ""alarm"", ""payload"": ""18:30""}"
עדכן alarm ל-06:00,clock_calendar,"{""action"": ""set"", ""target"": ""alarm"", ""payload"": ""07:00""}"
alarm को 18:30 सेट करो,clock_calendar,"{""action"": ""set"", ""target"": ""alarm"", ""payload"": ""07:00""}"
alarm बनाओ: 08:30,clock_calendar,"{""action"": ""set"", ""target"": ""alarm"", ""payload"": ""08:30""}"
alarm में 18:30 जोड़ो,clock_calendar,"{""action"": ""set"", ""target"": ""alarm"", ""payload"": ""07:00""}"
alarm को 12:00 शेड्यूल करो,clock_calendar,"{""action"": ""set"", ""target"": ""alarm"", ""payload"": ""07:00""}"
alarm को 12:00 अपडेट करो,clock_calendar,"{""action"": ""set"", ""target"": ""alarm"", ""payload"": ""06:00""}"
Állítsd be alarm-et 06:00-re,clock_calendar,"{""action"": ""set"", ""target"": ""alarm"", ""payload"": ""06:00""}"
Hozd létre alarm: 07:00,clock_calendar,"{""action"": ""set"", ""target"": ""alarm"", ""payload"": ""18:30""}"
Adj hozzá alarm 12:00,clock_calendar,"{""action"": ""set"", ""target"": ""alarm"", ""payload"": ""07:00""}"
Ütemezd alarm 06:00,clock_calendar,"{""action"": ""set"", ""target"": ""alarm"", ""payload"": ""08:30""}"
Frissítsd alarm 06:00-re,clock_calendar,"{""action"": ""set"", ""target"": ""alarm"", ""payload"": ""18:30""}"
Atur alarm ke 06:00,clock_calendar,"{""action"": ""set"", ""target"": ""alarm"", ""payload"": ""18:30""}"
Buat alarm: 08:30,clock_calendar,"{""action"": ""set"", ""target"": ""alarm"", ""payload"": ""12:00""}"
Tambah alarm 06:00,clock_calendar,"{""action"": ""set"", ""target"": ""alarm"", ""payload"": ""18:30""}"
Jadwalkan alarm 12:00,clock_calendar,"{""action"": ""set"", ""target"": ""alarm"", ""payload"": ""08:30""}"
Perbarui alarm ke 18:30,clock_calendar,"{""action"": ""set"", ""target"": ""alarm"", ""payload"": ""08:30""}"
Imposta alarm a 08:30,clock_calendar,"{""action"": ""set"", ""target"": ""alarm"", ""payload"": ""07:00""}"
Crea alarm: 12:00,clock_calendar,"{""action"": ""set"", ""target"": ""alarm"", ""payload"": ""07:00""}"
Aggiungi alarm 08:30,clock_calendar,"{""action"": ""set"", ""target"": ""alarm"", ""payload"": ""18:30""}"
Pianifica alarm 06:00,clock_calendar,"{""action"": ""set"", ""target"": ""alarm"", ""payload"": ""07:00""}"
Aggiorna alarm a 06:00,clock_calendar,"{""action"": ""set"", ""target"": ""alarm"", ""payload"": ""07:00""}"
alarmを12:00に設定,clock_calendar,"{""action"": ""set"", ""target"": ""alarm"", ""payload"": ""06:00""}"
alarmを作成: 07:00,clock_calendar,"{""action"": ""set"", ""target"": ""alarm"", ""payload"": ""08:30""}"
alarmに18:30を追加,clock_calendar,"{""action"": ""set"", ""target"": ""alarm"", ""payload"": ""08:30""}"
alarmを12:00にスケジュール,clock_calendar,"{""action"": ""set"", ""target"": ""alarm"", ""payload"": ""12:00""}"
alarmを07:00に更新,clock_calendar,"{""action"": ""set"", ""target"": ""alarm"", ""payload"": ""08:30""}"
alarm를 06:00로 설정,clock_calendar,"{""action"": ""set"", ""target"": ""alarm"", ""payload"": ""07:00""}"
alarm 만들기: 07:00,clock_calendar,"{""action"": ""set"", ""target"": ""alarm"", ""payload"": ""08:30""}"
alarm에 18:30 추가,clock_calendar,"{""action"": ""set"", ""target"": ""alarm"", ""payload"": ""12:00""}"
alarm를 06:00로 예약,clock_calendar,"{""action"": ""set"", ""target"": ""alarm"", ""payload"": ""12:00""}"
alarm를 07:00로 업데이트,clock_calendar,"{""action"": ""set"", ""target"": ""alarm"", ""payload"": ""18:30""}"
alarm 07:00 वर सेट करा,clock_calendar,"{""action"": ""set"", ""target"": ""alarm"", ""payload"": ""18:30""}"
alarm तयार करा: 08:30,clock_calendar,"{""action"": ""set"", ""target"": ""alarm"", ""payload"": ""12:00""}"
alarm मध्ये 07:00 जोडा,clock_calendar,"{""action"": ""set"", ""target"": ""alarm"", ""payload"": ""18:30""}"
alarm 18:30 शेड्यूल करा,clock_calendar,"{""action"": ""set"", ""target"": ""alarm"", ""payload"": ""07:00""}"
alarm 12:00 वर अपडेट करा,clock_calendar,"{""action"": ""set"", ""target"": ""alarm"", ""payload"": ""08:30""}"
alarm را روی 08:30 تنظیم کن,clock_calendar,"{""action"": ""set"", ""target"": ""alarm"", ""payload"": ""06:00""}"
alarm را بساز: 06:00,clock_calendar,"{""action"": ""set"", ""target"": ""alarm"", ""payload"": ""06:00""}"
alarm اضافه کن 12:00,clock_calendar,"{""action"": ""set"", ""target"": ""alarm"", ""payload"": ""06:00""}"
alarm را برنامه‌ریزی کن 06:00,clock_calendar,"{""action"": ""set"", ""target"": ""alarm"", ""payload"": ""12:00""}"
alarm را به 06:00 به‌روز کن,clock_calendar,"{""action"": ""set"", ""target"": ""alarm"", ""payload"": ""08:30""}"
Ustaw alarm na 07:00,clock_calendar,"{""action"": ""set"", ""target"": ""alarm"", ""payload"": ""08:30""}"
Utwórz alarm: 08:30,clock_calendar,"{""action"": ""set"", ""target"": ""alarm"", ""payload"": ""18:30""}"
Dodaj alarm 07:00,clock_calendar,"{""action"": ""set"", ""target"": ""alarm"", ""payload"": ""08:30""}"
Zaplanuj alarm 07:00,clock_calendar,"{""action"": ""set"", ""target"": ""alarm"", ""payload"": ""08:30""}"
Zaktualizuj alarm do 12:00,clock_calendar,"{""action"": ""set"", ""target"": ""alarm"", ""payload"": ""12:00""}"
Defina alarm como 06:00,clock_calendar,"{""action"": ""set"", ""target"": ""alarm"", ""payload"": ""12:00""}"
Crie alarm: 07:00,clock_calendar,"{""action"": ""set"", ""target"": ""alarm"", ""payload"": ""18:30""}"
Adicione alarm 06:00,clock_calendar,"{""action"": ""set"", ""target"": ""alarm"", ""payload"": ""08:30""}"
Agende alarm 12:00,clock_calendar,"{""action"": ""set"", ""target"": ""alarm"", ""payload"": ""06:00""}"
Atualize alarm para 12:00,clock_calendar,"{""action"": ""set"", ""target"": ""alarm"", ""payload"": ""06:00""}"
Setează alarm la 07:00,clock_calendar,"{""action"": ""set"", ""target"": ""alarm"", ""payload"": ""07:00""}"
Creează alarm: 08:30,clock_calendar,"{""action"": ""set"", ""target"": ""alarm"", ""payload"": ""06:00""}"
Adaugă alarm 18:30,clock_calendar,"{""action"": ""set"", ""target"": ""alarm"", ""payload"": ""07:00""}"
Programează alarm 08:30,clock_calendar,"{""action"": ""set"", ""target"": ""alarm"", ""payload"": ""06:00""}"
Actualizează alarm la 08:30,clock_calendar,"{""action"": ""set"", ""target"": ""alarm"", ""payload"": ""07:00""}"
Установи alarm на 08:30,clock_calendar,"{""action"": ""set"", ""target"": ""alarm"", ""payload"": ""06:00""}"
Создай alarm: 12:00,clock_calendar,"{""action"": ""set"", ""target"": ""alarm"", ""payload"": ""18:30""}"
Добавь alarm 07:00,clock_calendar,"{""action"": ""set"", ""target"": ""alarm"", ""payload"": ""06:00""}"
Запланируй alarm 06:00,clock_calendar,"{""action"": ""set"", ""target"": ""alarm"", ""payload"": ""08:30""}"
Обнови alarm до 07:00,clock_calendar,"{""action"": ""set"", ""target"": ""alarm"", ""payload"": ""12:00""}"
Establece alarm a 12:00,clock_calendar,"{""action"": ""set"", ""target"": ""alarm"", ""payload"": ""18:30""}"
Crea alarm: 18:30,clock_calendar,"{""action"": ""set"", ""target"": ""alarm"", ""payload"": ""08:30""}"
Añade alarm 07:00,clock_calendar,"{""action"": ""set"", ""target"": ""alarm"", ""payload"": ""12:00""}"
Programa alarm 07:00,clock_calendar,"{""action"": ""set"", ""target"": ""alarm"", ""payload"": ""08:30""}"
Actualiza alarm a 07:00,clock_calendar,"{""action"": ""set"", ""target"": ""alarm"", ""payload"": ""07:00""}"
Weka alarm kuwa 07:00,clock_calendar,"{""action"": ""set"", ""target"": ""alarm"", ""payload"": ""08:30""}"
Unda alarm: 08:30,clock_calendar,"{""action"": ""set"", ""target"": ""alarm"", ""payload"": ""08:30""}"
Ongeza alarm 12:00,clock_calendar,"{""action"": ""set"", ""target"": ""alarm"", ""payload"": ""06:00""}"
Panga alarm 07:00,clock_calendar,"{""action"": ""set"", ""target"": ""alarm"", ""payload"": ""18:30""}"
Sasisha alarm kuwa 18:30,clock_calendar,"{""action"": ""set"", ""target"": ""alarm"", ""payload"": ""06:00""}"
alarm ஐ 07:00 ஆக அமை,clock_calendar,"{""action"": ""set"", ""target"": ""alarm"", ""payload"": ""07:00""}"
alarm உருவாக்கு: 07:00,clock_calendar,"{""action"": ""set"", ""target"": ""alarm"", ""payload"": ""08:30""}"
alarm சேர் 12:00,clock_calendar,"{""action"": ""set"", ""target"": ""alarm"", ""payload"": ""08:30""}"
alarm திட்டமிடு 07:00,clock_calendar,"{""action"": ""set"", ""target"": ""alarm"", ""payload"": ""06:00""}"
alarm ஐ 07:00 ஆக புதுப்பி,clock_calendar,"{""action"": ""set"", ""target"": ""alarm"", ""payload"": ""07:00""}"
alarm ని 12:00 గా సెట్ చేయి,clock_calendar,"{""action"": ""set"", ""target"": ""alarm"", ""payload"": ""07:00""}"
alarm సృష్టించు: 08:30,clock_calendar,"{""action"": ""set"", ""target"": ""alarm"", ""payload"": ""18:30""}"
alarm చేర్చు 12:00,clock_calendar,"{""action"": ""set"", ""target"": ""alarm"", ""payload"": ""12:00""}"
alarm షెడ్యూల్ చేయి 12:00,clock_calendar,"{""action"": ""set"", ""target"": ""alarm"", ""payload"": ""07:00""}"
alarm ని 12:00 గా అప్‌డేట్ చేయి,clock_calendar,"{""action"": ""set"", ""target"": ""alarm"", ""payload"": ""12:00""}"
ตั้ง alarm เป็น 08:30,clock_calendar,"{""action"": ""set"", ""target"": ""alarm"", ""payload"": ""06:00""}"
สร้าง alarm: 08:30,clock_calendar,"{""action"": ""set"", ""target"": ""alarm"", ""payload"": ""08:30""}"
เพิ่ม alarm 06:00,clock_calendar,"{""action"": ""set"", ""target"": ""alarm"", ""payload"": ""06:00""}"
กำหนดเวลา alarm 12:00,clock_calendar,"{""action"": ""set"", ""target"": ""alarm"", ""payload"": ""08:30""}"
อัปเดต alarm เป็น 07:00,clock_calendar,"{""action"": ""set"", ""target"": ""alarm"", ""payload"": ""18:30""}"
alarm'i 18:30 olarak ayarla,clock_calendar,"{""action"": ""set"", ""target"": ""alarm"", ""payload"": ""18:30""}"
alarm oluştur: 08:30,clock_calendar,"{""action"": ""set"", ""target"": ""alarm"", ""payload"": ""06:00""}"
alarm'e 12:00 ekle,clock_calendar,"{""action"": ""set"", ""target"": ""alarm"", ""payload"": ""12:00""}"
alarm'i 18:30 olarak planla,clock_calendar,"{""action"": ""set"", ""target"": ""alarm"", ""payload"": ""12:00""}"
alarm'i 07:00 olarak güncelle,clock_calendar,"{""action"": ""set"", ""target"": ""alarm"", ""payload"": ""07:00""}"
alarm کو 06:00 پر سیٹ کرو,clock_calendar,"{""action"": ""set"", ""target"": ""alarm"", ""payload"": ""12:00""}"
alarm بناؤ: 08:30,clock_calendar,"{""action"": ""set"", ""target"": ""alarm"", ""payload"": ""12:00""}"
alarm میں 08:30 شامل کرو,clock_calendar,"{""action"": ""set"", ""target"": ""alarm"", ""payload"": ""18:30""}"
alarm کو 08:30 شیڈول کرو,clock_calendar,"{""action"": ""set"", ""target"": ""alarm"", ""payload"": ""18:30""}"
alarm کو 07:00 اپ ڈیٹ کرو,clock_calendar,"{""action"": ""set"", ""target"": ""alarm"", ""payload"": ""12:00""}"
Đặt alarm thành 06:00,clock_calendar,"{""action"": ""set"", ""target"": ""alarm"", ""payload"": ""12:00""}"
Tạo alarm: 18:30,clock_calendar,"{""action"": ""set"", ""target"": ""alarm"", ""payload"": ""12:00""}"
Thêm alarm 06:00,clock_calendar,"{""action"": ""set"", ""target"": ""alarm"", ""payload"": ""18:30""}"
Lên lịch alarm 18:30,clock_calendar,"{""action"": ""set"", ""target"": ""alarm"", ""payload"": ""06:00""}"
Cập nhật alarm thành 12:00,clock_calendar,"{""action"": ""set"", ""target"": ""alarm"", ""payload"": ""06:00""}"
عيّن timer إلى 10 minutes,clock_calendar,"{""action"": ""set"", ""target"": ""timer"", ""payload"": ""5 minutes""}"
أنشئ timer: 30 seconds,clock_calendar,"{""action"": ""set"", ""target"": ""timer"", ""payload"": ""15 minutes""}"
أضف timer 10 minutes,clock_calendar,"{""action"": ""set"", ""target"": ""timer"", ""payload"": ""5 minutes""}"
جدول timer 30 seconds,clock_calendar,"{""action"": ""set"", ""target"": ""timer"", ""payload"": ""5 minutes""}"
حدّث timer إلى 1 hour,clock_calendar,"{""action"": ""set"", ""target"": ""timer"", ""payload"": ""15 minutes""}"
timer 30 seconds সেট করো,clock_calendar,"{""action"": ""set"", ""target"": ""timer"", ""payload"": ""15 minutes""}"
timer তৈরি করো: 10 minutes,clock_calendar,"{""action"": ""set"", ""target"": ""timer"", ""payload"": ""10 minutes""}"
timer যোগ করো 5 minutes,clock_calendar,"{""action"": ""set"", ""target"": ""timer"", ""payload"": ""10 minutes""}"
timer 10 minutes শিডিউল করো,clock_calendar,"{""action"": ""set"", ""target"": ""timer"", ""payload"": ""30 seconds""}"
timer 15 minutes আপডেট করো,clock_calendar,"{""action"": ""set"", ""target"": ""timer"", ""payload"": ""5 minutes""}"
设置timer为10 minutes,clock_calendar,"{""action"": ""set"", ""target"": ""timer"", ""payload"": ""15 minutes""}"
创建timer: 1 hour,clock_calendar,"{""action"": ""set"", ""target"": ""timer"", ""payload"": ""30 seconds""}"
添加timer 10 minutes,clock_calendar,"{""action"": ""set"", ""target"": ""timer"", ""payload"": ""10 minutes""}"
安排timer 10 minutes,clock_calendar,"{""action"": ""set"", ""target"": ""timer"", ""payload"": ""15 minutes""}"
更新timer为30 seconds,clock_calendar,"{""action"": ""set"", ""target"": ""timer"", ""payload"": ""30 seconds""}"
Nastav timer na 15 minutes,clock_calendar,"{""action"": ""set"", ""target"": ""timer"", ""payload"": ""5 minutes""}"
Vytvoř timer: 30 seconds,clock_calendar,"{""action"": ""set"", ""target"": ""timer"", ""payload"": ""15 minutes""}"
Přidej timer 15 minutes,clock_calendar,"{""action"": ""set"", ""target"": ""timer"", ""payload"": ""10 minutes""}"
Naplánuj timer 15 minutes,clock_calendar,"{""action"": ""set"", ""target"": ""timer"", ""payload"": ""10 minutes""}"
Aktualizuj timer na 1 hour,clock_calendar,"{""action"": ""set"", ""target"": ""timer"", ""payload"": ""15 minutes""}"
Zet timer op 30 seconds,clock_calendar,"{""action"": ""set"", ""target"": ""timer"", ""payload"": ""10 minutes""}"
Maak timer: 1 hour,clock_calendar,"{""action"": ""set"", ""target"": ""timer"", ""payload"": ""5 minutes""}"
Voeg timer 5 minutes toe,clock_calendar,"{""action"": ""set"", ""target"": ""timer"", ""payload"": ""5 minutes""}"
Plan timer 10 minutes,clock_calendar,"{""action"": ""set"", ""target"": ""timer"", ""payload"": ""15 minutes""}"
Werk timer bij naar 10 minutes,clock_calendar,"{""action"": ""set"", ""target"": ""timer"", ""payload"": ""5 minutes""}"
Set timer to 15 minutes,clock_calendar,"{""action"": ""set"", ""target"": ""timer"", ""payload"": ""1 hour""}"
Create timer: 5 minutes,clock_calendar,"{""action"": ""set"", ""target"": ""timer"", ""payload"": ""30 seconds""}"
Add timer 15 minutes,clock_calendar,"{""action"": ""set"", ""target"": ""timer"", ""payload"": ""10 minutes""}"
Schedule timer 10 minutes,clock_calendar,"{""action"": ""set"", ""target"": ""timer"", ""payload"": ""30 seconds""}"
Update timer to 10 minutes,clock_calendar,"{""action"": ""set"", ""target"": ""timer"", ""payload"": ""30 seconds""}"
Définir timer à 5 minutes,clock_calendar,"{""action"": ""set"", ""target"": ""timer"", ""payload"": ""5 minutes""}"
Créer timer: 10 minutes,clock_calendar,"{""action"": ""set"", ""target"": ""timer"", ""payload"": ""15 minutes""}"
Ajouter timer 10 minutes,clock_calendar,"{""action"": ""set"", ""target"": ""timer"", ""payload"": ""5 minutes""}"
Planifier timer 15 minutes,clock_calendar,"{""action"": ""set"", ""target"": ""timer"", ""payload"": ""30 seconds""}"
Mettre à jour timer en 5 minutes,clock_calendar,"{""action"": ""set"", ""target"": ""timer"", ""payload"": ""30 seconds""}"
Setze timer auf 1 hour,clock_calendar,"{""action"": ""set"", ""target"": ""timer"", ""payload"": ""15 minutes""}"
Erstelle timer: 5 minutes,clock_calendar,"{""action"": ""set"", ""target"": ""timer"", ""payload"": ""30 seconds""}"
Füge timer 30 seconds hinzu,clock_calendar,"{""action"": ""set"", ""target"": ""timer"", ""payload"": ""30 seconds""}"
Plane timer 10 minutes,clock_calendar,"{""action"": ""set"", ""target"": ""timer"", ""payload"": ""10 minutes""}"
Aktualisiere timer zu 1 hour,clock_calendar,"{""action"": ""set"", ""target"": ""timer"", ""payload"": ""1 hour""}"
Όρισε timer σε 30 seconds,clock_calendar,"{""action"": ""set"", ""target"": ""timer"", ""payload"": ""10 minutes""}"
Δημιούργησε timer: 15 minutes,clock_calendar,"{""action"": ""set"", ""target"": ""timer"", ""payload"": ""15 minutes""}"
Πρόσθεσε timer 30 seconds,clock_calendar,"{""action"": ""set"", ""target"": ""timer"", ""payload"": ""10 minutes""}"
Προγραμμάτισε timer 15 minutes,clock_calendar,"{""action"": ""set"", ""target"": ""timer"", ""payload"": ""10 minutes""}"
Ενημέρωσε timer σε 1 hour,clock_calendar,"{""action"": ""set"", ""target"": ""timer"", ""payload"": ""30 seconds""}"
הגדר timer כ-30 seconds,clock_calendar,"{""action"": ""set"", ""target"": ""timer"", ""payload"": ""10 minutes""}"
צור timer: 10 minutes,clock_calendar,"{""action"": ""set"", ""target"": ""timer"", ""payload"": ""5 minutes""}"
הוסף timer 15 minutes,clock_calendar,"{""action"": ""set"", ""target"": ""timer"", ""payload"": ""1 hour""}"
תזמן timer 15 minutes,clock_calendar,"{""action"": ""set"", ""target"": ""timer"", ""payload"": ""5 minutes""}"
עדכן timer ל-10 minutes,clock_calendar,"{""action"": ""set"", ""target"": ""timer"", ""payload"": ""15 minutes""}"
timer को 30 seconds सेट करो,clock_calendar,"{""action"": ""set"", ""target"": ""timer"", ""payload"": ""15 minutes""}"
timer बनाओ: 10 minutes,clock_calendar,"{""action"": ""set"", ""target"": ""timer"", ""payload"": ""15 minutes""}"
timer में 5 minutes जोड़ो,clock_calendar,"{""action"": ""set"", ""target"": ""timer"", ""payload"": ""1 hour""}"
timer को 10 minutes शेड्यूल करो,clock_calendar,"{""action"": ""set"", ""target"": ""timer"", ""payload"": ""30 seconds""}"
timer को 5 minutes अपडेट करो,clock_calendar,"{""action"": ""set"", ""target"": ""timer"", ""payload"": ""10 minutes""}"
Állítsd be timer-et 30 seconds-re,clock_calendar,"{""action"": ""set"", ""target"": ""timer"", ""payload"": ""30 seconds""}"
Hozd létre timer: 10 minutes,clock_calendar,"{""action"": ""set"", ""target"": ""timer"", ""payload"": ""5 minutes""}"
Adj hozzá timer 30 seconds,clock_calendar,"{""action"": ""set"", ""target"": ""timer"", ""payload"": ""1 hour""}"
Ütemezd timer 5 minutes,clock_calendar,"{""action"": ""set"", ""target"": ""timer"", ""payload"": ""30 seconds""}"
Frissítsd timer 10 minutes-re,clock_calendar,"{""action"": ""set"", ""target"": ""timer"", ""payload"": ""10 minutes""}"
Atur timer ke 5 minutes,clock_calendar,"{""action"": ""set"", ""target"": ""timer"", ""payload"": ""30 seconds""}"
Buat timer: 30 seconds,clock_calendar,"{""action"": ""set"", ""target"": ""timer"", ""payload"": ""5 minutes""}"
Tambah timer 5 minutes,clock_calendar,"{""action"": ""set"", ""target"": ""timer"", ""payload"": ""5 minutes""}"
Jadwalkan timer 1 hour,clock_calendar,"{""action"": ""set"", ""target"": ""timer"", ""payload"": ""1 hour""}"
Perbarui timer ke 1 hour,clock_calendar,"{""action"": ""set"", ""target"": ""timer"", ""payload"": ""10 minutes""}"
Imposta timer a 1 hour,clock_calendar,"{""action"": ""set"", ""target"": ""timer"", ""payload"": ""1 hour""}"
Crea timer: 1 hour,clock_calendar,"{""action"": ""set"", ""target"": ""timer"", ""payload"": ""30 seconds""}"
Aggiungi timer 15 minutes,clock_calendar,"{""action"": ""set"", ""target"": ""timer"", ""payload"": ""1 hour""}"
Pianifica timer 5 minutes,clock_calendar,"{""action"": ""set"", ""target"": ""timer"", ""payload"": ""1 hour""}"
Aggiorna timer a 15 minutes,clock_calendar,"{""action"": ""set"", ""target"": ""timer"", ""payload"": ""10 minutes""}"
timerを10 minutesに設定,clock_calendar,"{""action"": ""set"", ""target"": ""timer"", ""payload"": ""1 hour""}"
timerを作成: 5 minutes,clock_calendar,"{""action"": ""set"", ""target"": ""timer"", ""payload"": ""5 minutes""}"
timerに30 secondsを追加,clock_calendar,"{""action"": ""set"", ""target"": ""timer"", ""payload"": ""5 minutes""}"
timerを30 secondsにスケジュール,clock_calendar,"{""action"": ""set"", ""target"": ""timer"", ""payload"": ""30 seconds""}"
timerを5 minutesに更新,clock_calendar,"{""action"": ""set"", ""target"": ""timer"", ""payload"": ""5 minutes""}"
timer를 30 seconds로 설정,clock_calendar,"{""action"": ""set"", ""target"": ""timer"", ""payload"": ""10 minutes""}"
timer 만들기: 1 hour,clock_calendar,"{""action"": ""set"", ""target"": ""timer"", ""payload"": ""10 minutes""}"
timer에 5 minutes 추가,clock_calendar,"{""action"": ""set"", ""target"": ""timer"", ""payload"": ""15 minutes""}"
timer를 5 minutes로 예약,clock_calendar,"{""action"": ""set"", ""target"": ""timer"", ""payload"": ""30 seconds""}"
timer를 15 minutes로 업데이트,clock_calendar,"{""action"": ""set"", ""target"": ""timer"", ""payload"": ""15 minutes""}"
timer 1 hour वर सेट करा,clock_calendar,"{""action"": ""set"", ""target"": ""timer"", ""payload"": ""5 minutes""}"
timer तयार करा: 1 hour,clock_calendar,"{""action"": ""set"", ""target"": ""timer"", ""payload"": ""10 minutes""}"
timer मध्ये 15 minutes जोडा,clock_calendar,"{""action"": ""set"", ""target"": ""timer"", ""payload"": ""1 hour""}"
timer 10 minutes शेड्यूल करा,clock_calendar,"{""action"": ""set"", ""target"": ""timer"", ""payload"": ""5 minutes""}"
timer 5 minutes वर अपडेट करा,clock_calendar,"{""action"": ""set"", ""target"": ""timer"", ""payload"": ""30 seconds""}"
timer را روی 10 minutes تنظیم کن,clock_calendar,"{""action"": ""set"", ""target"": ""timer"", ""payload"": ""10 minutes""}"
timer را بساز: 1 hour,clock_calendar,"{""action"": ""set"", ""target"": ""timer"", ""payload"": ""15 minutes""}"
timer اضافه کن 15 minutes,clock_calendar,"{""action"": ""set"", ""target"": ""timer"", ""payload"": ""30 seconds""}"
timer را برنامه‌ریزی کن 30 seconds,clock_calendar,"{""action"": ""set"", ""target"": ""timer"", ""payload"": ""30 seconds""}"
timer را به 10 minutes به‌روز کن,clock_calendar,"{""action"": ""set"", ""target"": ""timer"", ""payload"": ""5 minutes""}"
Ustaw timer na 5 minutes,clock_calendar,"{""action"": ""set"", ""target"": ""timer"", ""payload"": ""1 hour""}"
Utwórz timer: 15 minutes,clock_calendar,"{""action"": ""set"", ""target"": ""timer"", ""payload"": ""15 minutes""}"
Dodaj timer 1 hour,clock_calendar,"{""action"": ""set"", ""target"": ""timer"", ""payload"": ""10 minutes""}"
Zaplanuj timer 5 minutes,clock_calendar,"{""action"": ""set"", ""target"": ""timer"", ""payload"": ""30 seconds""}"
Zaktualizuj timer do 5 minutes,clock_calendar,"{""action"": ""set"", ""target"": ""timer"", ""payload"": ""1 hour""}"
Defina timer como 5 minutes,clock_calendar,"{""action"": ""set"", ""target"": ""timer"", ""payload"": ""30 seconds""}"
Crie timer: 15 minutes,clock_calendar,"{""action"": ""set"", ""target"": ""timer"", ""payload"": ""1 hour""}"
Adicione timer 10 minutes,clock_calendar,"{""action"": ""set"", ""target"": ""timer"", ""payload"": ""5 minutes""}"
Agende timer 5 minutes,clock_calendar,"{""action"": ""set"", ""target"": ""timer"", ""payload"": ""10 minutes""}"
Atualize timer para 10 minutes,clock_calendar,"{""action"": ""set"", ""target"": ""timer"", ""payload"": ""30 seconds""}"
Setează timer la 5 minutes,clock_calendar,"{""action"": ""set"", ""target"": ""timer"", ""payload"": ""1 hour""}"
Creează timer: 5 minutes,clock_calendar,"{""action"": ""set"", ""target"": ""timer"", ""payload"": ""30 seconds""}"
Adaugă timer 1 hour,clock_calendar,"{""action"": ""set"", ""target"": ""timer"", ""payload"": ""1 hour""}"
Programează timer 1 hour,clock_calendar,"{""action"": ""set"", ""target"": ""timer"", ""payload"": ""30 seconds""}"
Actualizează timer la 5 minutes,clock_calendar,"{""action"": ""set"", ""target"": ""timer"", ""payload"": ""15 minutes""}"
Установи timer на 1 hour,clock_calendar,"{""action"": ""set"", ""target"": ""timer"", ""payload"": ""10 minutes""}"
Создай timer: 30 seconds,clock_calendar,"{""action"": ""set"", ""target"": ""timer"", ""payload"": ""1 hour""}"
Добавь timer 30 seconds,clock_calendar,"{""action"": ""set"", ""target"": ""timer"", ""payload"": ""10 minutes""}"
Запланируй timer 1 hour,clock_calendar,"{""action"": ""set"", ""target"": ""timer"", ""payload"": ""5 minutes""}"
Обнови timer до 30 seconds,clock_calendar,"{""action"": ""set"", ""target"": ""timer"", ""payload"": ""1 hour""}"
Establece timer a 1 hour,clock_calendar,"{""action"": ""set"", ""target"": ""timer"", ""payload"": ""30 seconds""}"
Crea timer: 10 minutes,clock_calendar,"{""action"": ""set"", ""target"": ""timer"", ""payload"": ""30 seconds""}"
Añade timer 15 minutes,clock_calendar,"{""action"": ""set"", ""target"": ""timer"", ""payload"": ""5 minutes""}"
Programa timer 10 minutes,clock_calendar,"{""action"": ""set"", ""target"": ""timer"", ""payload"": ""5 minutes""}"
Actualiza timer a 5 minutes,clock_calendar,"{""action"": ""set"", ""target"": ""timer"", ""payload"": ""30 seconds""}"
Weka timer kuwa 15 minutes,clock_calendar,"{""action"": ""set"", ""target"": ""timer"", ""payload"": ""1 hour""}"
Unda timer: 15 minutes,clock_calendar,"{""action"": ""set"", ""target"": ""timer"", ""payload"": ""10 minutes""}"
Ongeza timer 15 minutes,clock_calendar,"{""action"": ""set"", ""target"": ""timer"", ""payload"": ""5 minutes""}"
Panga timer 1 hour,clock_calendar,"{""action"": ""set"", ""target"": ""timer"", ""payload"": ""15 minutes""}"
Sasisha timer kuwa 1 hour,clock_calendar,"{""action"": ""set"", ""target"": ""timer"", ""payload"": ""15 minutes""}"
timer ஐ 1 hour ஆக அமை,clock_calendar,"{""action"": ""set"", ""target"": ""timer"", ""payload"": ""15 minutes""}"
timer உருவாக்கு: 10 minutes,clock_calendar,"{""action"": ""set"", ""target"": ""timer"", ""payload"": ""1 hour""}"
timer சேர் 30 seconds,clock_calendar,"{""action"": ""set"", ""target"": ""timer"", ""payload"": ""5 minutes""}"
timer திட்டமிடு 1 hour,clock_calendar,"{""action"": ""set"", ""target"": ""timer"", ""payload"": ""5 minutes""}"
timer ஐ 15 minutes ஆக புதுப்பி,clock_calendar,"{""action"": ""set"", ""target"": ""timer"", ""payload"": ""15 minutes""}"
timer ని 15 minutes గా సెట్ చేయి,clock_calendar,"{""action"": ""set"", ""target"": ""timer"", ""payload"": ""15 minutes""}"
timer సృష్టించు: 15 minutes,clock_calendar,"{""action"": ""set"", ""target"": ""timer"", ""payload"": ""10 minutes""}"
timer చేర్చు 5 minutes,clock_calendar,"{""action"": ""set"", ""target"": ""timer"", ""payload"": ""1 hour""}"
timer షెడ్యూల్ చేయి 10 minutes,clock_calendar,"{""action"": ""set"", ""target"": ""timer"", ""payload"": ""10 minutes""}"
timer ని 10 minutes గా అప్‌డేట్ చేయి,clock_calendar,"{""action"": ""set"", ""target"": ""timer"", ""payload"": ""10 minutes""}"
ตั้ง timer เป็น 10 minutes,clock_calendar,"{""action"": ""set"", ""target"": ""timer"", ""payload"": ""5 minutes""}"
สร้าง timer: 1 hour,clock_calendar,"{""action"": ""set"", ""target"": ""timer"", ""payload"": ""5 minutes""}"
เพิ่ม timer 1 hour,clock_calendar,"{""action"": ""set"", ""target"": ""timer"", ""payload"": ""10 minutes""}"
กำหนดเวลา timer 10 minutes,clock_calendar,"{""action"": ""set"", ""target"": ""timer"", ""payload"": ""15 minutes""}"
อัปเดต timer เป็น 30 seconds,clock_calendar,"{""action"": ""set"", ""target"": ""timer"", ""payload"": ""30 seconds""}"
timer'i 5 minutes olarak ayarla,clock_calendar,"{""action"": ""set"", ""target"": ""timer"", ""payload"": ""5 minutes""}"
timer oluştur: 1 hour,clock_calendar,"{""action"": ""set"", ""target"": ""timer"", ""payload"": ""15 minutes""}"
timer'e 1 hour ekle,clock_calendar,"{""action"": ""set"", ""target"": ""timer"", ""payload"": ""15 minutes""}"
timer'i 30 seconds olarak planla,clock_calendar,"{""action"": ""set"", ""target"": ""timer"", ""payload"": ""30 seconds""}"
timer'i 15 minutes olarak güncelle,clock_calendar,"{""action"": ""set"", ""target"": ""timer"", ""payload"": ""1 hour""}"
timer کو 5 minutes پر سیٹ کرو,clock_calendar,"{""action"": ""set"", ""target"": ""timer"", ""payload"": ""15 minutes""}"
timer بناؤ: 15 minutes,clock_calendar,"{""action"": ""set"", ""target"": ""timer"", ""payload"": ""15 minutes""}"
timer میں 1 hour شامل کرو,clock_calendar,"{""action"": ""set"", ""target"": ""timer"", ""payload"": ""5 minutes""}"
timer کو 1 hour شیڈول کرو,clock_calendar,"{""action"": ""set"", ""target"": ""timer"", ""payload"": ""10 minutes""}"
timer کو 10 minutes اپ ڈیٹ کرو,clock_calendar,"{""action"": ""set"", ""target"": ""timer"", ""payload"": ""15 minutes""}"
Đặt timer thành 15 minutes,clock_calendar,"{""action"": ""set"", ""target"": ""timer"", ""payload"": ""15 minutes""}"
Tạo timer: 5 minutes,clock_calendar,"{""action"": ""set"", ""target"": ""timer"", ""payload"": ""5 minutes""}"
Thêm timer 15 minutes,clock_calendar,"{""action"": ""set"", ""target"": ""timer"", ""payload"": ""5 minutes""}"
Lên lịch timer 30 seconds,clock_calendar,"{""action"": ""set"", ""target"": ""timer"", ""payload"": ""15 minutes""}"
Cập nhật timer thành 30 seconds,clock_calendar,"{""action"": ""set"", ""target"": ""timer"", ""payload"": ""1 hour""}"
عيّن stopwatch إلى ,clock_calendar,"{""action"": ""set"", ""target"": ""stopwatch""}"
أنشئ stopwatch: ,clock_calendar,"{""action"": ""set"", ""target"": ""stopwatch""}"
أضف stopwatch ,clock_calendar,"{""action"": ""set"", ""target"": ""stopwatch""}"
جدول stopwatch ,clock_calendar,"{""action"": ""set"", ""target"": ""stopwatch""}"
حدّث stopwatch إلى ,clock_calendar,"{""action"": ""set"", ""target"": ""stopwatch""}"
stopwatch  সেট করো,clock_calendar,"{""action"": ""set"", ""target"": ""stopwatch""}"
stopwatch তৈরি করো: ,clock_calendar,"{""action"": ""set"", ""target"": ""stopwatch""}"
stopwatch যোগ করো ,clock_calendar,"{""action"": ""set"", ""target"": ""stopwatch""}"
stopwatch  শিডিউল করো,clock_calendar,"{""action"": ""set"", ""target"": ""stopwatch""}"
stopwatch  আপডেট করো,clock_calendar,"{""action"": ""set"", ""target"": ""stopwatch""}"
设置stopwatch为,clock_calendar,"{""action"": ""set"", ""target"": ""stopwatch""}"
创建stopwatch: ,clock_calendar,"{""action"": ""set"", ""target"": ""stopwatch""}"
添加stopwatch ,clock_calendar,"{""action"": ""set"", ""target"": ""stopwatch""}"
安排stopwatch ,clock_calendar,"{""action"": ""set"", ""target"": ""stopwatch""}"
更新stopwatch为,clock_calendar,"{""action"": ""set"", ""target"": ""stopwatch""}"
Nastav stopwatch na ,clock_calendar,"{""action"": ""set"", ""target"": ""stopwatch""}"
Vytvoř stopwatch: ,clock_calendar,"{""action"": ""set"", ""target"": ""stopwatch""}"
Přidej stopwatch ,clock_calendar,"{""action"": ""set"", ""target"": ""stopwatch""}"
Naplánuj stopwatch ,clock_calendar,"{""action"": ""set"", ""target"": ""stopwatch""}"
Aktualizuj stopwatch na ,clock_calendar,"{""action"": ""set"", ""target"": ""stopwatch""}"
Zet stopwatch op ,clock_calendar,"{""action"": ""set"", ""target"": ""stopwatch""}"
Maak stopwatch: ,clock_calendar,"{""action"": ""set"", ""target"": ""stopwatch""}"
Voeg stopwatch  toe,clock_calendar,"{""action"": ""set"", ""target"": ""stopwatch""}"
Plan stopwatch ,clock_calendar,"{""action"": ""set"", ""target"": ""stopwatch""}"
Werk stopwatch bij naar ,clock_calendar,"{""action"": ""set"", ""target"": ""stopwatch""}"
Set stopwatch to ,clock_calendar,"{""action"": ""set"", ""target"": ""stopwatch""}"
Create stopwatch: ,clock_calendar,"{""action"": ""set"", ""target"": ""stopwatch""}"
Add stopwatch ,clock_calendar,"{""action"": ""set"", ""target"": ""stopwatch""}"
Schedule stopwatch ,clock_calendar,"{""action"": ""set"", ""target"": ""stopwatch""}"
Update stopwatch to ,clock_calendar,"{""action"": ""set"", ""target"": ""stopwatch""}"
Définir stopwatch à ,clock_calendar,"{""action"": ""set"", ""target"": ""stopwatch""}"
Créer stopwatch: ,clock_calendar,"{""action"": ""set"", ""target"": ""stopwatch""}"
Ajouter stopwatch ,clock_calendar,"{""action"": ""set"", ""target"": ""stopwatch""}"
Planifier stopwatch ,clock_calendar,"{""action"": ""set"", ""target"": ""stopwatch""}"
Mettre à jour stopwatch en ,clock_calendar,"{""action"": ""set"", ""target"": ""stopwatch""}"
Setze stopwatch auf ,clock_calendar,"{""action"": ""set"", ""target"": ""stopwatch""}"
Erstelle stopwatch: ,clock_calendar,"{""action"": ""set"", ""target"": ""stopwatch""}"
Füge stopwatch  hinzu,clock_calendar,"{""action"": ""set"", ""target"": ""stopwatch""}"
Plane stopwatch ,clock_calendar,"{""action"": ""set"", ""target"": ""stopwatch""}"
Aktualisiere stopwatch zu ,clock_calendar,"{""action"": ""set"", ""target"": ""stopwatch""}"
Όρισε stopwatch σε ,clock_calendar,"{""action"": ""set"", ""target"": ""stopwatch""}"
Δημιούργησε stopwatch: ,clock_calendar,"{""action"": ""set"", ""target"": ""stopwatch""}"
Πρόσθεσε stopwatch ,clock_calendar,"{""action"": ""set"", ""target"": ""stopwatch""}"
Προγραμμάτισε stopwatch ,clock_calendar,"{""action"": ""set"", ""target"": ""stopwatch""}"
Ενημέρωσε stopwatch σε ,clock_calendar,"{""action"": ""set"", ""target"": ""stopwatch""}"
הגדר stopwatch כ-,clock_calendar,"{""action"": ""set"", ""target"": ""stopwatch""}"
צור stopwatch: ,clock_calendar,"{""action"": ""set"", ""target"": ""stopwatch""}"
הוסף stopwatch ,clock_calendar,"{""action"": ""set"", ""target"": ""stopwatch""}"
תזמן stopwatch ,clock_calendar,"{""action"": ""set"", ""target"": ""stopwatch""}"
עדכן stopwatch ל-,clock_calendar,"{""action"": ""set"", ""target"": ""stopwatch""}"
stopwatch को  सेट करो,clock_calendar,"{""action"": ""set"", ""target"": ""stopwatch""}"
stopwatch बनाओ: ,clock_calendar,"{""action"": ""set"", ""target"": ""stopwatch""}"
stopwatch में  जोड़ो,clock_calendar,"{""action"": ""set"", ""target"": ""stopwatch""}"
stopwatch को  शेड्यूल करो,clock_calendar,"{""action"": ""set"", ""target"": ""stopwatch""}"
stopwatch को  अपडेट करो,clock_calendar,"{""action"": ""set"", ""target"": ""stopwatch""}"
Állítsd be stopwatch-et -re,clock_calendar,"{""action"": ""set"", ""target"": ""stopwatch""}"
Hozd létre stopwatch: ,clock_calendar,"{""action"": ""set"", ""target"": ""stopwatch""}"
Adj hozzá stopwatch ,clock_calendar,"{""action"": ""set"", ""target"": ""stopwatch""}"
Ütemezd stopwatch ,clock_calendar,"{""action"": ""set"", ""target"": ""stopwatch""}"
Frissítsd stopwatch -re,clock_calendar,"{""action"": ""set"", ""target"": ""stopwatch""}"
Atur stopwatch ke ,clock_calendar,"{""action"": ""set"", ""target"": ""stopwatch""}"
Buat stopwatch: ,clock_calendar,"{""action"": ""set"", ""target"": ""stopwatch""}"
Tambah stopwatch ,clock_calendar,"{""action"": ""set"", ""target"": ""stopwatch""}"
Jadwalkan stopwatch ,clock_calendar,"{""action"": ""set"", ""target"": ""stopwatch""}"
Perbarui stopwatch ke ,clock_calendar,"{""action"": ""set"", ""target"": ""stopwatch""}"
Imposta stopwatch a ,clock_calendar,"{""action"": ""set"", ""target"": ""stopwatch""}"
Crea stopwatch: ,clock_calendar,"{""action"": ""set"", ""target"": ""stopwatch""}"
Aggiungi stopwatch ,clock_calendar,"{""action"": ""set"", ""target"": ""stopwatch""}"
Pianifica stopwatch ,clock_calendar,"{""action"": ""set"", ""target"": ""stopwatch""}"
Aggiorna stopwatch a ,clock_calendar,"{""action"": ""set"", ""target"": ""stopwatch""}"
stopwatchをに設定,clock_calendar,"{""action"": ""set"", ""target"": ""stopwatch""}"
stopwatchを作成: ,clock_calendar,"{""action"": ""set"", ""target"": ""stopwatch""}"
stopwatchにを追加,clock_calendar,"{""action"": ""set"", ""target"": ""stopwatch""}"
stopwatchをにスケジュール,clock_calendar,"{""action"": ""set"", ""target"": ""stopwatch""}"
stopwatchをに更新,clock_calendar,"{""action"": ""set"", ""target"": ""stopwatch""}"
stopwatch를 로 설정,clock_calendar,"{""action"": ""set"", ""target"": ""stopwatch""}"
stopwatch 만들기: ,clock_calendar,"{""action"": ""set"", ""target"": ""stopwatch""}"
stopwatch에  추가,clock_calendar,"{""action"": ""set"", ""target"": ""stopwatch""}"
stopwatch를 로 예약,clock_calendar,"{""action"": ""set"", ""target"": ""stopwatch""}"
stopwatch를 로 업데이트,clock_calendar,"{""action"": ""set"", ""target"": ""stopwatch""}"
stopwatch  वर सेट करा,clock_calendar,"{""action"": ""set"", ""target"": ""stopwatch""}"
stopwatch तयार करा: ,clock_calendar,"{""action"": ""set"", ""target"": ""stopwatch""}"
stopwatch मध्ये  जोडा,clock_calendar,"{""action"": ""set"", ""target"": ""stopwatch""}"
stopwatch  शेड्यूल करा,clock_calendar,"{""action"": ""set"", ""target"": ""stopwatch""}"
stopwatch  वर अपडेट करा,clock_calendar,"{""action"": ""set"", ""target"": ""stopwatch""}"
stopwatch را روی  تنظیم کن,clock_calendar,"{""action"": ""set"", ""target"": ""stopwatch""}"
stopwatch را بساز: ,clock_calendar,"{""action"": ""set"", ""target"": ""stopwatch""}"
stopwatch اضافه کن ,clock_calendar,"{""action"": ""set"", ""target"": ""stopwatch""}"
stopwatch را برنامه‌ریزی کن ,clock_calendar,"{""action"": ""set"", ""target"": ""stopwatch""}"
stopwatch را به  به‌روز کن,clock_calendar,"{""action"": ""set"", ""target"": ""stopwatch""}"
Ustaw stopwatch na ,clock_calendar,"{""action"": ""set"", ""target"": ""stopwatch""}"
Utwórz stopwatch: ,clock_calendar,"{""action"": ""set"", ""target"": ""stopwatch""}"
Dodaj stopwatch ,clock_calendar,"{""action"": ""set"", ""target"": ""stopwatch""}"
Zaplanuj stopwatch ,clock_calendar,"{""action"": ""set"", ""target"": ""stopwatch""}"
Zaktualizuj stopwatch do ,clock_calendar,"{""action"": ""set"", ""target"": ""stopwatch""}"
Defina stopwatch como ,clock_calendar,"{""action"": ""set"", ""target"": ""stopwatch""}"
Crie stopwatch: ,clock_calendar,"{""action"": ""set"", ""target"": ""stopwatch""}"
Adicione stopwatch ,clock_calendar,"{""action"": ""set"", ""target"": ""stopwatch""}"
Agende stopwatch ,clock_calendar,"{""action"": ""set"", ""target"": ""stopwatch""}"
Atualize stopwatch para ,clock_calendar,"{""action"": ""set"", ""target"": ""stopwatch""}"
Setează stopwatch la ,clock_calendar,"{""action"": ""set"", ""target"": ""stopwatch""}"
Creează stopwatch: ,clock_calendar,"{""action"": ""set"", ""target"": ""stopwatch""}"
Adaugă stopwatch ,clock_calendar,"{""action"": ""set"", ""target"": ""stopwatch""}"
Programează stopwatch ,clock_calendar,"{""action"": ""set"", ""target"": ""stopwatch""}"
Actualizează stopwatch la ,clock_calendar,"{""action"": ""set"", ""target"": ""stopwatch""}"
Установи stopwatch на ,clock_calendar,"{""action"": ""set"", ""target"": ""stopwatch""}"
Создай stopwatch: ,clock_calendar,"{""action"": ""set"", ""target"": ""stopwatch""}"
Добавь stopwatch ,clock_calendar,"{""action"": ""set"", ""target"": ""stopwatch""}"
Запланируй stopwatch ,clock_calendar,"{""action"": ""set"", ""target"": ""stopwatch""}"
Обнови stopwatch до ,clock_calendar,"{""action"": ""set"", ""target"": ""stopwatch""}"
Establece stopwatch a ,clock_calendar,"{""action"": ""set"", ""target"": ""stopwatch""}"
Crea stopwatch: ,clock_calendar,"{""action"": ""set"", ""target"": ""stopwatch""}"
Añade stopwatch ,clock_calendar,"{""action"": ""set"", ""target"": ""stopwatch""}"
Programa stopwatch ,clock_calendar,"{""action"": ""set"", ""target"": ""stopwatch""}"
Actualiza stopwatch a ,clock_calendar,"{""action"": ""set"", ""target"": ""stopwatch""}"
Weka stopwatch kuwa ,clock_calendar,"{""action"": ""set"", ""target"": ""stopwatch""}"
Unda stopwatch: ,clock_calendar,"{""action"": ""set"", ""target"": ""stopwatch""}"
Ongeza stopwatch ,clock_calendar,"{""action"": ""set"", ""target"": ""stopwatch""}"
Panga stopwatch ,clock_calendar,"{""action"": ""set"", ""target"": ""stopwatch""}"
Sasisha stopwatch kuwa ,clock_calendar,"{""action"": ""set"", ""target"": ""stopwatch""}"
stopwatch ஐ  ஆக அமை,clock_calendar,"{""action"": ""set"", ""target"": ""stopwatch""}"
stopwatch உருவாக்கு: ,clock_calendar,"{""action"": ""set"", ""target"": ""stopwatch""}"
stopwatch சேர் ,clock_calendar,"{""action"": ""set"", ""target"": ""stopwatch""}"
stopwatch திட்டமிடு ,clock_calendar,"{""action"": ""set"", ""target"": ""stopwatch""}"
stopwatch ஐ  ஆக புதுப்பி,clock_calendar,"{""action"": ""set"", ""target"": ""stopwatch""}"
stopwatch ని  గా సెట్ చేయి,clock_calendar,"{""action"": ""set"", ""target"": ""stopwatch""}"
stopwatch సృష్టించు: ,clock_calendar,"{""action"": ""set"", ""target"": ""stopwatch""}"
stopwatch చేర్చు ,clock_calendar,"{""action"": ""set"", ""target"": ""stopwatch""}"
stopwatch షెడ్యూల్ చేయి ,clock_calendar,"{""action"": ""set"", ""target"": ""stopwatch""}"
stopwatch ని  గా అప్‌డేట్ చేయి,clock_calendar,"{""action"": ""set"", ""target"": ""stopwatch""}"
ตั้ง stopwatch เป็น ,clock_calendar,"{""action"": ""set"", ""target"": ""stopwatch""}"
สร้าง stopwatch: ,clock_calendar,"{""action"": ""set"", ""target"": ""stopwatch""}"
เพิ่ม stopwatch ,clock_calendar,"{""action"": ""set"", ""target"": ""stopwatch""}"
กำหนดเวลา stopwatch ,clock_calendar,"{""action"": ""set"", ""target"": ""stopwatch""}"
อัปเดต stopwatch เป็น ,clock_calendar,"{""action"": ""set"", ""target"": ""stopwatch""}"
stopwatch'i  olarak ayarla,clock_calendar,"{""action"": ""set"", ""target"": ""stopwatch""}"
stopwatch oluştur: ,clock_calendar,"{""action"": ""set"", ""target"": ""stopwatch""}"
stopwatch'e  ekle,clock_calendar,"{""action"": ""set"", ""target"": ""stopwatch""}"
stopwatch'i  olarak planla,clock_calendar,"{""action"": ""set"", ""target"": ""stopwatch""}"
stopwatch'i  olarak güncelle,clock_calendar,"{""action"": ""set"", ""target"": ""stopwatch""}"
stopwatch کو  پر سیٹ کرو,clock_calendar,"{""action"": ""set"", ""target"": ""stopwatch""}"
stopwatch بناؤ: ,clock_calendar,"{""action"": ""set"", ""target"": ""stopwatch""}"
stopwatch میں  شامل کرو,clock_calendar,"{""action"": ""set"", ""target"": ""stopwatch""}"
stopwatch کو  شیڈول کرو,clock_calendar,"{""action"": ""set"", ""target"": ""stopwatch""}"
stopwatch کو  اپ ڈیٹ کرو,clock_calendar,"{""action"": ""set"", ""target"": ""stopwatch""}"
Đặt stopwatch thành ,clock_calendar,"{""action"": ""set"", ""target"": ""stopwatch""}"
Tạo stopwatch: ,clock_calendar,"{""action"": ""set"", ""target"": ""stopwatch""}"
Thêm stopwatch ,clock_calendar,"{""action"": ""set"", ""target"": ""stopwatch""}"
Lên lịch stopwatch ,clock_calendar,"{""action"": ""set"", ""target"": ""stopwatch""}"
Cập nhật stopwatch thành ,clock_calendar,"{""action"": ""set"", ""target"": ""stopwatch""}"
عيّن event إلى meeting tomorrow at 3pm,clock_calendar,"{""action"": ""set"", ""target"": ""event"", ""payload"": ""lunch at 12:30""}"
أنشئ event: meeting tomorrow at 3pm,clock_calendar,"{""action"": ""set"", ""target"": ""event"", ""payload"": ""doctor appointment at 10am""}"
أضف event doctor appointment at 10am,clock_calendar,"{""action"": ""set"", ""target"": ""event"", ""payload"": ""doctor appointment at 10am""}"
جدول event team standup at 9am,clock_calendar,"{""action"": ""set"", ""target"": ""event"", ""payload"": ""meeting tomorrow at 3pm""}"
حدّث event إلى meeting tomorrow at 3pm,clock_calendar,"{""action"": ""set"", ""target"": ""event"", ""payload"": ""meeting tomorrow at 3pm""}"
event meeting tomorrow at 3pm সেট করো,clock_calendar,"{""action"": ""set"", ""target"": ""event"", ""payload"": ""lunch at 12:30""}"
event তৈরি করো: lunch at 12:30,clock_calendar,"{""action"": ""set"", ""target"": ""event"", ""payload"": ""doctor appointment at 10am""}"
event যোগ করো doctor appointment at 10am,clock_calendar,"{""action"": ""set"", ""target"": ""event"", ""payload"": ""team standup at 9am""}"
event doctor appointment at 10am শিডিউল করো,clock_calendar,"{""action"": ""set"", ""target"": ""event"", ""payload"": ""meeting tomorrow at 3pm""}"
event doctor appointment at 10am আপডেট করো,clock_calendar,"{""action"": ""set"", ""target"": ""event"", ""payload"": ""doctor appointment at 10am""}"
设置event为lunch at 12:30,clock_calendar,"{""action"": ""set"", ""target"": ""event"", ""payload"": ""meeting tomorrow at 3pm""}"
创建event: team standup at 9am,clock_calendar,"{""action"": ""set"", ""target"": ""event"", ""payload"": ""team standup at 9am""}"
添加event team standup at 9am,clock_calendar,"{""action"": ""set"", ""target"": ""event"", ""payload"": ""doctor appointment at 10am""}"
安排event team standup at 9am,clock_calendar,"{""action"": ""set"", ""target"": ""event"", ""payload"": ""team standup at 9am""}"
更新event为team standup at 9am,clock_calendar,"{""action"": ""set"", ""target"": ""event"", ""payload"": ""lunch at 12:30""}"
Nastav event na meeting tomorrow at 3pm,clock_calendar,"{""action"": ""set"", ""target"": ""event"", ""payload"": ""lunch at 12:30""}"
Vytvoř event: meeting tomorrow at 3pm,clock_calendar,"{""action"": ""set"", ""target"": ""event"", ""payload"": ""lunch at 12:30""}"
Přidej event meeting tomorrow at 3pm,clock_calendar,"{""action"": ""set"", ""target"": ""event"", ""payload"": ""team standup at 9am""}"
Naplánuj event team standup at 9am,clock_calendar,"{""action"": ""set"", ""target"": ""event"", ""payload"": ""team standup at 9am""}"
Aktualizuj event na lunch at 12:30,clock_calendar,"{""action"": ""set"", ""target"": ""event"", ""payload"": ""team standup at 9am""}"
Zet event op doctor appointment at 10am,clock_calendar,"{""action"": ""set"", ""target"": ""event"", ""payload"": ""meeting tomorrow at 3pm""}"
Maak event: lunch at 12:30,clock_calendar,"{""action"": ""set"", ""target"": ""event"", ""payload"": ""team standup at 9am""}"
Voeg event team standup at 9am toe,clock_calendar,"{""action"": ""set"", ""target"": ""event"", ""payload"": ""meeting tomorrow at 3pm""}"
Plan event team standup at 9am,clock_calendar,"{""action"": ""set"", ""target"": ""event"", ""payload"": ""team standup at 9am""}"
Werk event bij naar meeting tomorrow at 3pm,clock_calendar,"{""action"": ""set"", ""target"": ""event"", ""payload"": ""meeting tomorrow at 3pm""}"
Set event to doctor appointment at 10am,clock_calendar,"{""action"": ""set"", ""target"": ""event"", ""payload"": ""doctor appointment at 10am""}"
Create event: meeting tomorrow at 3pm,clock_calendar,"{""action"": ""set"", ""target"": ""event"", ""payload"": ""lunch at 12:30""}"
Add event doctor appointment at 10am,clock_calendar,"{""action"": ""set"", ""target"": ""event"", ""payload"": ""meeting tomorrow at 3pm""}"
Schedule event team standup at 9am,clock_calendar,"{""action"": ""set"", ""target"": ""event"", ""payload"": ""lunch at 12:30""}"
Update event to team standup at 9am,clock_calendar,"{""action"": ""set"", ""target"": ""event"", ""payload"": ""doctor appointment at 10am""}"
Définir event à team standup at 9am,clock_calendar,"{""action"": ""set"", ""target"": ""event"", ""payload"": ""lunch at 12:30""}"
Créer event: meeting tomorrow at 3pm,clock_calendar,"{""action"": ""set"", ""target"": ""event"", ""payload"": ""meeting tomorrow at 3pm""}"
Ajouter event lunch at 12:30,clock_calendar,"{""action"": ""set"", ""target"": ""event"", ""payload"": ""team standup at 9am""}"
Planifier event team standup at 9am,clock_calendar,"{""action"": ""set"", ""target"": ""event"", ""payload"": ""lunch at 12:30""}"
Mettre à jour event en meeting tomorrow at 3pm,clock_calendar,"{""action"": ""set"", ""target"": ""event"", ""payload"": ""team standup at 9am""}"
Setze event auf doctor appointment at 10am,clock_calendar,"{""action"": ""set"", ""target"": ""event"", ""payload"": ""lunch at 12:30""}"
Erstelle event: doctor appointment at 10am,clock_calendar,"{""action"": ""set"", ""target"": ""event"", ""payload"": ""doctor appointment at 10am""}"
Füge event meeting tomorrow at 3pm hinzu,clock_calendar,"{""action"": ""set"", ""target"": ""event"", ""payload"": ""lunch at 12:30""}"
Plane event team standup at 9am,clock_calendar,"{""action"": ""set"", ""target"": ""event"", ""payload"": ""team standup at 9am""}"
Aktualisiere event zu lunch at 12:30,clock_calendar,"{""action"": ""set"", ""target"": ""event"", ""payload"": ""meeting tomorrow at 3pm""}"
Όρισε event σε team standup at 9am,clock_calendar,"{""action"": ""set"", ""target"": ""event"", ""payload"": ""team standup at 9am""}"
Δημιούργησε event: team standup at 9am,clock_calendar,"{""action"": ""set"", ""target"": ""event"", ""payload"": ""meeting tomorrow at 3pm""}"
Πρόσθεσε event team standup at 9am,clock_calendar,"{""action"": ""set"", ""target"": ""event"", ""payload"": ""team standup at 9am""}"
Προγραμμάτισε event doctor appointment at 10am,clock_calendar,"{""action"": ""set"", ""target"": ""event"", ""payload"": ""meeting tomorrow at 3pm""}"
Ενημέρωσε event σε team standup at 9am,clock_calendar,"{""action"": ""set"", ""target"": ""event"", ""payload"": ""meeting tomorrow at 3pm""}"
הגדר event כ-meeting tomorrow at 3pm,clock_calendar,"{""action"": ""set"", ""target"": ""event"", ""payload"": ""team standup at 9am""}"
צור event: team standup at 9am,clock_calendar,"{""action"": ""set"", ""target"": ""event"", ""payload"": ""meeting tomorrow at 3pm""}"
הוסף event meeting tomorrow at 3pm,clock_calendar,"{""action"": ""set"", ""target"": ""event"", ""payload"": ""meeting tomorrow at 3pm""}"
תזמן event doctor appointment at 10am,clock_calendar,"{""action"": ""set"", ""target"": ""event"", ""payload"": ""lunch at 12:30""}"
עדכן event ל-team standup at 9am,clock_calendar,"{""action"": ""set"", ""target"": ""event"", ""payload"": ""doctor appointment at 10am""}"
event को doctor appointment at 10am सेट करो,clock_calendar,"{""action"": ""set"", ""target"": ""event"", ""payload"": ""meeting tomorrow at 3pm""}"
event बनाओ: lunch at 12:30,clock_calendar,"{""action"": ""set"", ""target"": ""event"", ""payload"": ""team standup at 9am""}"
event में doctor appointment at 10am जोड़ो,clock_calendar,"{""action"": ""set"", ""target"": ""event"", ""payload"": ""team standup at 9am""}"
event को doctor appointment at 10am शेड्यूल करो,clock_calendar,"{""action"": ""set"", ""target"": ""event"", ""payload"": ""team standup at 9am""}"
event को meeting tomorrow at 3pm अपडेट करो,clock_calendar,"{""action"": ""set"", ""target"": ""event"", ""payload"": ""meeting tomorrow at 3pm""}"
Állítsd be event-et lunch at 12:30-re,clock_calendar,"{""action"": ""set"", ""target"": ""event"", ""payload"": ""meeting tomorrow at 3pm""}"
Hozd létre event: doctor appointment at 10am,clock_calendar,"{""action"": ""set"", ""target"": ""event"", ""payload"": ""doctor appointment at 10am""}"
Adj hozzá event doctor appointment at 10am,clock_calendar,"{""action"": ""set"", ""target"": ""event"", ""payload"": ""doctor appointment at 10am""}"
Ütemezd event meeting tomorrow at 3pm,clock_calendar,"{""action"": ""set"", ""target"": ""event"", ""payload"": ""meeting tomorrow at 3pm""}"
Frissítsd event lunch at 12:30-re,clock_calendar,"{""action"": ""set"", ""target"": ""event"", ""payload"": ""team standup at 9am""}"
Atur event ke lunch at 12:30,clock_calendar,"{""action"": ""set"", ""target"": ""event"", ""payload"": ""team standup at 9am""}"
Buat event: meeting tomorrow at 3pm,clock_calendar,"{""action"": ""set"", ""target"": ""event"", ""payload"": ""doctor appointment at 10am""}"
Tambah event lunch at 12:30,clock_calendar,"{""action"": ""set"", ""target"": ""event"", ""payload"": ""lunch at 12:30""}"
Jadwalkan event meeting tomorrow at 3pm,clock_calendar,"{""action"": ""set"", ""target"": ""event"", ""payload"": ""team standup at 9am""}"
Perbarui event ke lunch at 12:30,clock_calendar,"{""action"": ""set"", ""target"": ""event"", ""payload"": ""team standup at 9am""}"
Imposta event a lunch at 12:30,clock_calendar,"{""action"": ""set"", ""target"": ""event"", ""payload"": ""doctor appointment at 10am""}"
Crea event: meeting tomorrow at 3pm,clock_calendar,"{""action"": ""set"", ""target"": ""event"", ""payload"": ""team standup at 9am""}"
Aggiungi event meeting tomorrow at 3pm,clock_calendar,"{""action"": ""set"", ""target"": ""event"", ""payload"": ""meeting tomorrow at 3pm""}"
Pianifica event team standup at 9am,clock_calendar,"{""action"": ""set"", ""target"": ""event"", ""payload"": ""team standup at 9am""}"
Aggiorna event a lunch at 12:30,clock_calendar,"{""action"": ""set"", ""target"": ""event"", ""payload"": ""team standup at 9am""}"
eventをmeeting tomorrow at 3pmに設定,clock_calendar,"{""action"": ""set"", ""target"": ""event"", ""payload"": ""meeting tomorrow at 3pm""}"
eventを作成: team standup at 9am,clock_calendar,"{""action"": ""set"", ""target"": ""event"", ""payload"": ""team standup at 9am""}"
eventにlunch at 12:30を追加,clock_calendar,"{""action"": ""set"", ""target"": ""event"", ""payload"": ""lunch at 12:30""}"
eventをlunch at 12:30にスケジュール,clock_calendar,"{""action"": ""set"", ""target"": ""event"", ""payload"": ""meeting tomorrow at 3pm""}"
eventをteam standup at 9amに更新,clock_calendar,"{""action"": ""set"", ""target"": ""event"", ""payload"": ""doctor appointment at 10am""}"
event를 team standup at 9am로 설정,clock_calendar,"{""action"": ""set"", ""target"": ""event"", ""payload"": ""team standup at 9am""}"
event 만들기: lunch at 12:30,clock_calendar,"{""action"": ""set"", ""target"": ""event"", ""payload"": ""doctor appointment at 10am""}"
event에 team standup at 9am 추가,clock_calendar,"{""action"": ""set"", ""target"": ""event"", ""payload"": ""doctor appointment at 10am""}"
event를 doctor appointment at 10am로 예약,clock_calendar,"{""action"": ""set"", ""target"": ""event"", ""payload"": ""team standup at 9am""}"
event를 lunch at 12:30로 업데이트,clock_calendar,"{""action"": ""set"", ""target"": ""event"", ""payload"": ""lunch at 12:30""}"
event team standup at 9am वर सेट करा,clock_calendar,"{""action"": ""set"", ""target"": ""event"", ""payload"": ""doctor appointment at 10am""}"
event तयार करा: doctor appointment at 10am,clock_calendar,"{""action"": ""set"", ""target"": ""event"", ""payload"": ""lunch at 12:30""}"
event मध्ये lunch at 12:30 जोडा,clock_calendar,"{""action"": ""set"", ""target"": ""event"", ""payload"": ""lunch at 12:30""}"
event doctor appointment at 10am शेड्यूल करा,clock_calendar,"{""action"": ""set"", ""target"": ""event"", ""payload"": ""doctor appointment at 10am""}"
event lunch at 12:30 वर अपडेट करा,clock_calendar,"{""action"": ""set"", ""target"": ""event"", ""payload"": ""lunch at 12:30""}"
event را روی doctor appointment at 10am تنظیم کن,clock_calendar,"{""action"": ""set"", ""target"": ""event"", ""payload"": ""meeting tomorrow at 3pm""}"
event را بساز: doctor appointment at 10am,clock_calendar,"{""action"": ""set"", ""target"": ""event"", ""payload"": ""team standup at 9am""}"
event اضافه کن team standup at 9am,clock_calendar,"{""action"": ""set"", ""target"": ""event"", ""payload"": ""doctor appointment at 10am""}"
event را برنامه‌ریزی کن team standup at 9am,clock_calendar,"{""action"": ""set"", ""target"": ""event"", ""payload"": ""meeting tomorrow at 3pm""}"
event را به meeting tomorrow at 3pm به‌روز کن,clock_calendar,"{""action"": ""set"", ""target"": ""event"", ""payload"": ""meeting tomorrow at 3pm""}"
Ustaw event na team standup at 9am,clock_calendar,"{""action"": ""set"", ""target"": ""event"", ""payload"": ""lunch at 12:30""}"
Utwórz event: meeting tomorrow at 3pm,clock_calendar,"{""action"": ""set"", ""target"": ""event"", ""payload"": ""meeting tomorrow at 3pm""}"
Dodaj event lunch at 12:30,clock_calendar,"{""action"": ""set"", ""target"": ""event"", ""payload"": ""doctor appointment at 10am""}"
Zaplanuj event lunch at 12:30,clock_calendar,"{""action"": ""set"", ""target"": ""event"", ""payload"": ""doctor appointment at 10am""}"
Zaktualizuj event do doctor appointment at 10am,clock_calendar,"{""action"": ""set"", ""target"": ""event"", ""payload"": ""lunch at 12:30""}"
Defina event como meeting tomorrow at 3pm,clock_calendar,"{""action"": ""set"", ""target"": ""event"", ""payload"": ""doctor appointment at 10am""}"
Crie event: lunch at 12:30,clock_calendar,"{""action"": ""set"", ""target"": ""event"", ""payload"": ""meeting tomorrow at 3pm""}"
Adicione event doctor appointment at 10am,clock_calendar,"{""action"": ""set"", ""target"": ""event"", ""payload"": ""team standup at 9am""}"
Agende event meeting tomorrow at 3pm,clock_calendar,"{""action"": ""set"", ""target"": ""event"", ""payload"": ""lunch at 12:30""}"
Atualize event para team standup at 9am,clock_calendar,"{""action"": ""set"", ""target"": ""event"", ""payload"": ""lunch at 12:30""}"
Setează event la doctor appointment at 10am,clock_calendar,"{""action"": ""set"", ""target"": ""event"", ""payload"": ""meeting tomorrow at 3pm""}"
Creează event: team standup at 9am,clock_calendar,"{""action"": ""set"", ""target"": ""event"", ""payload"": ""team standup at 9am""}"
Adaugă event team standup at 9am,clock_calendar,"{""action"": ""set"", ""target"": ""event"", ""payload"": ""doctor appointment at 10am""}"
Programează event meeting tomorrow at 3pm,clock_calendar,"{""action"": ""set"", ""target"": ""event"", ""payload"": ""meeting tomorrow at 3pm""}"
Actualizează event la doctor appointment at 10am,clock_calendar,"{""action"": ""set"", ""target"": ""event"", ""payload"": ""lunch at 12:30""}"
Установи event на team standup at 9am,clock_calendar,"{""action"": ""set"", ""target"": ""event"", ""payload"": ""lunch at 12:30""}"
Создай event: doctor appointment at 10am,clock_calendar,"{""action"": ""set"", ""target"": ""event"", ""payload"": ""lunch at 12:30""}"
Добавь event lunch at 12:30,clock_calendar,"{""action"": ""set"", ""target"": ""event"", ""payload"": ""doctor appointment at 10am""}"
Запланируй event team standup at 9am,clock_calendar,"{""action"": ""set"", ""target"": ""event"", ""payload"": ""lunch at 12:30""}"
Обнови event до meeting tomorrow at 3pm,clock_calendar,"{""action"": ""set"", ""target"": ""event"", ""payload"": ""lunch at 12:30""}"
Establece event a lunch at 12:30,clock_calendar,"{""action"": ""set"", ""target"": ""event"", ""payload"": ""meeting tomorrow at 3pm""}"
Crea event: team standup at 9am,clock_calendar,"{""action"": ""set"", ""target"": ""event"", ""payload"": ""meeting tomorrow at 3pm""}"
Añade event team standup at 9am,clock_calendar,"{""action"": ""set"", ""target"": ""event"", ""payload"": ""doctor appointment at 10am""}"
Programa event doctor appointment at 10am,clock_calendar,"{""action"": ""set"", ""target"": ""event"", ""payload"": ""lunch at 12:30""}"
Actualiza event a lunch at 12:30,clock_calendar,"{""action"": ""set"", ""target"": ""event"", ""payload"": ""doctor appointment at 10am""}"
Weka event kuwa meeting tomorrow at 3pm,clock_calendar,"{""action"": ""set"", ""target"": ""event"", ""payload"": ""doctor appointment at 10am""}"
Unda event: team standup at 9am,clock_calendar,"{""action"": ""set"", ""target"": ""event"", ""payload"": ""lunch at 12:30""}"
Ongeza event meeting tomorrow at 3pm,clock_calendar,"{""action"": ""set"", ""target"": ""event"", ""payload"": ""lunch at 12:30""}"
Panga event doctor appointment at 10am,clock_calendar,"{""action"": ""set"", ""target"": ""event"", ""payload"": ""meeting tomorrow at 3pm""}"
Sasisha event kuwa doctor appointment at 10am,clock_calendar,"{""action"": ""set"", ""target"": ""event"", ""payload"": ""team standup at 9am""}"
event ஐ doctor appointment at 10am ஆக அமை,clock_calendar,"{""action"": ""set"", ""target"": ""event"", ""payload"": ""meeting tomorrow at 3pm""}"
event உருவாக்கு: doctor appointment at 10am,clock_calendar,"{""action"": ""set"", ""target"": ""event"", ""payload"": ""lunch at 12:30""}"
event சேர் lunch at 12:30,clock_calendar,"{""action"": ""set"", ""target"": ""event"", ""payload"": ""meeting tomorrow at 3pm""}"
event திட்டமிடு lunch at 12:30,clock_calendar,"{""action"": ""set"", ""target"": ""event"", ""payload"": ""team standup at 9am""}"
event ஐ team standup at 9am ஆக புதுப்பி,clock_calendar,"{""action"": ""set"", ""target"": ""event"", ""payload"": ""meeting tomorrow at 3pm""}"
event ని doctor appointment at 10am గా సెట్ చేయి,clock_calendar,"{""action"": ""set"", ""target"": ""event"", ""payload"": ""lunch at 12:30""}"
event సృష్టించు: lunch at 12:30,clock_calendar,"{""action"": ""set"", ""target"": ""event"", ""payload"": ""doctor appointment at 10am""}"
event చేర్చు doctor appointment at 10am,clock_calendar,"{""action"": ""set"", ""target"": ""event"", ""payload"": ""doctor appointment at 10am""}"
event షెడ్యూల్ చేయి doctor appointment at 10am,clock_calendar,"{""action"": ""set"", ""target"": ""event"", ""payload"": ""lunch at 12:30""}"
event ని team standup at 9am గా అప్‌డేట్ చేయి,clock_calendar,"{""action"": ""set"", ""target"": ""event"", ""payload"": ""meeting tomorrow at 3pm""}"
ตั้ง event เป็น meeting tomorrow at 3pm,clock_calendar,"{""action"": ""set"", ""target"": ""event"", ""payload"": ""doctor appointment at 10am""}"
สร้าง event: team standup at 9am,clock_calendar,"{""action"": ""set"", ""target"": ""event"", ""payload"": ""lunch at 12:30""}"
เพิ่ม event lunch at 12:30,clock_calendar,"{""action"": ""set"", ""target"": ""event"", ""payload"": ""meeting tomorrow at 3pm""}"
กำหนดเวลา event doctor appointment at 10am,clock_calendar,"{""action"": ""set"", ""target"": ""event"", ""payload"": ""team standup at 9am""}"
อัปเดต event เป็น meeting tomorrow at 3pm,clock_calendar,"{""action"": ""set"", ""target"": ""event"", ""payload"": ""team standup at 9am""}"
event'i doctor appointment at 10am olarak ayarla,clock_calendar,"{""action"": ""set"", ""target"": ""event"", ""payload"": ""doctor appointment at 10am""}"
event oluştur: meeting tomorrow at 3pm,clock_calendar,"{""action"": ""set"", ""target"": ""event"", ""payload"": ""doctor appointment at 10am""}"
event'e team standup at 9am ekle,clock_calendar,"{""action"": ""set"", ""target"": ""event"", ""payload"": ""team standup at 9am""}"
event'i meeting tomorrow at 3pm olarak planla,clock_calendar,"{""action"": ""set"", ""target"": ""event"", ""payload"": ""doctor appointment at 10am""}"
event'i lunch at 12:30 olarak güncelle,clock_calendar,"{""action"": ""set"", ""target"": ""event"", ""payload"": ""doctor appointment at 10am""}"
event کو meeting tomorrow at 3pm پر سیٹ کرو,clock_calendar,"{""action"": ""set"", ""target"": ""event"", ""payload"": ""meeting tomorrow at 3pm""}"
event بناؤ: lunch at 12:30,clock_calendar,"{""action"": ""set"", ""target"": ""event"", ""payload"": ""meeting tomorrow at 3pm""}"
event میں meeting tomorrow at 3pm شامل کرو,clock_calendar,"{""action"": ""set"", ""target"": ""event"", ""payload"": ""lunch at 12:30""}"
event کو lunch at 12:30 شیڈول کرو,clock_calendar,"{""action"": ""set"", ""target"": ""event"", ""payload"": ""team standup at 9am""}"
event کو meeting tomorrow at 3pm اپ ڈیٹ کرو,clock_calendar,"{""action"": ""set"", ""target"": ""event"", ""payload"": ""lunch at 12:30""}"
Đặt event thành team standup at 9am,clock_calendar,"{""action"": ""set"", ""target"": ""event"", ""payload"": ""meeting tomorrow at 3pm""}"
Tạo event: lunch at 12:30,clock_calendar,"{""action"": ""set"", ""target"": ""event"", ""payload"": ""meeting tomorrow at 3pm""}"
Thêm event team standup at 9am,clock_calendar,"{""action"": ""set"", ""target"": ""event"", ""payload"": ""doctor appointment at 10am""}"
Lên lịch event meeting tomorrow at 3pm,clock_calendar,"{""action"": ""set"", ""target"": ""event"", ""payload"": ""meeting tomorrow at 3pm""}"
Cập nhật event thành meeting tomorrow at 3pm,clock_calendar,"{""action"": ""set"", ""target"": ""event"", ""payload"": ""meeting tomorrow at 3pm""}"
احذف alarm,clock_calendar,"{""action"": ""delete"", ""target"": ""alarm"", ""payload"": ""08:30""}"
أزل alarm,clock_calendar,"{""action"": ""delete"", ""target"": ""alarm"", ""payload"": ""06:00""}"
امسح alarm,clock_calendar,"{""action"": ""delete"", ""target"": ""alarm"", ""payload"": ""18:30""}"
احذف alarm,clock_calendar,"{""action"": ""delete"", ""target"": ""alarm"", ""payload"": ""07:00""}"
تخلص من alarm,clock_calendar,"{""action"": ""delete"", ""target"": ""alarm"", ""payload"": ""18:30""}"
alarm মুছে দাও,clock_calendar,"{""action"": ""delete"", ""target"": ""alarm"", ""payload"": ""08:30""}"
alarm সরিয়ে দাও,clock_calendar,"{""action"": ""delete"", ""target"": ""alarm"", ""payload"": ""06:00""}"
alarm পরিষ্কার করো,clock_calendar,"{""action"": ""delete"", ""target"": ""alarm"", ""payload"": ""12:00""}"
alarm মুছে দাও,clock_calendar,"{""action"": ""delete"", ""target"": ""alarm"", ""payload"": ""12:00""}"
alarm থেকে মুক্তি পাও,clock_calendar,"{""action"": ""delete"", ""target"": ""alarm"", ""payload"": ""12:00""}"
删除alarm,clock_calendar,"{""action"": ""delete"", ""target"": ""alarm"", ""payload"": ""12:00""}"
移除alarm,clock_calendar,"{""action"": ""delete"", ""target"": ""alarm"", ""payload"": ""12:00""}"
清除alarm,clock_calendar,"{""action"": ""delete"", ""target"": ""alarm"", ""payload"": ""06:00""}"
擦除alarm,clock_calendar,"{""action"": ""delete"", ""target"": ""alarm"", ""payload"": ""07:00""}"
去掉alarm,clock_calendar,"{""action"": ""delete"", ""target"": ""alarm"", ""payload"": ""12:00""}"
Smaž alarm,clock_calendar,"{""action"": ""delete"", ""target"": ""alarm"", ""payload"": ""07:00""}"
Odstraň alarm,clock_calendar,"{""action"": ""delete"", ""target"": ""alarm"", ""payload"": ""18:30""}"
Vymaž alarm,clock_calendar,"{""action"": ""delete"", ""target"": ""alarm"", ""payload"": ""07:00""}"
Smaž alarm,clock_calendar,"{""action"": ""delete"", ""target"": ""alarm"", ""payload"": ""18:30""}"
Zbav se alarm,clock_calendar,"{""action"": ""delete"", ""target"": ""alarm"", ""payload"": ""07:00""}"
Verwijder alarm,clock_calendar,"{""action"": ""delete"", ""target"": ""alarm"", ""payload"": ""18:30""}"
Verwijder alarm,clock_calendar,"{""action"": ""delete"", ""target"": ""alarm"", ""payload"": ""07:00""}"
Wis alarm,clock_calendar,"{""action"": ""delete"", ""target"": ""alarm"", ""payload"": ""07:00""}"
Wis alarm,clock_calendar,"{""action"": ""delete"", ""target"": ""alarm"", ""payload"": ""06:00""}"
Raak alarm kwijt,clock_calendar,"{""action"": ""delete"", ""target"": ""alarm"", ""payload"": ""18:30""}"
Delete alarm,clock_calendar,"{""action"": ""delete"", ""target"": ""alarm"", ""payload"": ""07:00""}"
Remove alarm,clock_calendar,"{""action"": ""delete"", ""target"": ""alarm"", ""payload"": ""06:00""}"
Clear alarm,clock_calendar,"{""action"": ""delete"", ""target"": ""alarm"", ""payload"": ""06:00""}"
Erase alarm,clock_calendar,"{""action"": ""delete"", ""target"": ""alarm"", ""payload"": ""18:30""}"
Get rid of alarm,clock_calendar,"{""action"": ""delete"", ""target"": ""alarm"", ""payload"": ""07:00""}"
Supprimer alarm,clock_calendar,"{""action"": ""delete"", ""target"": ""alarm"", ""payload"": ""06:00""}"
Enlever alarm,clock_calendar,"{""action"": ""delete"", ""target"": ""alarm"", ""payload"": ""12:00""}"
Effacer alarm,clock_calendar,"{""action"": ""delete"", ""target"": ""alarm"", ""payload"": ""12:00""}"
Effacer alarm,clock_calendar,"{""action"": ""delete"", ""target"": ""alarm"", ""payload"": ""12:00""}"
Se débarrasser de alarm,clock_calendar,"{""action"": ""delete"", ""target"": ""alarm"", ""payload"": ""07:00""}"
Lösche alarm,clock_calendar,"{""action"": ""delete"", ""target"": ""alarm"", ""payload"": ""12:00""}"
Entferne alarm,clock_calendar,"{""action"": ""delete"", ""target"": ""alarm"", ""payload"": ""08:30""}"
Leere alarm,clock_calendar,"{""action"": ""delete"", ""target"": ""alarm"", ""payload"": ""18:30""}"
Lösch alarm,clock_calendar,"{""action"": ""delete"", ""target"": ""alarm"", ""payload"": ""08:30""}"
Befreie dich von alarm,clock_calendar,"{""action"": ""delete"", ""target"": ""alarm"", ""payload"": ""08:30""}"
Διαγράψτε alarm,clock_calendar,"{""action"": ""delete"", ""target"": ""alarm"", ""payload"": ""12:00""}"
Αφαιρέστε alarm,clock_calendar,"{""action"": ""delete"", ""target"": ""alarm"", ""payload"": ""18:30""}"
Καθαρίστε alarm,clock_calendar,"{""action"": ""delete"", ""target"": ""alarm"", ""payload"": ""06:00""}"
Διαγράψτε alarm,clock_calendar,"{""action"": ""delete"", ""target"": ""alarm"", ""payload"": ""08:30""}"
Απαλλαγείτε από alarm,clock_calendar,"{""action"": ""delete"", ""target"": ""alarm"", ""payload"": ""06:00""}"
מחק alarm,clock_calendar,"{""action"": ""delete"", ""target"": ""alarm"", ""payload"": ""06:00""}"
הסר alarm,clock_calendar,"{""action"": ""delete"", ""target"": ""alarm"", ""payload"": ""07:00""}"
נקה alarm,clock_calendar,"{""action"": ""delete"", ""target"": ""alarm"", ""payload"": ""18:30""}"
מחק alarm,clock_calendar,"{""action"": ""delete"", ""target"": ""alarm"", ""payload"": ""18:30""}"
היפטר מ-alarm,clock_calendar,"{""action"": ""delete"", ""target"": ""alarm"", ""payload"": ""08:30""}"
alarm हटाओ,clock_calendar,"{""action"": ""delete"", ""target"": ""alarm"", ""payload"": ""07:00""}"
alarm हटाओ,clock_calendar,"{""action"": ""delete"", ""target"": ""alarm"", ""payload"": ""07:00""}"
alarm साफ करो,clock_calendar,"{""action"": ""delete"", ""target"": ""alarm"", ""payload"": ""07:00""}"
alarm मिटाओ,clock_calendar,"{""action"": ""delete"", ""target"": ""alarm"", ""payload"": ""18:30""}"
alarm से छुटकारा पाओ,clock_calendar,"{""action"": ""delete"", ""target"": ""alarm"", ""payload"": ""18:30""}"
Töröld a alarm,clock_calendar,"{""action"": ""delete"", ""target"": ""alarm"", ""payload"": ""12:00""}"
 távolítsd el a alarm,clock_calendar,"{""action"": ""delete"", ""target"": ""alarm"", ""payload"": ""18:30""}"
Töröld a alarm,clock_calendar,"{""action"": ""delete"", ""target"": ""alarm"", ""payload"": ""18:30""}"
Töröld a alarm,clock_calendar,"{""action"": ""delete"", ""target"": ""alarm"", ""payload"": ""07:00""}"
Szabadulj meg a alarm,clock_calendar,"{""action"": ""delete"", ""target"": ""alarm"", ""payload"": ""06:00""}"
Hapus alarm,clock_calendar,"{""action"": ""delete"", ""target"": ""alarm"", ""payload"": ""08:30""}"
Buang alarm,clock_calendar,"{""action"": ""delete"", ""target"": ""alarm"", ""payload"": ""06:00""}"
Bersihkan alarm,clock_calendar,"{""action"": ""delete"", ""target"": ""alarm"", ""payload"": ""08:30""}"
Hapus alarm,clock_calendar,"{""action"": ""delete"", ""target"": ""alarm"", ""payload"": ""12:00""}"
Singkirkan alarm,clock_calendar,"{""action"": ""delete"", ""target"": ""alarm"", ""payload"": ""18:30""}"
Elimina alarm,clock_calendar,"{""action"": ""delete"", ""target"": ""alarm"", ""payload"": ""08:30""}"
Rimuovi alarm,clock_calendar,"{""action"": ""delete"", ""target"": ""alarm"", ""payload"": ""08:30""}"
Cancella alarm,clock_calendar,"{""action"": ""delete"", ""target"": ""alarm"", ""payload"": ""08:30""}"
Cancella alarm,clock_calendar,"{""action"": ""delete"", ""target"": ""alarm"", ""payload"": ""08:30""}"
Sbarazzarsi di alarm,clock_calendar,"{""action"": ""delete"", ""target"": ""alarm"", ""payload"": ""18:30""}"
alarmを削除,clock_calendar,"{""action"": ""delete"", ""target"": ""alarm"", ""payload"": ""06:00""}"
alarmを除去,clock_calendar,"{""action"": ""delete"", ""target"": ""alarm"", ""payload"": ""08:30""}"
alarmをクリア,clock_calendar,"{""action"": ""delete"", ""target"": ""alarm"", ""payload"": ""07:00""}"
alarmを消去,clock_calendar,"{""action"": ""delete"", ""target"": ""alarm"", ""payload"": ""08:30""}"
alarmをなくす,clock_calendar,"{""action"": ""delete"", ""target"": ""alarm"", ""payload"": ""18:30""}"
alarm 삭제,clock_calendar,"{""action"": ""delete"", ""target"": ""alarm"", ""payload"": ""07:00""}"
alarm 제거,clock_calendar,"{""action"": ""delete"", ""target"": ""alarm"", ""payload"": ""18:30""}"
alarm 지우기,clock_calendar,"{""action"": ""delete"", ""target"": ""alarm"", ""payload"": ""12:00""}"
alarm 지우기,clock_calendar,"{""action"": ""delete"", ""target"": ""alarm"", ""payload"": ""18:30""}"
alarm 없애기,clock_calendar,"{""action"": ""delete"", ""target"": ""alarm"", ""payload"": ""07:00""}"
alarm हटवा,clock_calendar,"{""action"": ""delete"", ""target"": ""alarm"", ""payload"": ""06:00""}"
alarm काढा,clock_calendar,"{""action"": ""delete"", ""target"": ""alarm"", ""payload"": ""07:00""}"
alarm साफ करा,clock_calendar,"{""action"": ""delete"", ""target"": ""alarm"", ""payload"": ""06:00""}"
alarm हटवा,clock_calendar,"{""action"": ""delete"", ""target"": ""alarm"", ""payload"": ""07:00""}"
alarm पासून मुक्ती मिळवा,clock_calendar,"{""action"": ""delete"", ""target"": ""alarm"", ""payload"": ""08:30""}"
alarm را حذف کن,clock_calendar,"{""action"": ""delete"", ""target"": ""alarm"", ""payload"": ""18:30""}"
alarm را بردار,clock_calendar,"{""action"": ""delete"", ""target"": ""alarm"", ""payload"": ""12:00""}"
alarm را پاک کن,clock_calendar,"{""action"": ""delete"", ""target"": ""alarm"", ""payload"": ""06:00""}"
alarm را پاک کن,clock_calendar,"{""action"": ""delete"", ""target"": ""alarm"", ""payload"": ""06:00""}"
از alarm خلاص شو,clock_calendar,"{""action"": ""delete"", ""target"": ""alarm"", ""payload"": ""08:30""}"
Usuń alarm,clock_calendar,"{""action"": ""delete"", ""target"": ""alarm"", ""payload"": ""08:30""}"
Usuń alarm,clock_calendar,"{""action"": ""delete"", ""target"": ""alarm"", ""payload"": ""07:00""}"
Wyczyść alarm,clock_calendar,"{""action"": ""delete"", ""target"": ""alarm"", ""payload"": ""06:00""}"
Wyczyść alarm,clock_calendar,"{""action"": ""delete"", ""target"": ""alarm"", ""payload"": ""18:30""}"
Pozbądź się alarm,clock_calendar,"{""action"": ""delete"", ""target"": ""alarm"", ""payload"": ""07:00""}"
Excluir alarm,clock_calendar,"{""action"": ""delete"", ""target"": ""alarm"", ""payload"": ""08:30""}"
Remover alarm,clock_calendar,"{""action"": ""delete"", ""target"": ""alarm"", ""payload"": ""06:00""}"
Limpar alarm,clock_calendar,"{""action"": ""delete"", ""target"": ""alarm"", ""payload"": ""12:00""}"
Apagar alarm,clock_calendar,"{""action"": ""delete"", ""target"": ""alarm"", ""payload"": ""12:00""}"
Se livrar de alarm,clock_calendar,"{""action"": ""delete"", ""target"": ""alarm"", ""payload"": ""06:00""}"
Șterge alarm,clock_calendar,"{""action"": ""delete"", ""target"": ""alarm"", ""payload"": ""18:30""}"
Elimină alarm,clock_calendar,"{""action"": ""delete"", ""target"": ""alarm"", ""payload"": ""06:00""}"
Curăță alarm,clock_calendar,"{""action"": ""delete"", ""target"": ""alarm"", ""payload"": ""18:30""}"
Șterge alarm,clock_calendar,"{""action"": ""delete"", ""target"": ""alarm"", ""payload"": ""08:30""}"
Scapă de alarm,clock_calendar,"{""action"": ""delete"", ""target"": ""alarm"", ""payload"": ""18:30""}"
Удали alarm,clock_calendar,"{""action"": ""delete"", ""target"": ""alarm"", ""payload"": ""18:30""}"
Убери alarm,clock_calendar,"{""action"": ""delete"", ""target"": ""alarm"", ""payload"": ""06:00""}"
Очисти alarm,clock_calendar,"{""action"": ""delete"", ""target"": ""alarm"", ""payload"": ""06:00""}"
Сотри alarm,clock_calendar,"{""action"": ""delete"", ""target"": ""alarm"", ""payload"": ""12:00""}"
Избавься от alarm,clock_calendar,"{""action"": ""delete"", ""target"": ""alarm"", ""payload"": ""08:30""}"
Eliminar alarm,clock_calendar,"{""action"": ""delete"", ""target"": ""alarm"", ""payload"": ""07:00""}"
Borrar alarm,clock_calendar,"{""action"": ""delete"", ""target"": ""alarm"", ""payload"": ""06:00""}"
Limpiar alarm,clock_calendar,"{""action"": ""delete"", ""target"": ""alarm"", ""payload"": ""08:30""}"
Borrar alarm,clock_calendar,"{""action"": ""delete"", ""target"": ""alarm"", ""payload"": ""08:30""}"
Deshacerse de alarm,clock_calendar,"{""action"": ""delete"", ""target"": ""alarm"", ""payload"": ""12:00""}"
Futa alarm,clock_calendar,"{""action"": ""delete"", ""target"": ""alarm"", ""payload"": ""06:00""}"
Ondoa alarm,clock_calendar,"{""action"": ""delete"", ""target"": ""alarm"", ""payload"": ""06:00""}"
Safisha alarm,clock_calendar,"{""action"": ""delete"", ""target"": ""alarm"", ""payload"": ""08:30""}"
Futa {target],clock_calendar,"{""action"": ""delete"", ""target"": ""alarm"", ""payload"": ""06:00""}"
Jikinga na alarm,clock_calendar,"{""action"": ""delete"", ""target"": ""alarm"", ""payload"": ""12:00""}"
alarm ஐ நீக்கு,clock_calendar,"{""action"": ""delete"", ""target"": ""alarm"", ""payload"": ""12:00""}"
alarm ஐ அகற்று,clock_calendar,"{""action"": ""delete"", ""target"": ""alarm"", ""payload"": ""12:00""}"
alarm ஐ சுத்தம் செய்,clock_calendar,"{""action"": ""delete"", ""target"": ""alarm"", ""payload"": ""06:00""}"
alarm ஐ நீக்கு,clock_calendar,"{""action"": ""delete"", ""target"": ""alarm"", ""payload"": ""06:00""}"
alarm இல் இருந்து விடுபடு,clock_calendar,"{""action"": ""delete"", ""target"": ""alarm"", ""payload"": ""12:00""}"
alarm ని తొలగించు,clock_calendar,"{""action"": ""delete"", ""target"": ""alarm"", ""payload"": ""18:30""}"
alarm ని తీసివేయి,clock_calendar,"{""action"": ""delete"", ""target"": ""alarm"", ""payload"": ""07:00""}"
alarm ని శుభ్రం చేయి,clock_calendar,"{""action"": ""delete"", ""target"": ""alarm"", ""payload"": ""08:30""}"
alarm ని తొలగించు,clock_calendar,"{""action"": ""delete"", ""target"": ""alarm"", ""payload"": ""18:30""}"
alarm నుండి విముక్తి పొందు,clock_calendar,"{""action"": ""delete"", ""target"": ""alarm"", ""payload"": ""07:00""}"
ลบ alarm,clock_calendar,"{""action"": ""delete"", ""target"": ""alarm"", ""payload"": ""06:00""}"
เอา alarm ออก,clock_calendar,"{""action"": ""delete"", ""target"": ""alarm"", ""payload"": ""08:30""}"
ล้าง alarm,clock_calendar,"{""action"": ""delete"", ""target"": ""alarm"", ""payload"": ""18:30""}"
ลบ alarm,clock_calendar,"{""action"": ""delete"", ""target"": ""alarm"", ""payload"": ""08:30""}"
กำจัด alarm,clock_calendar,"{""action"": ""delete"", ""target"": ""alarm"", ""payload"": ""06:00""}"
alarm sil,clock_calendar,"{""action"": ""delete"", ""target"": ""alarm"", ""payload"": ""07:00""}"
alarm kaldır,clock_calendar,"{""action"": ""delete"", ""target"": ""alarm"", ""payload"": ""07:00""}"
alarm temizle,clock_calendar,"{""action"": ""delete"", ""target"": ""alarm"", ""payload"": ""07:00""}"
alarm temizle,clock_calendar,"{""action"": ""delete"", ""target"": ""alarm"", ""payload"": ""18:30""}"
alarm kurtul,clock_calendar,"{""action"": ""delete"", ""target"": ""alarm"", ""payload"": ""07:00""}"
alarm حذف کرو,clock_calendar,"{""action"": ""delete"", ""target"": ""alarm"", ""payload"": ""18:30""}"
alarm ہٹاؤ,clock_calendar,"{""action"": ""delete"", ""target"": ""alarm"", ""payload"": ""18:30""}"
alarm صاف کرو,clock_calendar,"{""action"": ""delete"", ""target"": ""alarm"", ""payload"": ""12:00""}"
alarm مٹاؤ,clock_calendar,"{""action"": ""delete"", ""target"": ""alarm"", ""payload"": ""18:30""}"
alarm سے نجات پاؤ,clock_calendar,"{""action"": ""delete"", ""target"": ""alarm"", ""payload"": ""08:30""}"
Xóa alarm,clock_calendar,"{""action"": ""delete"", ""target"": ""alarm"", ""payload"": ""07:00""}"
Loại bỏ alarm,clock_calendar,"{""action"": ""delete"", ""target"": ""alarm"", ""payload"": ""18:30""}"
Xóa sạch alarm,clock_calendar,"{""action"": ""delete"", ""target"": ""alarm"", ""payload"": ""06:00""}"
Xóa alarm,clock_calendar,"{""action"": ""delete"", ""target"": ""alarm"", ""payload"": ""18:30""}"
Loại bỏ alarm,clock_calendar,"{""action"": ""delete"", ""target"": ""alarm"", ""payload"": ""18:30""}"
احذف timer,clock_calendar,"{""action"": ""delete"", ""target"": ""timer"", ""payload"": ""1 hour""}"
أزل timer,clock_calendar,"{""action"": ""delete"", ""target"": ""timer"", ""payload"": ""10 minutes""}"
امسح timer,clock_calendar,"{""action"": ""delete"", ""target"": ""timer"", ""payload"": ""30 seconds""}"
احذف timer,clock_calendar,"{""action"": ""delete"", ""target"": ""timer"", ""payload"": ""1 hour""}"
تخلص من timer,clock_calendar,"{""action"": ""delete"", ""target"": ""timer"", ""payload"": ""10 minutes""}"
timer মুছে দাও,clock_calendar,"{""action"": ""delete"", ""target"": ""timer"", ""payload"": ""15 minutes""}"
timer সরিয়ে দাও,clock_calendar,"{""action"": ""delete"", ""target"": ""timer"", ""payload"": ""30 seconds""}"
timer পরিষ্কার করো,clock_calendar,"{""action"": ""delete"", ""target"": ""timer"", ""payload"": ""10 minutes""}"
timer মুছে দাও,clock_calendar,"{""action"": ""delete"", ""target"": ""timer"", ""payload"": ""1 hour""}"
timer থেকে মুক্তি পাও,clock_calendar,"{""action"": ""delete"", ""target"": ""timer"", ""payload"": ""15 minutes""}"
删除timer,clock_calendar,"{""action"": ""delete"", ""target"": ""timer"", ""payload"": ""15 minutes""}"
移除timer,clock_calendar,"{""action"": ""delete"", ""target"": ""timer"", ""payload"": ""5 minutes""}"
清除timer,clock_calendar,"{""action"": ""delete"", ""target"": ""timer"", ""payload"": ""1 hour""}"
擦除timer,clock_calendar,"{""action"": ""delete"", ""target"": ""timer"", ""payload"": ""30 seconds""}"
去掉timer,clock_calendar,"{""action"": ""delete"", ""target"": ""timer"", ""payload"": ""15 minutes""}"
Smaž timer,clock_calendar,"{""action"": ""delete"", ""target"": ""timer"", ""payload"": ""5 minutes""}"
Odstraň timer,clock_calendar,"{""action"": ""delete"", ""target"": ""timer"", ""payload"": ""10 minutes""}"
Vymaž timer,clock_calendar,"{""action"": ""delete"", ""target"": ""timer"", ""payload"": ""15 minutes""}"
Smaž timer,clock_calendar,"{""action"": ""delete"", ""target"": ""timer"", ""payload"": ""10 minutes""}"
Zbav se timer,clock_calendar,"{""action"": ""delete"", ""target"": ""timer"", ""payload"": ""15 minutes""}"
Verwijder timer,clock_calendar,"{""action"": ""delete"", ""target"": ""timer"", ""payload"": ""10 minutes""}"
Verwijder timer,clock_calendar,"{""action"": ""delete"", ""target"": ""timer"", ""payload"": ""1 hour""}"
Wis timer,clock_calendar,"{""action"": ""delete"", ""target"": ""timer"", ""payload"": ""10 minutes""}"
Wis timer,clock_calendar,"{""action"": ""delete"", ""target"": ""timer"", ""payload"": ""10 minutes""}"
Raak timer kwijt,clock_calendar,"{""action"": ""delete"", ""target"": ""timer"", ""payload"": ""15 minutes""}"
Delete timer,clock_calendar,"{""action"": ""delete"", ""target"": ""timer"", ""payload"": ""15 minutes""}"
Remove timer,clock_calendar,"{""action"": ""delete"", ""target"": ""timer"", ""payload"": ""10 minutes""}"
Clear timer,clock_calendar,"{""action"": ""delete"", ""target"": ""timer"", ""payload"": ""1 hour""}"
Erase timer,clock_calendar,"{""action"": ""delete"", ""target"": ""timer"", ""payload"": ""30 seconds""}"
Get rid of timer,clock_calendar,"{""action"": ""delete"", ""target"": ""timer"", ""payload"": ""5 minutes""}"
Supprimer timer,clock_calendar,"{""action"": ""delete"", ""target"": ""timer"", ""payload"": ""10 minutes""}"
Enlever timer,clock_calendar,"{""action"": ""delete"", ""target"": ""timer"", ""payload"": ""1 hour""}"
Effacer timer,clock_calendar,"{""action"": ""delete"", ""target"": ""timer"", ""payload"": ""10 minutes""}"
Effacer timer,clock_calendar,"{""action"": ""delete"", ""target"": ""timer"", ""payload"": ""5 minutes""}"
Se débarrasser de timer,clock_calendar,"{""action"": ""delete"", ""target"": ""timer"", ""payload"": ""30 seconds""}"
Lösche timer,clock_calendar,"{""action"": ""delete"", ""target"": ""timer"", ""payload"": ""30 seconds""}"
Entferne timer,clock_calendar,"{""action"": ""delete"", ""target"": ""timer"", ""payload"": ""10 minutes""}"
Leere timer,clock_calendar,"{""action"": ""delete"", ""target"": ""timer"", ""payload"": ""5 minutes""}"
Lösch timer,clock_calendar,"{""action"": ""delete"", ""target"": ""timer"", ""payload"": ""10 minutes""}"
Befreie dich von timer,clock_calendar,"{""action"": ""delete"", ""target"": ""timer"", ""payload"": ""15 minutes""}"
Διαγράψτε timer,clock_calendar,"{""action"": ""delete"", ""target"": ""timer"", ""payload"": ""30 seconds""}"
Αφαιρέστε timer,clock_calendar,"{""action"": ""delete"", ""target"": ""timer"", ""payload"": ""1 hour""}"
Καθαρίστε timer,clock_calendar,"{""action"": ""delete"", ""target"": ""timer"", ""payload"": ""1 hour""}"
Διαγράψτε timer,clock_calendar,"{""action"": ""delete"", ""target"": ""timer"", ""payload"": ""1 hour""}"
Απαλλαγείτε από timer,clock_calendar,"{""action"": ""delete"", ""target"": ""timer"", ""payload"": ""5 minutes""}"
מחק timer,clock_calendar,"{""action"": ""delete"", ""target"": ""timer"", ""payload"": ""5 minutes""}"
הסר timer,clock_calendar,"{""action"": ""delete"", ""target"": ""timer"", ""payload"": ""30 seconds""}"
נקה timer,clock_calendar,"{""action"": ""delete"", ""target"": ""timer"", ""payload"": ""5 minutes""}"
מחק timer,clock_calendar,"{""action"": ""delete"", ""target"": ""timer"", ""payload"": ""15 minutes""}"
היפטר מ-timer,clock_calendar,"{""action"": ""delete"", ""target"": ""timer"", ""payload"": ""30 seconds""}"
timer हटाओ,clock_calendar,"{""action"": ""delete"", ""target"": ""timer"", ""payload"": ""30 seconds""}"
timer हटाओ,clock_calendar,"{""action"": ""delete"", ""target"": ""timer"", ""payload"": ""15 minutes""}"
timer साफ करो,clock_calendar,"{""action"": ""delete"", ""target"": ""timer"", ""payload"": ""15 minutes""}"
timer मिटाओ,clock_calendar,"{""action"": ""delete"", ""target"": ""timer"", ""payload"": ""15 minutes""}"
timer से छुटकारा पाओ,clock_calendar,"{""action"": ""delete"", ""target"": ""timer"", ""payload"": ""10 minutes""}"
Töröld a timer,clock_calendar,"{""action"": ""delete"", ""target"": ""timer"", ""payload"": ""1 hour""}"
 távolítsd el a timer,clock_calendar,"{""action"": ""delete"", ""target"": ""timer"", ""payload"": ""1 hour""}"
Töröld a timer,clock_calendar,"{""action"": ""delete"", ""target"": ""timer"", ""payload"": ""30 seconds""}"
Töröld a timer,clock_calendar,"{""action"": ""delete"", ""target"": ""timer"", ""payload"": ""15 minutes""}"
Szabadulj meg a timer,clock_calendar,"{""action"": ""delete"", ""target"": ""timer"", ""payload"": ""5 minutes""}"
Hapus timer,clock_calendar,"{""action"": ""delete"", ""target"": ""timer"", ""payload"": ""15 minutes""}"
Buang timer,clock_calendar,"{""action"": ""delete"", ""target"": ""timer"", ""payload"": ""30 seconds""}"
Bersihkan timer,clock_calendar,"{""action"": ""delete"", ""target"": ""timer"", ""payload"": ""1 hour""}"
Hapus timer,clock_calendar,"{""action"": ""delete"", ""target"": ""timer"", ""payload"": ""10 minutes""}"
Singkirkan timer,clock_calendar,"{""action"": ""delete"", ""target"": ""timer"", ""payload"": ""15 minutes""}"
Elimina timer,clock_calendar,"{""action"": ""delete"", ""target"": ""timer"", ""payload"": ""1 hour""}"
Rimuovi timer,clock_calendar,"{""action"": ""delete"", ""target"": ""timer"", ""payload"": ""30 seconds""}"
Cancella timer,clock_calendar,"{""action"": ""delete"", ""target"": ""timer"", ""payload"": ""30 seconds""}"
Cancella timer,clock_calendar,"{""action"": ""delete"", ""target"": ""timer"", ""payload"": ""1 hour""}"
Sbarazzarsi di timer,clock_calendar,"{""action"": ""delete"", ""target"": ""timer"", ""payload"": ""1 hour""}"
timerを削除,clock_calendar,"{""action"": ""delete"", ""target"": ""timer"", ""payload"": ""15 minutes""}"
timerを除去,clock_calendar,"{""action"": ""delete"", ""target"": ""timer"", ""payload"": ""5 minutes""}"
timerをクリア,clock_calendar,"{""action"": ""delete"", ""target"": ""timer"", ""payload"": ""15 minutes""}"
timerを消去,clock_calendar,"{""action"": ""delete"", ""target"": ""timer"", ""payload"": ""10 minutes""}"
timerをなくす,clock_calendar,"{""action"": ""delete"", ""target"": ""timer"", ""payload"": ""1 hour""}"
timer 삭제,clock_calendar,"{""action"": ""delete"", ""target"": ""timer"", ""payload"": ""10 minutes""}"
timer 제거,clock_calendar,"{""action"": ""delete"", ""target"": ""timer"", ""payload"": ""10 minutes""}"
timer 지우기,clock_calendar,"{""action"": ""delete"", ""target"": ""timer"", ""payload"": ""5 minutes""}"
timer 지우기,clock_calendar,"{""action"": ""delete"", ""target"": ""timer"", ""payload"": ""15 minutes""}"
timer 없애기,clock_calendar,"{""action"": ""delete"", ""target"": ""timer"", ""payload"": ""30 seconds""}"
timer हटवा,clock_calendar,"{""action"": ""delete"", ""target"": ""timer"", ""payload"": ""10 minutes""}"
timer काढा,clock_calendar,"{""action"": ""delete"", ""target"": ""timer"", ""payload"": ""10 minutes""}"
timer साफ करा,clock_calendar,"{""action"": ""delete"", ""target"": ""timer"", ""payload"": ""10 minutes""}"
timer हटवा,clock_calendar,"{""action"": ""delete"", ""target"": ""timer"", ""payload"": ""10 minutes""}"
timer पासून मुक्ती मिळवा,clock_calendar,"{""action"": ""delete"", ""target"": ""timer"", ""payload"": ""30 seconds""}"
timer را حذف کن,clock_calendar,"{""action"": ""delete"", ""target"": ""timer"", ""payload"": ""15 minutes""}"
timer را بردار,clock_calendar,"{""action"": ""delete"", ""target"": ""timer"", ""payload"": ""5 minutes""}"
timer را پاک کن,clock_calendar,"{""action"": ""delete"", ""target"": ""timer"", ""payload"": ""10 minutes""}"
timer را پاک کن,clock_calendar,"{""action"": ""delete"", ""target"": ""timer"", ""payload"": ""1 hour""}"
از timer خلاص شو,clock_calendar,"{""action"": ""delete"", ""target"": ""timer"", ""payload"": ""30 seconds""}"
Usuń timer,clock_calendar,"{""action"": ""delete"", ""target"": ""timer"", ""payload"": ""5 minutes""}"
Usuń timer,clock_calendar,"{""action"": ""delete"", ""target"": ""timer"", ""payload"": ""1 hour""}"
Wyczyść timer,clock_calendar,"{""action"": ""delete"", ""target"": ""timer"", ""payload"": ""1 hour""}"
Wyczyść timer,clock_calendar,"{""action"": ""delete"", ""target"": ""timer"", ""payload"": ""1 hour""}"
Pozbądź się timer,clock_calendar,"{""action"": ""delete"", ""target"": ""timer"", ""payload"": ""10 minutes""}"
Excluir timer,clock_calendar,"{""action"": ""delete"", ""target"": ""timer"", ""payload"": ""15 minutes""}"
Remover timer,clock_calendar,"{""action"": ""delete"", ""target"": ""timer"", ""payload"": ""10 minutes""}"
Limpar timer,clock_calendar,"{""action"": ""delete"", ""target"": ""timer"", ""payload"": ""1 hour""}"
Apagar timer,clock_calendar,"{""action"": ""delete"", ""target"": ""timer"", ""payload"": ""5 minutes""}"
Se livrar de timer,clock_calendar,"{""action"": ""delete"", ""target"": ""timer"", ""payload"": ""10 minutes""}"
Șterge timer,clock_calendar,"{""action"": ""delete"", ""target"": ""timer"", ""payload"": ""5 minutes""}"
Elimină timer,clock_calendar,"{""action"": ""delete"", ""target"": ""timer"", ""payload"": ""10 minutes""}"
Curăță timer,clock_calendar,"{""action"": ""delete"", ""target"": ""timer"", ""payload"": ""15 minutes""}"
Șterge timer,clock_calendar,"{""action"": ""delete"", ""target"": ""timer"", ""payload"": ""15 minutes""}"
Scapă de timer,clock_calendar,"{""action"": ""delete"", ""target"": ""timer"", ""payload"": ""10 minutes""}"
Удали timer,clock_calendar,"{""action"": ""delete"", ""target"": ""timer"", ""payload"": ""10 minutes""}"
Убери timer,clock_calendar,"{""action"": ""delete"", ""target"": ""timer"", ""payload"": ""15 minutes""}"
Очисти timer,clock_calendar,"{""action"": ""delete"", ""target"": ""timer"", ""payload"": ""5 minutes""}"
Сотри timer,clock_calendar,"{""action"": ""delete"", ""target"": ""timer"", ""payload"": ""15 minutes""}"
Избавься от timer,clock_calendar,"{""action"": ""delete"", ""target"": ""timer"", ""payload"": ""10 minutes""}"
Eliminar timer,clock_calendar,"{""action"": ""delete"", ""target"": ""timer"", ""payload"": ""5 minutes""}"
Borrar timer,clock_calendar,"{""action"": ""delete"", ""target"": ""timer"", ""payload"": ""10 minutes""}"
Limpiar timer,clock_calendar,"{""action"": ""delete"", ""target"": ""timer"", ""payload"": ""30 seconds""}"
Borrar timer,clock_calendar,"{""action"": ""delete"", ""target"": ""timer"", ""payload"": ""10 minutes""}"
Deshacerse de timer,clock_calendar,"{""action"": ""delete"", ""target"": ""timer"", ""payload"": ""15 minutes""}"
Futa timer,clock_calendar,"{""action"": ""delete"", ""target"": ""timer"", ""payload"": ""1 hour""}"
Ondoa timer,clock_calendar,"{""action"": ""delete"", ""target"": ""timer"", ""payload"": ""15 minutes""}"
Safisha timer,clock_calendar,"{""action"": ""delete"", ""target"": ""timer"", ""payload"": ""15 minutes""}"
Futa {target],clock_calendar,"{""action"": ""delete"", ""target"": ""timer"", ""payload"": ""5 minutes""}"
Jikinga na timer,clock_calendar,"{""action"": ""delete"", ""target"": ""timer"", ""payload"": ""30 seconds""}"
timer ஐ நீக்கு,clock_calendar,"{""action"": ""delete"", ""target"": ""timer"", ""payload"": ""5 minutes""}"
timer ஐ அகற்று,clock_calendar,"{""action"": ""delete"", ""target"": ""timer"", ""payload"": ""10 minutes""}"
timer ஐ சுத்தம் செய்,clock_calendar,"{""action"": ""delete"", ""target"": ""timer"", ""payload"": ""1 hour""}"
timer ஐ நீக்கு,clock_calendar,"{""action"": ""delete"", ""target"": ""timer"", ""payload"": ""15 minutes""}"
timer இல் இருந்து விடுபடு,clock_calendar,"{""action"": ""delete"", ""target"": ""timer"", ""payload"": ""1 hour""}"
timer ని తొలగించు,clock_calendar,"{""action"": ""delete"", ""target"": ""timer"", ""payload"": ""1 hour""}"
timer ని తీసివేయి,clock_calendar,"{""action"": ""delete"", ""target"": ""timer"", ""payload"": ""10 minutes""}"
timer ని శుభ్రం చేయి,clock_calendar,"{""action"": ""delete"", ""target"": ""timer"", ""payload"": ""10 minutes""}"
timer ని తొలగించు,clock_calendar,"{""action"": ""delete"", ""target"": ""timer"", ""payload"": ""1 hour""}"
timer నుండి విముక్తి పొందు,clock_calendar,"{""action"": ""delete"", ""target"": ""timer"", ""payload"": ""15 minutes""}"
ลบ timer,clock_calendar,"{""action"": ""delete"", ""target"": ""timer"", ""payload"": ""10 minutes""}"
เอา timer ออก,clock_calendar,"{""action"": ""delete"", ""target"": ""timer"", ""payload"": ""15 minutes""}"
ล้าง timer,clock_calendar,"{""action"": ""delete"", ""target"": ""timer"", ""payload"": ""10 minutes""}"
ลบ timer,clock_calendar,"{""action"": ""delete"", ""target"": ""timer"", ""payload"": ""15 minutes""}"
กำจัด timer,clock_calendar,"{""action"": ""delete"", ""target"": ""timer"", ""payload"": ""15 minutes""}"
timer sil,clock_calendar,"{""action"": ""delete"", ""target"": ""timer"", ""payload"": ""30 seconds""}"
timer kaldır,clock_calendar,"{""action"": ""delete"", ""target"": ""timer"", ""payload"": ""10 minutes""}"
timer temizle,clock_calendar,"{""action"": ""delete"", ""target"": ""timer"", ""payload"": ""30 seconds""}"
timer temizle,clock_calendar,"{""action"": ""delete"", ""target"": ""timer"", ""payload"": ""1 hour""}"
timer kurtul,clock_calendar,"{""action"": ""delete"", ""target"": ""timer"", ""payload"": ""15 minutes""}"
timer حذف کرو,clock_calendar,"{""action"": ""delete"", ""target"": ""timer"", ""payload"": ""15 minutes""}"
timer ہٹاؤ,clock_calendar,"{""action"": ""delete"", ""target"": ""timer"", ""payload"": ""5 minutes""}"
timer صاف کرو,clock_calendar,"{""action"": ""delete"", ""target"": ""timer"", ""payload"": ""10 minutes""}"
timer مٹاؤ,clock_calendar,"{""action"": ""delete"", ""target"": ""timer"", ""payload"": ""1 hour""}"
timer سے نجات پاؤ,clock_calendar,"{""action"": ""delete"", ""target"": ""timer"", ""payload"": ""1 hour""}"
Xóa timer,clock_calendar,"{""action"": ""delete"", ""target"": ""timer"", ""payload"": ""10 minutes""}"
Loại bỏ timer,clock_calendar,"{""action"": ""delete"", ""target"": ""timer"", ""payload"": ""5 minutes""}"
Xóa sạch timer,clock_calendar,"{""action"": ""delete"", ""target"": ""timer"", ""payload"": ""5 minutes""}"
Xóa timer,clock_calendar,"{""action"": ""delete"", ""target"": ""timer"", ""payload"": ""10 minutes""}"
Loại bỏ timer,clock_calendar,"{""action"": ""delete"", ""target"": ""timer"", ""payload"": ""15 minutes""}"
احذف event,clock_calendar,"{""action"": ""delete"", ""target"": ""event"", ""payload"": ""team standup at 9am""}"
أزل event,clock_calendar,"{""action"": ""delete"", ""target"": ""event"", ""payload"": ""lunch at 12:30""}"
امسح event,clock_calendar,"{""action"": ""delete"", ""target"": ""event"", ""payload"": ""meeting tomorrow at 3pm""}"
احذف event,clock_calendar,"{""action"": ""delete"", ""target"": ""event"", ""payload"": ""lunch at 12:30""}"
تخلص من event,clock_calendar,"{""action"": ""delete"", ""target"": ""event"", ""payload"": ""team standup at 9am""}"
event মুছে দাও,clock_calendar,"{""action"": ""delete"", ""target"": ""event"", ""payload"": ""meeting tomorrow at 3pm""}"
event সরিয়ে দাও,clock_calendar,"{""action"": ""delete"", ""target"": ""event"", ""payload"": ""meeting tomorrow at 3pm""}"
event পরিষ্কার করো,clock_calendar,"{""action"": ""delete"", ""target"": ""event"", ""payload"": ""meeting tomorrow at 3pm""}"
event মুছে দাও,clock_calendar,"{""action"": ""delete"", ""target"": ""event"", ""payload"": ""team standup at 9am""}"
event থেকে মুক্তি পাও,clock_calendar,"{""action"": ""delete"", ""target"": ""event"", ""payload"": ""lunch at 12:30""}"
删除event,clock_calendar,"{""action"": ""delete"", ""target"": ""event"", ""payload"": ""meeting tomorrow at 3pm""}"
移除event,clock_calendar,"{""action"": ""delete"", ""target"": ""event"", ""payload"": ""team standup at 9am""}"
清除event,clock_calendar,"{""action"": ""delete"", ""target"": ""event"", ""payload"": ""team standup at 9am""}"
擦除event,clock_calendar,"{""action"": ""delete"", ""target"": ""event"", ""payload"": ""doctor appointment at 10am""}"
去掉event,clock_calendar,"{""action"": ""delete"", ""target"": ""event"", ""payload"": ""meeting tomorrow at 3pm""}"
Smaž event,clock_calendar,"{""action"": ""delete"", ""target"": ""event"", ""payload"": ""team standup at 9am""}"
Odstraň event,clock_calendar,"{""action"": ""delete"", ""target"": ""event"", ""payload"": ""lunch at 12:30""}"
Vymaž event,clock_calendar,"{""action"": ""delete"", ""target"": ""event"", ""payload"": ""team standup at 9am""}"
Smaž event,clock_calendar,"{""action"": ""delete"", ""target"": ""event"", ""payload"": ""team standup at 9am""}"
Zbav se event,clock_calendar,"{""action"": ""delete"", ""target"": ""event"", ""payload"": ""doctor appointment at 10am""}"
Verwijder event,clock_calendar,"{""action"": ""delete"", ""target"": ""event"", ""payload"": ""meeting tomorrow at 3pm""}"
Verwijder event,clock_calendar,"{""action"": ""delete"", ""target"": ""event"", ""payload"": ""team standup at 9am""}"
Wis event,clock_calendar,"{""action"": ""delete"", ""target"": ""event"", ""payload"": ""lunch at 12:30""}"
Wis event,clock_calendar,"{""action"": ""delete"", ""target"": ""event"", ""payload"": ""doctor appointment at 10am""}"
Raak event kwijt,clock_calendar,"{""action"": ""delete"", ""target"": ""event"", ""payload"": ""team standup at 9am""}"
Delete event,clock_calendar,"{""action"": ""delete"", ""target"": ""event"", ""payload"": ""lunch at 12:30""}"
Remove event,clock_calendar,"{""action"": ""delete"", ""target"": ""event"", ""payload"": ""meeting tomorrow at 3pm""}"
Clear event,clock_calendar,"{""action"": ""delete"", ""target"": ""event"", ""payload"": ""doctor appointment at 10am""}"
Erase event,clock_calendar,"{""action"": ""delete"", ""target"": ""event"", ""payload"": ""team standup at 9am""}"
Get rid of event,clock_calendar,"{""action"": ""delete"", ""target"": ""event"", ""payload"": ""doctor appointment at 10am""}"
Supprimer event,clock_calendar,"{""action"": ""delete"", ""target"": ""event"", ""payload"": ""lunch at 12:30""}"
Enlever event,clock_calendar,"{""action"": ""delete"", ""target"": ""event"", ""payload"": ""meeting tomorrow at 3pm""}"
Effacer event,clock_calendar,"{""action"": ""delete"", ""target"": ""event"", ""payload"": ""meeting tomorrow at 3pm""}"
Effacer event,clock_calendar,"{""action"": ""delete"", ""target"": ""event"", ""payload"": ""meeting tomorrow at 3pm""}"
Se débarrasser de event,clock_calendar,"{""action"": ""delete"", ""target"": ""event"", ""payload"": ""meeting tomorrow at 3pm""}"
Lösche event,clock_calendar,"{""action"": ""delete"", ""target"": ""event"", ""payload"": ""team standup at 9am""}"
Entferne event,clock_calendar,"{""action"": ""delete"", ""target"": ""event"", ""payload"": ""lunch at 12:30""}"
Leere event,clock_calendar,"{""action"": ""delete"", ""target"": ""event"", ""payload"": ""doctor appointment at 10am""}"
Lösch event,clock_calendar,"{""action"": ""delete"", ""target"": ""event"", ""payload"": ""team standup at 9am""}"
Befreie dich von event,clock_calendar,"{""action"": ""delete"", ""target"": ""event"", ""payload"": ""doctor appointment at 10am""}"
Διαγράψτε event,clock_calendar,"{""action"": ""delete"", ""target"": ""event"", ""payload"": ""meeting tomorrow at 3pm""}"
Αφαιρέστε event,clock_calendar,"{""action"": ""delete"", ""target"": ""event"", ""payload"": ""lunch at 12:30""}"
Καθαρίστε event,clock_calendar,"{""action"": ""delete"", ""target"": ""event"", ""payload"": ""team standup at 9am""}"
Διαγράψτε event,clock_calendar,"{""action"": ""delete"", ""target"": ""event"", ""payload"": ""doctor appointment at 10am""}"
Απαλλαγείτε από event,clock_calendar,"{""action"": ""delete"", ""target"": ""event"", ""payload"": ""doctor appointment at 10am""}"
מחק event,clock_calendar,"{""action"": ""delete"", ""target"": ""event"", ""payload"": ""team standup at 9am""}"
הסר event,clock_calendar,"{""action"": ""delete"", ""target"": ""event"", ""payload"": ""doctor appointment at 10am""}"
נקה event,clock_calendar,"{""action"": ""delete"", ""target"": ""event"", ""payload"": ""doctor appointment at 10am""}"
מחק event,clock_calendar,"{""action"": ""delete"", ""target"": ""event"", ""payload"": ""team standup at 9am""}"
היפטר מ-event,clock_calendar,"{""action"": ""delete"", ""target"": ""event"", ""payload"": ""lunch at 12:30""}"
event हटाओ,clock_calendar,"{""action"": ""delete"", ""target"": ""event"", ""payload"": ""team standup at 9am""}"
event हटाओ,clock_calendar,"{""action"": ""delete"", ""target"": ""event"", ""payload"": ""team standup at 9am""}"
event साफ करो,clock_calendar,"{""action"": ""delete"", ""target"": ""event"", ""payload"": ""lunch at 12:30""}"
event मिटाओ,clock_calendar,"{""action"": ""delete"", ""target"": ""event"", ""payload"": ""doctor appointment at 10am""}"
event से छुटकारा पाओ,clock_calendar,"{""action"": ""delete"", ""target"": ""event"", ""payload"": ""team standup at 9am""}"
Töröld a event,clock_calendar,"{""action"": ""delete"", ""target"": ""event"", ""payload"": ""doctor appointment at 10am""}"
 távolítsd el a event,clock_calendar,"{""action"": ""delete"", ""target"": ""event"", ""payload"": ""doctor appointment at 10am""}"
Töröld a event,clock_calendar,"{""action"": ""delete"", ""target"": ""event"", ""payload"": ""doctor appointment at 10am""}"
Töröld a event,clock_calendar,"{""action"": ""delete"", ""target"": ""event"", ""payload"": ""team standup at 9am""}"
Szabadulj meg a event,clock_calendar,"{""action"": ""delete"", ""target"": ""event"", ""payload"": ""lunch at 12:30""}"
Hapus event,clock_calendar,"{""action"": ""delete"", ""target"": ""event"", ""payload"": ""meeting tomorrow at 3pm""}"
Buang event,clock_calendar,"{""action"": ""delete"", ""target"": ""event"", ""payload"": ""lunch at 12:30""}"
Bersihkan event,clock_calendar,"{""action"": ""delete"", ""target"": ""event"", ""payload"": ""team standup at 9am""}"
Hapus event,clock_calendar,"{""action"": ""delete"", ""target"": ""event"", ""payload"": ""lunch at 12:30""}"
Singkirkan event,clock_calendar,"{""action"": ""delete"", ""target"": ""event"", ""payload"": ""meeting tomorrow at 3pm""}"
Elimina event,clock_calendar,"{""action"": ""delete"", ""target"": ""event"", ""payload"": ""lunch at 12:30""}"
Rimuovi event,clock_calendar,"{""action"": ""delete"", ""target"": ""event"", ""payload"": ""team standup at 9am""}"
Cancella event,clock_calendar,"{""action"": ""delete"", ""target"": ""event"", ""payload"": ""doctor appointment at 10am""}"
Cancella event,clock_calendar,"{""action"": ""delete"", ""target"": ""event"", ""payload"": ""meeting tomorrow at 3pm""}"
Sbarazzarsi di event,clock_calendar,"{""action"": ""delete"", ""target"": ""event"", ""payload"": ""lunch at 12:30""}"
eventを削除,clock_calendar,"{""action"": ""delete"", ""target"": ""event"", ""payload"": ""team standup at 9am""}"
eventを除去,clock_calendar,"{""action"": ""delete"", ""target"": ""event"", ""payload"": ""meeting tomorrow at 3pm""}"
eventをクリア,clock_calendar,"{""action"": ""delete"", ""target"": ""event"", ""payload"": ""meeting tomorrow at 3pm""}"
eventを消去,clock_calendar,"{""action"": ""delete"", ""target"": ""event"", ""payload"": ""lunch at 12:30""}"
eventをなくす,clock_calendar,"{""action"": ""delete"", ""target"": ""event"", ""payload"": ""team standup at 9am""}"
event 삭제,clock_calendar,"{""action"": ""delete"", ""target"": ""event"", ""payload"": ""team standup at 9am""}"
event 제거,clock_calendar,"{""action"": ""delete"", ""target"": ""event"", ""payload"": ""meeting tomorrow at 3pm""}"
event 지우기,clock_calendar,"{""action"": ""delete"", ""target"": ""event"", ""payload"": ""meeting tomorrow at 3pm""}"
event 지우기,clock_calendar,"{""action"": ""delete"", ""target"": ""event"", ""payload"": ""doctor appointment at 10am""}"
event 없애기,clock_calendar,"{""action"": ""delete"", ""target"": ""event"", ""payload"": ""lunch at 12:30""}"
event हटवा,clock_calendar,"{""action"": ""delete"", ""target"": ""event"", ""payload"": ""doctor appointment at 10am""}"
event काढा,clock_calendar,"{""action"": ""delete"", ""target"": ""event"", ""payload"": ""meeting tomorrow at 3pm""}"
event साफ करा,clock_calendar,"{""action"": ""delete"", ""target"": ""event"", ""payload"": ""meeting tomorrow at 3pm""}"
event हटवा,clock_calendar,"{""action"": ""delete"", ""target"": ""event"", ""payload"": ""team standup at 9am""}"
event पासून मुक्ती मिळवा,clock_calendar,"{""action"": ""delete"", ""target"": ""event"", ""payload"": ""team standup at 9am""}"
event را حذف کن,clock_calendar,"{""action"": ""delete"", ""target"": ""event"", ""payload"": ""doctor appointment at 10am""}"
event را بردار,clock_calendar,"{""action"": ""delete"", ""target"": ""event"", ""payload"": ""meeting tomorrow at 3pm""}"
event را پاک کن,clock_calendar,"{""action"": ""delete"", ""target"": ""event"", ""payload"": ""lunch at 12:30""}"
event را پاک کن,clock_calendar,"{""action"": ""delete"", ""target"": ""event"", ""payload"": ""team standup at 9am""}"
از event خلاص شو,clock_calendar,"{""action"": ""delete"", ""target"": ""event"", ""payload"": ""team standup at 9am""}"
Usuń event,clock_calendar,"{""action"": ""delete"", ""target"": ""event"", ""payload"": ""meeting tomorrow at 3pm""}"
Usuń event,clock_calendar,"{""action"": ""delete"", ""target"": ""event"", ""payload"": ""lunch at 12:30""}"
Wyczyść event,clock_calendar,"{""action"": ""delete"", ""target"": ""event"", ""payload"": ""doctor appointment at 10am""}"
Wyczyść event,clock_calendar,"{""action"": ""delete"", ""target"": ""event"", ""payload"": ""lunch at 12:30""}"
Pozbądź się event,clock_calendar,"{""action"": ""delete"", ""target"": ""event"", ""payload"": ""meeting tomorrow at 3pm""}"
Excluir event,clock_calendar,"{""action"": ""delete"", ""target"": ""event"", ""payload"": ""lunch at 12:30""}"
Remover event,clock_calendar,"{""action"": ""delete"", ""target"": ""event"", ""payload"": ""lunch at 12:30""}"
Limpar event,clock_calendar,"{""action"": ""delete"", ""target"": ""event"", ""payload"": ""meeting tomorrow at 3pm""}"
Apagar event,clock_calendar,"{""action"": ""delete"", ""target"": ""event"", ""payload"": ""doctor appointment at 10am""}"
Se livrar de event,clock_calendar,"{""action"": ""delete"", ""target"": ""event"", ""payload"": ""lunch at 12:30""}"
Șterge event,clock_calendar,"{""action"": ""delete"", ""target"": ""event"", ""payload"": ""meeting tomorrow at 3pm""}"
Elimină event,clock_calendar,"{""action"": ""delete"", ""target"": ""event"", ""payload"": ""lunch at 12:30""}"
Curăță event,clock_calendar,"{""action"": ""delete"", ""target"": ""event"", ""payload"": ""meeting tomorrow at 3pm""}"
Șterge event,clock_calendar,"{""action"": ""delete"", ""target"": ""event"", ""payload"": ""doctor appointment at 10am""}"
Scapă de event,clock_calendar,"{""action"": ""delete"", ""target"": ""event"", ""payload"": ""team standup at 9am""}"
Удали event,clock_calendar,"{""action"": ""delete"", ""target"": ""event"", ""payload"": ""doctor appointment at 10am""}"
Убери event,clock_calendar,"{""action"": ""delete"", ""target"": ""event"", ""payload"": ""team standup at 9am""}"
Очисти event,clock_calendar,"{""action"": ""delete"", ""target"": ""event"", ""payload"": ""team standup at 9am""}"
Сотри event,clock_calendar,"{""action"": ""delete"", ""target"": ""event"", ""payload"": ""lunch at 12:30""}"
Избавься от event,clock_calendar,"{""action"": ""delete"", ""target"": ""event"", ""payload"": ""meeting tomorrow at 3pm""}"
Eliminar event,clock_calendar,"{""action"": ""delete"", ""target"": ""event"", ""payload"": ""meeting tomorrow at 3pm""}"
Borrar event,clock_calendar,"{""action"": ""delete"", ""target"": ""event"", ""payload"": ""meeting tomorrow at 3pm""}"
Limpiar event,clock_calendar,"{""action"": ""delete"", ""target"": ""event"", ""payload"": ""doctor appointment at 10am""}"
Borrar event,clock_calendar,"{""action"": ""delete"", ""target"": ""event"", ""payload"": ""doctor appointment at 10am""}"
Deshacerse de event,clock_calendar,"{""action"": ""delete"", ""target"": ""event"", ""payload"": ""doctor appointment at 10am""}"
Futa event,clock_calendar,"{""action"": ""delete"", ""target"": ""event"", ""payload"": ""doctor appointment at 10am""}"
Ondoa event,clock_calendar,"{""action"": ""delete"", ""target"": ""event"", ""payload"": ""lunch at 12:30""}"
Safisha event,clock_calendar,"{""action"": ""delete"", ""target"": ""event"", ""payload"": ""lunch at 12:30""}"
Futa {target],clock_calendar,"{""action"": ""delete"", ""target"": ""event"", ""payload"": ""team standup at 9am""}"
Jikinga na event,clock_calendar,"{""action"": ""delete"", ""target"": ""event"", ""payload"": ""team standup at 9am""}"
event ஐ நீக்கு,clock_calendar,"{""action"": ""delete"", ""target"": ""event"", ""payload"": ""meeting tomorrow at 3pm""}"
event ஐ அகற்று,clock_calendar,"{""action"": ""delete"", ""target"": ""event"", ""payload"": ""doctor appointment at 10am""}"
event ஐ சுத்தம் செய்,clock_calendar,"{""action"": ""delete"", ""target"": ""event"", ""payload"": ""lunch at 12:30""}"
event ஐ நீக்கு,clock_calendar,"{""action"": ""delete"", ""target"": ""event"", ""payload"": ""team standup at 9am""}"
event இல் இருந்து விடுபடு,clock_calendar,"{""action"": ""delete"", ""target"": ""event"", ""payload"": ""meeting tomorrow at 3pm""}"
event ని తొలగించు,clock_calendar,"{""action"": ""delete"", ""target"": ""event"", ""payload"": ""meeting tomorrow at 3pm""}"
event ని తీసివేయి,clock_calendar,"{""action"": ""delete"", ""target"": ""event"", ""payload"": ""doctor appointment at 10am""}"
event ని శుభ్రం చేయి,clock_calendar,"{""action"": ""delete"", ""target"": ""event"", ""payload"": ""doctor appointment at 10am""}"
event ని తొలగించు,clock_calendar,"{""action"": ""delete"", ""target"": ""event"", ""payload"": ""meeting tomorrow at 3pm""}"
event నుండి విముక్తి పొందు,clock_calendar,"{""action"": ""delete"", ""target"": ""event"", ""payload"": ""doctor appointment at 10am""}"
ลบ event,clock_calendar,"{""action"": ""delete"", ""target"": ""event"", ""payload"": ""doctor appointment at 10am""}"
เอา event ออก,clock_calendar,"{""action"": ""delete"", ""target"": ""event"", ""payload"": ""team standup at 9am""}"
ล้าง event,clock_calendar,"{""action"": ""delete"", ""target"": ""event"", ""payload"": ""team standup at 9am""}"
ลบ event,clock_calendar,"{""action"": ""delete"", ""target"": ""event"", ""payload"": ""team standup at 9am""}"
กำจัด event,clock_calendar,"{""action"": ""delete"", ""target"": ""event"", ""payload"": ""lunch at 12:30""}"
event sil,clock_calendar,"{""action"": ""delete"", ""target"": ""event"", ""payload"": ""doctor appointment at 10am""}"
event kaldır,clock_calendar,"{""action"": ""delete"", ""target"": ""event"", ""payload"": ""team standup at 9am""}"
event temizle,clock_calendar,"{""action"": ""delete"", ""target"": ""event"", ""payload"": ""team standup at 9am""}"
event temizle,clock_calendar,"{""action"": ""delete"", ""target"": ""event"", ""payload"": ""meeting tomorrow at 3pm""}"
event kurtul,clock_calendar,"{""action"": ""delete"", ""target"": ""event"", ""payload"": ""team standup at 9am""}"
event حذف کرو,clock_calendar,"{""action"": ""delete"", ""target"": ""event"", ""payload"": ""meeting tomorrow at 3pm""}"
event ہٹاؤ,clock_calendar,"{""action"": ""delete"", ""target"": ""event"", ""payload"": ""doctor appointment at 10am""}"
event صاف کرو,clock_calendar,"{""action"": ""delete"", ""target"": ""event"", ""payload"": ""meeting tomorrow at 3pm""}"
event مٹاؤ,clock_calendar,"{""action"": ""delete"", ""target"": ""event"", ""payload"": ""team standup at 9am""}"
event سے نجات پاؤ,clock_calendar,"{""action"": ""delete"", ""target"": ""event"", ""payload"": ""lunch at 12:30""}"
Xóa event,clock_calendar,"{""action"": ""delete"", ""target"": ""event"", ""payload"": ""lunch at 12:30""}"
Loại bỏ event,clock_calendar,"{""action"": ""delete"", ""target"": ""event"", ""payload"": ""doctor appointment at 10am""}"
Xóa sạch event,clock_calendar,"{""action"": ""delete"", ""target"": ""event"", ""payload"": ""team standup at 9am""}"
Xóa event,clock_calendar,"{""action"": ""delete"", ""target"": ""event"", ""payload"": ""doctor appointment at 10am""}"
Loại bỏ event,clock_calendar,"{""action"": ""delete"", ""target"": ""event"", ""payload"": ""meeting tomorrow at 3pm""}"
ترجم إلى language_code: value,libretranslate,"{""action"": ""translate"", ""target"": ""language_code"", ""payload"": ""value""}"
كيف تقول value بالـ language_code؟,libretranslate,"{""action"": ""translate"", ""target"": ""language_code"", ""payload"": ""value""}"
language_code এ অনুবাদ করো: value,libretranslate,"{""action"": ""translate"", ""target"": ""language_code"", ""payload"": ""value""}"
value language_code এ কিভাবে বলে?,libretranslate,"{""action"": ""translate"", ""target"": ""language_code"", ""payload"": ""value""}"
翻译成language_code: value,libretranslate,"{""action"": ""translate"", ""target"": ""language_code"", ""payload"": ""value""}"
value用language_code怎么说？,libretranslate,"{""action"": ""translate"", ""target"": ""language_code"", ""payload"": ""value""}"
Přelož do language_code: value,libretranslate,"{""action"": ""translate"", ""target"": ""language_code"", ""payload"": ""value""}"
Jak se řekne value v language_code?,libretranslate,"{""action"": ""translate"", ""target"": ""language_code"", ""payload"": ""value""}"
Vertaal naar language_code: value,libretranslate,"{""action"": ""translate"", ""target"": ""language_code"", ""payload"": ""value""}"
Hoe zeg je value in language_code?,libretranslate,"{""action"": ""translate"", ""target"": ""language_code"", ""payload"": ""value""}"
Translate to language_code: value,libretranslate,"{""action"": ""translate"", ""target"": ""language_code"", ""payload"": ""value""}"
What is value in language_code?,libretranslate,"{""action"": ""translate"", ""target"": ""language_code"", ""payload"": ""value""}"
Translate value into language_code,libretranslate,"{""action"": ""translate"", ""target"": ""language_code"", ""payload"": ""value""}"
Traduire en language_code: value,libretranslate,"{""action"": ""translate"", ""target"": ""language_code"", ""payload"": ""value""}"
Comment dit-on value en language_code?,libretranslate,"{""action"": ""translate"", ""target"": ""language_code"", ""payload"": ""value""}"
Übersetze in language_code: value,libretranslate,"{""action"": ""translate"", ""target"": ""language_code"", ""payload"": ""value""}"
Wie sagt man value auf language_code?,libretranslate,"{""action"": ""translate"", ""target"": ""language_code"", ""payload"": ""value""}"
Μετάφρασε σε language_code: value,libretranslate,"{""action"": ""translate"", ""target"": ""language_code"", ""payload"": ""value""}"
Πώς λέγεται value στα language_code?,libretranslate,"{""action"": ""translate"", ""target"": ""language_code"", ""payload"": ""value""}"
תרגם ל-language_code: value,libretranslate,"{""action"": ""translate"", ""target"": ""language_code"", ""payload"": ""value""}"
איך אומרים language_code ב-value?,libretranslate,"{""action"": ""translate"", ""target"": ""language_code"", ""payload"": ""value""}"
language_code में अनुवाद करो: value,libretranslate,"{""action"": ""translate"", ""target"": ""language_code"", ""payload"": ""value""}"
value language_code में कैसे कहते हैं?,libretranslate,"{""action"": ""translate"", ""target"": ""language_code"", ""payload"": ""value""}"
Fordítsd le language_code-re: value,libretranslate,"{""action"": ""translate"", ""target"": ""language_code"", ""payload"": ""value""}"
Hogy mondják value language_code-ül?,libretranslate,"{""action"": ""translate"", ""target"": ""language_code"", ""payload"": ""value""}"
Terjemahkan ke language_code: value,libretranslate,"{""action"": ""translate"", ""target"": ""language_code"", ""payload"": ""value""}"
Apa value dalam language_code?,libretranslate,"{""action"": ""translate"", ""target"": ""language_code"", ""payload"": ""value""}"
Traduci in language_code: value,libretranslate,"{""action"": ""translate"", ""target"": ""language_code"", ""payload"": ""value""}"
Come si dice value in language_code?,libretranslate,"{""action"": ""translate"", ""target"": ""language_code"", ""payload"": ""value""}"
language_codeに翻訳: value,libretranslate,"{""action"": ""translate"", ""target"": ""language_code"", ""payload"": ""value""}"
valueはlanguage_codeでどう言う？,libretranslate,"{""action"": ""translate"", ""target"": ""language_code"", ""payload"": ""value""}"
language_code로 번역: value,libretranslate,"{""action"": ""translate"", ""target"": ""language_code"", ""payload"": ""value""}"
value를 language_code로 어떻게 말해?,libretranslate,"{""action"": ""translate"", ""target"": ""language_code"", ""payload"": ""value""}"
language_code मध्ये भाषांतर करा: value,libretranslate,"{""action"": ""translate"", ""target"": ""language_code"", ""payload"": ""value""}"
value language_code मध्ये कसे म्हणतात?,libretranslate,"{""action"": ""translate"", ""target"": ""language_code"", ""payload"": ""value""}"
ترجمه به language_code: value,libretranslate,"{""action"": ""translate"", ""target"": ""language_code"", ""payload"": ""value""}"
value به language_code چه می‌شود؟,libretranslate,"{""action"": ""translate"", ""target"": ""language_code"", ""payload"": ""value""}"
Przetłumacz na language_code: value,libretranslate,"{""action"": ""translate"", ""target"": ""language_code"", ""payload"": ""value""}"
Jak powiedzieć value po language_code?,libretranslate,"{""action"": ""translate"", ""target"": ""language_code"", ""payload"": ""value""}"
Traduzir para language_code: value,libretranslate,"{""action"": ""translate"", ""target"": ""language_code"", ""payload"": ""value""}"
Como se diz value em language_code?,libretranslate,"{""action"": ""translate"", ""target"": ""language_code"", ""payload"": ""value""}"
Tradu în language_code: value,libretranslate,"{""action"": ""translate"", ""target"": ""language_code"", ""payload"": ""value""}"
Cum se spune value în language_code?,libretranslate,"{""action"": ""translate"", ""target"": ""language_code"", ""payload"": ""value""}"
Переведи на language_code: value,libretranslate,"{""action"": ""translate"", ""target"": ""language_code"", ""payload"": ""value""}"
Как сказать value на language_code?,libretranslate,"{""action"": ""translate"", ""target"": ""language_code"", ""payload"": ""value""}"
Traducir a language_code: value,libretranslate,"{""action"": ""translate"", ""target"": ""language_code"", ""payload"": ""value""}"
¿Cómo se dice value en language_code?,libretranslate,"{""action"": ""translate"", ""target"": ""language_code"", ""payload"": ""value""}"
Tafsiri kuwa language_code: value,libretranslate,"{""action"": ""translate"", ""target"": ""language_code"", ""payload"": ""value""}"
value kwa language_code ni nini?,libretranslate,"{""action"": ""translate"", ""target"": ""language_code"", ""payload"": ""value""}"
language_code இல் மொழிபெயர்: value,libretranslate,"{""action"": ""translate"", ""target"": ""language_code"", ""payload"": ""value""}"
value language_code இல் என்ன?,libretranslate,"{""action"": ""translate"", ""target"": ""language_code"", ""payload"": ""value""}"
language_code కి అనువదించు: value,libretranslate,"{""action"": ""translate"", ""target"": ""language_code"", ""payload"": ""value""}"
value language_code లో ఏమిటి?,libretranslate,"{""action"": ""translate"", ""target"": ""language_code"", ""payload"": ""value""}"
แปลเป็น language_code: value,libretranslate,"{""action"": ""translate"", ""target"": ""language_code"", ""payload"": ""value""}"
value เป็น language_code ว่าอย่างไร?,libretranslate,"{""action"": ""translate"", ""target"": ""language_code"", ""payload"": ""value""}"
language_codee çevir: value,libretranslate,"{""action"": ""translate"", ""target"": ""language_code"", ""payload"": ""value""}"
value language_codede nasıl denir?,libretranslate,"{""action"": ""translate"", ""target"": ""language_code"", ""payload"": ""value""}"
language_code میں ترجمہ کرو: value,libretranslate,"{""action"": ""translate"", ""target"": ""language_code"", ""payload"": ""value""}"
value language_code میں کیسے کہتے ہیں؟,libretranslate,"{""action"": ""translate"", ""target"": ""language_code"", ""payload"": ""value""}"
Dịch sang language_code: value,libretranslate,"{""action"": ""translate"", ""target"": ""language_code"", ""payload"": ""value""}"
value tiếng language_code là gì?,libretranslate,"{""action"": ""translate"", ""target"": ""language_code"", ""payload"": ""value""}"
ما هذه اللغة: Hola mundo,libretranslate,"{""action"": ""detect"", ""payload"": ""Bonjour le monde""}"
اكتشف اللغة: Hello world,libretranslate,"{""action"": ""detect"", ""payload"": ""Bonjour le monde""}"
এটি কোন ভাষা: Hello world,libretranslate,"{""action"": ""detect"", ""payload"": ""Bonjour le monde""}"
ভাষা সনাক্ত করো: Hola mundo,libretranslate,"{""action"": ""detect"", ""payload"": ""Hola mundo""}"
这是什么语言: Bonjour le monde,libretranslate,"{""action"": ""detect"", ""payload"": ""Hello world""}"
检测语言: Hola mundo,libretranslate,"{""action"": ""detect"", ""payload"": ""Hello world""}"
Jaký jazyk toto je: Bonjour le monde,libretranslate,"{""action"": ""detect"", ""payload"": ""Bonjour le monde""}"
Rozpoznej jazyk: Bonjour le monde,libretranslate,"{""action"": ""detect"", ""payload"": ""Hello world""}"
Welke taal is dit: Hola mundo,libretranslate,"{""action"": ""detect"", ""payload"": ""Bonjour le monde""}"
Detecteer de taal: Hello world,libretranslate,"{""action"": ""detect"", ""payload"": ""Hola mundo""}"
What language is this: Hola mundo,libretranslate,"{""action"": ""detect"", ""payload"": ""Hello world""}"
Detect the language: Bonjour le monde,libretranslate,"{""action"": ""detect"", ""payload"": ""Hola mundo""}"
Identify the language of: Hello world,libretranslate,"{""action"": ""detect"", ""payload"": ""Hello world""}"
Quelle langue est-ce: Hola mundo,libretranslate,"{""action"": ""detect"", ""payload"": ""Hello world""}"
Détecte la langue: Bonjour le monde,libretranslate,"{""action"": ""detect"", ""payload"": ""Hello world""}"
Welche Sprache ist das: Hello world,libretranslate,"{""action"": ""detect"", ""payload"": ""Hello world""}"
Erkenne die Sprache: Hello world,libretranslate,"{""action"": ""detect"", ""payload"": ""Hola mundo""}"
Τι γλώσσα είναι αυτή: Bonjour le monde,libretranslate,"{""action"": ""detect"", ""payload"": ""Hello world""}"
Αναγνώρισε τη γλώσσα: Hello world,libretranslate,"{""action"": ""detect"", ""payload"": ""Hello world""}"
איזו שפה זו: Hello world,libretranslate,"{""action"": ""detect"", ""payload"": ""Hola mundo""}"
זהה את השפה: Hola mundo,libretranslate,"{""action"": ""detect"", ""payload"": ""Bonjour le monde""}"
यह कौन सी भाषा है: Hola mundo,libretranslate,"{""action"": ""detect"", ""payload"": ""Hello world""}"
भाषा पहचानो: Hola mundo,libretranslate,"{""action"": ""detect"", ""payload"": ""Hello world""}"
Milyen nyelv ez: Bonjour le monde,libretranslate,"{""action"": ""detect"", ""payload"": ""Bonjour le monde""}"
Ismerd fel a nyelvet: Hola mundo,libretranslate,"{""action"": ""detect"", ""payload"": ""Bonjour le monde""}"
Bahasa apa ini: Bonjour le monde,libretranslate,"{""action"": ""detect"", ""payload"": ""Hola mundo""}"
Deteksi bahasa: Bonjour le monde,libretranslate,"{""action"": ""detect"", ""payload"": ""Bonjour le monde""}"
Che lingua è questa: Hello world,libretranslate,"{""action"": ""detect"", ""payload"": ""Hola mundo""}"
Rileva la lingua: Bonjour le monde,libretranslate,"{""action"": ""detect"", ""payload"": ""Bonjour le monde""}"
これは何語: Hello world,libretranslate,"{""action"": ""detect"", ""payload"": ""Hola mundo""}"
言語を検出: Hello world,libretranslate,"{""action"": ""detect"", ""payload"": ""Hello world""}"
이것은 어떤 언어: Hola mundo,libretranslate,"{""action"": ""detect"", ""payload"": ""Bonjour le monde""}"
언어 감지: Bonjour le monde,libretranslate,"{""action"": ""detect"", ""payload"": ""Hola mundo""}"
ही कोणती भाषा आहे: Hello world,libretranslate,"{""action"": ""detect"", ""payload"": ""Hola mundo""}"
भाषा ओळखा: Bonjour le monde,libretranslate,"{""action"": ""detect"", ""payload"": ""Bonjour le monde""}"
این چه زبانی است: Hola mundo,libretranslate,"{""action"": ""detect"", ""payload"": ""Hello world""}"
زبان را تشخیص بده: Bonjour le monde,libretranslate,"{""action"": ""detect"", ""payload"": ""Hello world""}"
Jaki to język: Hola mundo,libretranslate,"{""action"": ""detect"", ""payload"": ""Hola mundo""}"
Wykryj język: Bonjour le monde,libretranslate,"{""action"": ""detect"", ""payload"": ""Bonjour le monde""}"
Que idioma é este: Hola mundo,libretranslate,"{""action"": ""detect"", ""payload"": ""Hello world""}"
Detecte o idioma: Hello world,libretranslate,"{""action"": ""detect"", ""payload"": ""Hola mundo""}"
Ce limbă este aceasta: Hello world,libretranslate,"{""action"": ""detect"", ""payload"": ""Bonjour le monde""}"
Detectează limba: Hola mundo,libretranslate,"{""action"": ""detect"", ""payload"": ""Hello world""}"
Какой это язык: Bonjour le monde,libretranslate,"{""action"": ""detect"", ""payload"": ""Bonjour le monde""}"
Определи язык: Hola mundo,libretranslate,"{""action"": ""detect"", ""payload"": ""Bonjour le monde""}"
¿Qué idioma es este: Hello world,libretranslate,"{""action"": ""detect"", ""payload"": ""Hola mundo""}"
Detecta el idioma: Bonjour le monde,libretranslate,"{""action"": ""detect"", ""payload"": ""Hello world""}"
Hii ni lugha gani: Bonjour le monde,libretranslate,"{""action"": ""detect"", ""payload"": ""Bonjour le monde""}"
Tambua lugha: Hola mundo,libretranslate,"{""action"": ""detect"", ""payload"": ""Bonjour le monde""}"
இது என்ன மொழி: Bonjour le monde,libretranslate,"{""action"": ""detect"", ""payload"": ""Hello world""}"
மொழியைக் கண்டறி: Bonjour le monde,libretranslate,"{""action"": ""detect"", ""payload"": ""Bonjour le monde""}"
ఇది ఏ భాష: Hello world,libretranslate,"{""action"": ""detect"", ""payload"": ""Bonjour le monde""}"
భాషను గుర్తించు: Hola mundo,libretranslate,"{""action"": ""detect"", ""payload"": ""Bonjour le monde""}"
นี่คือภาษาอะไร: Bonjour le monde,libretranslate,"{""action"": ""detect"", ""payload"": ""Bonjour le monde""}"
ตรวจจับภาษา: Bonjour le monde,libretranslate,"{""action"": ""detect"", ""payload"": ""Bonjour le monde""}"
Bu hangi dil: Hello world,libretranslate,"{""action"": ""detect"", ""payload"": ""Hola mundo""}"
Dili algıla: Hello world,libretranslate,"{""action"": ""detect"", ""payload"": ""Hola mundo""}"
یہ کون سی زبان ہے: Hola mundo,libretranslate,"{""action"": ""detect"", ""payload"": ""Hello world""}"
زبان پہچانو: Hello world,libretranslate,"{""action"": ""detect"", ""payload"": ""Hola mundo""}"
Đây là ngôn ngữ gì: Bonjour le monde,libretranslate,"{""action"": ""detect"", ""payload"": ""Hello world""}"
Phát hiện ngôn ngữ: Hola mundo,libretranslate,"{""action"": ""detect"", ""payload"": ""Bonjour le monde""}"
اعرض كل languages,libretranslate,"{""action"": ""list"", ""target"": ""languages"", ""payload"": ""value""}"
أرني كل languages,libretranslate,"{""action"": ""list"", ""target"": ""languages"", ""payload"": ""value""}"
ما هي languages الخاصة بي؟,libretranslate,"{""action"": ""list"", ""target"": ""languages"", ""payload"": ""value""}"
اعرض جميع languages,libretranslate,"{""action"": ""list"", ""target"": ""languages"", ""payload"": ""value""}"
সব languages দেখাও,libretranslate,"{""action"": ""list"", ""target"": ""languages"", ""payload"": ""value""}"
আমাকে languages দেখাও,libretranslate,"{""action"": ""list"", ""target"": ""languages"", ""payload"": ""value""}"
আমার কি কি languages আছে?,libretranslate,"{""action"": ""list"", ""target"": ""languages"", ""payload"": ""value""}"
সব languages প্রদর্শন করো,libretranslate,"{""action"": ""list"", ""target"": ""languages"", ""payload"": ""value""}"
列出所有languages,libretranslate,"{""action"": ""list"", ""target"": ""languages"", ""payload"": ""value""}"
显示languages,libretranslate,"{""action"": ""list"", ""target"": ""languages"", ""payload"": ""value""}"
我有哪些languages？,libretranslate,"{""action"": ""list"", ""target"": ""languages"", ""payload"": ""value""}"
显示所有languages,libretranslate,"{""action"": ""list"", ""target"": ""languages"", ""payload"": ""value""}"
Zobraz všechny languages,libretranslate,"{""action"": ""list"", ""target"": ""languages"", ""payload"": ""value""}"
Ukaž mi všechny languages,libretranslate,"{""action"": ""list"", ""target"": ""languages"", ""payload"": ""value""}"
Jaké languages mám?,libretranslate,"{""action"": ""list"", ""target"": ""languages"", ""payload"": ""value""}"
Zobraz všechny languages,libretranslate,"{""action"": ""list"", ""target"": ""languages"", ""payload"": ""value""}"
Toon alle languages,libretranslate,"{""action"": ""list"", ""target"": ""languages"", ""payload"": ""value""}"
Laat alle languages zien,libretranslate,"{""action"": ""list"", ""target"": ""languages"", ""payload"": ""value""}"
Welke languages heb ik?,libretranslate,"{""action"": ""list"", ""target"": ""languages"", ""payload"": ""value""}"
Toon alle languages,libretranslate,"{""action"": ""list"", ""target"": ""languages"", ""payload"": ""value""}"
List all languages,libretranslate,"{""action"": ""list"", ""target"": ""languages"", ""payload"": ""value""}"
Show me languages,libretranslate,"{""action"": ""list"", ""target"": ""languages"", ""payload"": ""value""}"
What languages do I have?,libretranslate,"{""action"": ""list"", ""target"": ""languages"", ""payload"": ""value""}"
Display all languages,libretranslate,"{""action"": ""list"", ""target"": ""languages"", ""payload"": ""value""}"
Show all languages,libretranslate,"{""action"": ""list"", ""target"": ""languages"", ""payload"": ""value""}"
Liste les languages,libretranslate,"{""action"": ""list"", ""target"": ""languages"", ""payload"": ""value""}"
Montre-moi les languages,libretranslate,"{""action"": ""list"", ""target"": ""languages"", ""payload"": ""value""}"
Quels languages ai-je?,libretranslate,"{""action"": ""list"", ""target"": ""languages"", ""payload"": ""value""}"
Affiche tous les languages,libretranslate,"{""action"": ""list"", ""target"": ""languages"", ""payload"": ""value""}"
Liste alle languages auf,libretranslate,"{""action"": ""list"", ""target"": ""languages"", ""payload"": ""value""}"
Zeig mir alle languages,libretranslate,"{""action"": ""list"", ""target"": ""languages"", ""payload"": ""value""}"
Welche languages habe ich?,libretranslate,"{""action"": ""list"", ""target"": ""languages"", ""payload"": ""value""}"
Zeige alle languages,libretranslate,"{""action"": ""list"", ""target"": ""languages"", ""payload"": ""value""}"
Εμφάνισε όλα τα languages,libretranslate,"{""action"": ""list"", ""target"": ""languages"", ""payload"": ""value""}"
Δείξε μου όλα τα languages,libretranslate,"{""action"": ""list"", ""target"": ""languages"", ""payload"": ""value""}"
Τι languages έχω;,libretranslate,"{""action"": ""list"", ""target"": ""languages"", ""payload"": ""value""}"
Εμφάνισε όλα τα languages,libretranslate,"{""action"": ""list"", ""target"": ""languages"", ""payload"": ""value""}"
הצג את כל ה-languages,libretranslate,"{""action"": ""list"", ""target"": ""languages"", ""payload"": ""value""}"
הראה לי את כל ה-languages,libretranslate,"{""action"": ""list"", ""target"": ""languages"", ""payload"": ""value""}"
אילו languages יש לי?,libretranslate,"{""action"": ""list"", ""target"": ""languages"", ""payload"": ""value""}"
הצג את כל ה-languages,libretranslate,"{""action"": ""list"", ""target"": ""languages"", ""payload"": ""value""}"
सभी languages दिखाओ,libretranslate,"{""action"": ""list"", ""target"": ""languages"", ""payload"": ""value""}"
मुझे languages दिखाओ,libretranslate,"{""action"": ""list"", ""target"": ""languages"", ""payload"": ""value""}"
मेरे पास कौन से languages हैं?,libretranslate,"{""action"": ""list"", ""target"": ""languages"", ""payload"": ""value""}"
सभी languages प्रदर्शित करो,libretranslate,"{""action"": ""list"", ""target"": ""languages"", ""payload"": ""value""}"
Listázd az összes languages,libretranslate,"{""action"": ""list"", ""target"": ""languages"", ""payload"": ""value""}"
Mutasd az összes languages,libretranslate,"{""action"": ""list"", ""target"": ""languages"", ""payload"": ""value""}"
Milyen languages-eim vannak?,libretranslate,"{""action"": ""list"", ""target"": ""languages"", ""payload"": ""value""}"
Az összes languages megjelenítése,libretranslate,"{""action"": ""list"", ""target"": ""languages"", ""payload"": ""value""}"
Tampilkan semua languages,libretranslate,"{""action"": ""list"", ""target"": ""languages"", ""payload"": ""value""}"
Tunjukkan semua languages,libretranslate,"{""action"": ""list"", ""target"": ""languages"", ""payload"": ""value""}"
Apa saja languages yang saya punya?,libretranslate,"{""action"": ""list"", ""target"": ""languages"", ""payload"": ""value""}"
Tampilkan semua languages,libretranslate,"{""action"": ""list"", ""target"": ""languages"", ""payload"": ""value""}"
Elenca tutti i languages,libretranslate,"{""action"": ""list"", ""target"": ""languages"", ""payload"": ""value""}"
Mostrami i languages,libretranslate,"{""action"": ""list"", ""target"": ""languages"", ""payload"": ""value""}"
Quali languages ho?,libretranslate,"{""action"": ""list"", ""target"": ""languages"", ""payload"": ""value""}"
Mostra tutti i languages,libretranslate,"{""action"": ""list"", ""target"": ""languages"", ""payload"": ""value""}"
すべてのlanguagesを一覧,libretranslate,"{""action"": ""list"", ""target"": ""languages"", ""payload"": ""value""}"
languagesを見せて,libretranslate,"{""action"": ""list"", ""target"": ""languages"", ""payload"": ""value""}"
どんなlanguagesがある？,libretranslate,"{""action"": ""list"", ""target"": ""languages"", ""payload"": ""value""}"
すべてのlanguagesを表示,libretranslate,"{""action"": ""list"", ""target"": ""languages"", ""payload"": ""value""}"
모든 languages 목록,libretranslate,"{""action"": ""list"", ""target"": ""languages"", ""payload"": ""value""}"
languages 보여줘,libretranslate,"{""action"": ""list"", ""target"": ""languages"", ""payload"": ""value""}"
어떤 languages가 있어?,libretranslate,"{""action"": ""list"", ""target"": ""languages"", ""payload"": ""value""}"
모든 languages 표시,libretranslate,"{""action"": ""list"", ""target"": ""languages"", ""payload"": ""value""}"
सर्व languages दाखवा,libretranslate,"{""action"": ""list"", ""target"": ""languages"", ""payload"": ""value""}"
मला languages दाखवा,libretranslate,"{""action"": ""list"", ""target"": ""languages"", ""payload"": ""value""}"
माझ्याकडे कोणते languages आहेत?,libretranslate,"{""action"": ""list"", ""target"": ""languages"", ""payload"": ""value""}"
सर्व languages दर्शवा,libretranslate,"{""action"": ""list"", ""target"": ""languages"", ""payload"": ""value""}"
همه languages را لیست کن,libretranslate,"{""action"": ""list"", ""target"": ""languages"", ""payload"": ""value""}"
همه languages را نشان بده,libretranslate,"{""action"": ""list"", ""target"": ""languages"", ""payload"": ""value""}"
چه languages هایی دارم؟,libretranslate,"{""action"": ""list"", ""target"": ""languages"", ""payload"": ""value""}"
همه languages را نمایش بده,libretranslate,"{""action"": ""list"", ""target"": ""languages"", ""payload"": ""value""}"
Pokaż wszystkie languages,libretranslate,"{""action"": ""list"", ""target"": ""languages"", ""payload"": ""value""}"
Wyświetl wszystkie languages,libretranslate,"{""action"": ""list"", ""target"": ""languages"", ""payload"": ""value""}"
Jakie languages mam?,libretranslate,"{""action"": ""list"", ""target"": ""languages"", ""payload"": ""value""}"
Wyświetl wszystkie languages,libretranslate,"{""action"": ""list"", ""target"": ""languages"", ""payload"": ""value""}"
Liste todos os languages,libretranslate,"{""action"": ""list"", ""target"": ""languages"", ""payload"": ""value""}"
Mostre-me os languages,libretranslate,"{""action"": ""list"", ""target"": ""languages"", ""payload"": ""value""}"
Quais languages eu tenho?,libretranslate,"{""action"": ""list"", ""target"": ""languages"", ""payload"": ""value""}"
Exiba todos os languages,libretranslate,"{""action"": ""list"", ""target"": ""languages"", ""payload"": ""value""}"
Listează toate languages,libretranslate,"{""action"": ""list"", ""target"": ""languages"", ""payload"": ""value""}"
Arată-mi toate languages,libretranslate,"{""action"": ""list"", ""target"": ""languages"", ""payload"": ""value""}"
Ce languages am?,libretranslate,"{""action"": ""list"", ""target"": ""languages"", ""payload"": ""value""}"
Afișează toate languages,libretranslate,"{""action"": ""list"", ""target"": ""languages"", ""payload"": ""value""}"
Покажи все languages,libretranslate,"{""action"": ""list"", ""target"": ""languages"", ""payload"": ""value""}"
Все languages,libretranslate,"{""action"": ""list"", ""target"": ""languages"", ""payload"": ""value""}"
Какие languages у меня есть?,libretranslate,"{""action"": ""list"", ""target"": ""languages"", ""payload"": ""value""}"
Отобрази все languages,libretranslate,"{""action"": ""list"", ""target"": ""languages"", ""payload"": ""value""}"
Lista todos los languages,libretranslate,"{""action"": ""list"", ""target"": ""languages"", ""payload"": ""value""}"
Muéstrame los languages,libretranslate,"{""action"": ""list"", ""target"": ""languages"", ""payload"": ""value""}"
¿Qué languages tengo?,libretranslate,"{""action"": ""list"", ""target"": ""languages"", ""payload"": ""value""}"
Muestra todos los languages,libretranslate,"{""action"": ""list"", ""target"": ""languages"", ""payload"": ""value""}"
Orodha ya languages zote,libretranslate,"{""action"": ""list"", ""target"": ""languages"", ""payload"": ""value""}"
Nionyeshe languages,libretranslate,"{""action"": ""list"", ""target"": ""languages"", ""payload"": ""value""}"
Nina languages gani?,libretranslate,"{""action"": ""list"", ""target"": ""languages"", ""payload"": ""value""}"
Onyesha languages zote,libretranslate,"{""action"": ""list"", ""target"": ""languages"", ""payload"": ""value""}"
அனைத்து languages ஐயும் பட்டியலிடு,libretranslate,"{""action"": ""list"", ""target"": ""languages"", ""payload"": ""value""}"
எனக்கு languages ஐ காட்டு,libretranslate,"{""action"": ""list"", ""target"": ""languages"", ""payload"": ""value""}"
என்னிடம் என்ன languages உள்ளது?,libretranslate,"{""action"": ""list"", ""target"": ""languages"", ""payload"": ""value""}"
அனைத்து languages ஐயும் காட்டு,libretranslate,"{""action"": ""list"", ""target"": ""languages"", ""payload"": ""value""}"
అన్ని languages ని జాబితా చేయి,libretranslate,"{""action"": ""list"", ""target"": ""languages"", ""payload"": ""value""}"
నాకు languages చూపించు,libretranslate,"{""action"": ""list"", ""target"": ""languages"", ""payload"": ""value""}"
నా దగ్గర ఏ languages ఉన్నాయి?,libretranslate,"{""action"": ""list"", ""target"": ""languages"", ""payload"": ""value""}"
అన్ని languages చూపించు,libretranslate,"{""action"": ""list"", ""target"": ""languages"", ""payload"": ""value""}"
แสดง languages ทั้งหมด,libretranslate,"{""action"": ""list"", ""target"": ""languages"", ""payload"": ""value""}"
ให้ฉันดู languages,libretranslate,"{""action"": ""list"", ""target"": ""languages"", ""payload"": ""value""}"
ฉันมี languages อะไรบ้าง?,libretranslate,"{""action"": ""list"", ""target"": ""languages"", ""payload"": ""value""}"
แสดง languages ทั้งหมด,libretranslate,"{""action"": ""list"", ""target"": ""languages"", ""payload"": ""value""}"
Tüm languages listele,libretranslate,"{""action"": ""list"", ""target"": ""languages"", ""payload"": ""value""}"
Bana languages göster,libretranslate,"{""action"": ""list"", ""target"": ""languages"", ""payload"": ""value""}"
Hangi languageslerim var?,libretranslate,"{""action"": ""list"", ""target"": ""languages"", ""payload"": ""value""}"
Tüm languagesleri göster,libretranslate,"{""action"": ""list"", ""target"": ""languages"", ""payload"": ""value""}"
تمام languages فہرست کرو,libretranslate,"{""action"": ""list"", ""target"": ""languages"", ""payload"": ""value""}"
مجھے languages دکھاؤ,libretranslate,"{""action"": ""list"", ""target"": ""languages"", ""payload"": ""value""}"
میرے پاس کون کون سے languages ہیں؟,libretranslate,"{""action"": ""list"", ""target"": ""languages"", ""payload"": ""value""}"
تمام languages دکھاؤ,libretranslate,"{""action"": ""list"", ""target"": ""languages"", ""payload"": ""value""}"
Liệt kê tất cả languages,libretranslate,"{""action"": ""list"", ""target"": ""languages"", ""payload"": ""value""}"
Cho tôi xem languages,libretranslate,"{""action"": ""list"", ""target"": ""languages"", ""payload"": ""value""}"
Tôi có những languages nào?,libretranslate,"{""action"": ""list"", ""target"": ""languages"", ""payload"": ""value""}"
Hiển thị tất cả languages,libretranslate,"{""action"": ""list"", ""target"": ""languages"", ""payload"": ""value""}"
اعرض كل installed,libretranslate,"{""action"": ""list"", ""target"": ""installed"", ""payload"": ""value""}"
أرني كل installed,libretranslate,"{""action"": ""list"", ""target"": ""installed"", ""payload"": ""value""}"
ما هي installed الخاصة بي؟,libretranslate,"{""action"": ""list"", ""target"": ""installed"", ""payload"": ""value""}"
اعرض جميع installed,libretranslate,"{""action"": ""list"", ""target"": ""installed"", ""payload"": ""value""}"
সব installed দেখাও,libretranslate,"{""action"": ""list"", ""target"": ""installed"", ""payload"": ""value""}"
আমাকে installed দেখাও,libretranslate,"{""action"": ""list"", ""target"": ""installed"", ""payload"": ""value""}"
আমার কি কি installed আছে?,libretranslate,"{""action"": ""list"", ""target"": ""installed"", ""payload"": ""value""}"
সব installed প্রদর্শন করো,libretranslate,"{""action"": ""list"", ""target"": ""installed"", ""payload"": ""value""}"
列出所有installed,libretranslate,"{""action"": ""list"", ""target"": ""installed"", ""payload"": ""value""}"
显示installed,libretranslate,"{""action"": ""list"", ""target"": ""installed"", ""payload"": ""value""}"
我有哪些installed？,libretranslate,"{""action"": ""list"", ""target"": ""installed"", ""payload"": ""value""}"
显示所有installed,libretranslate,"{""action"": ""list"", ""target"": ""installed"", ""payload"": ""value""}"
Zobraz všechny installed,libretranslate,"{""action"": ""list"", ""target"": ""installed"", ""payload"": ""value""}"
Ukaž mi všechny installed,libretranslate,"{""action"": ""list"", ""target"": ""installed"", ""payload"": ""value""}"
Jaké installed mám?,libretranslate,"{""action"": ""list"", ""target"": ""installed"", ""payload"": ""value""}"
Zobraz všechny installed,libretranslate,"{""action"": ""list"", ""target"": ""installed"", ""payload"": ""value""}"
Toon alle installed,libretranslate,"{""action"": ""list"", ""target"": ""installed"", ""payload"": ""value""}"
Laat alle installed zien,libretranslate,"{""action"": ""list"", ""target"": ""installed"", ""payload"": ""value""}"
Welke installed heb ik?,libretranslate,"{""action"": ""list"", ""target"": ""installed"", ""payload"": ""value""}"
Toon alle installed,libretranslate,"{""action"": ""list"", ""target"": ""installed"", ""payload"": ""value""}"
List all installed,libretranslate,"{""action"": ""list"", ""target"": ""installed"", ""payload"": ""value""}"
Show me installed,libretranslate,"{""action"": ""list"", ""target"": ""installed"", ""payload"": ""value""}"
What installed do I have?,libretranslate,"{""action"": ""list"", ""target"": ""installed"", ""payload"": ""value""}"
Display all installed,libretranslate,"{""action"": ""list"", ""target"": ""installed"", ""payload"": ""value""}"
Show all installed,libretranslate,"{""action"": ""list"", ""target"": ""installed"", ""payload"": ""value""}"
Liste les installed,libretranslate,"{""action"": ""list"", ""target"": ""installed"", ""payload"": ""value""}"
Montre-moi les installed,libretranslate,"{""action"": ""list"", ""target"": ""installed"", ""payload"": ""value""}"
Quels installed ai-je?,libretranslate,"{""action"": ""list"", ""target"": ""installed"", ""payload"": ""value""}"
Affiche tous les installed,libretranslate,"{""action"": ""list"", ""target"": ""installed"", ""payload"": ""value""}"
Liste alle installed auf,libretranslate,"{""action"": ""list"", ""target"": ""installed"", ""payload"": ""value""}"
Zeig mir alle installed,libretranslate,"{""action"": ""list"", ""target"": ""installed"", ""payload"": ""value""}"
Welche installed habe ich?,libretranslate,"{""action"": ""list"", ""target"": ""installed"", ""payload"": ""value""}"
Zeige alle installed,libretranslate,"{""action"": ""list"", ""target"": ""installed"", ""payload"": ""value""}"
Εμφάνισε όλα τα installed,libretranslate,"{""action"": ""list"", ""target"": ""installed"", ""payload"": ""value""}"
Δείξε μου όλα τα installed,libretranslate,"{""action"": ""list"", ""target"": ""installed"", ""payload"": ""value""}"
Τι installed έχω;,libretranslate,"{""action"": ""list"", ""target"": ""installed"", ""payload"": ""value""}"
Εμφάνισε όλα τα installed,libretranslate,"{""action"": ""list"", ""target"": ""installed"", ""payload"": ""value""}"
הצג את כל ה-installed,libretranslate,"{""action"": ""list"", ""target"": ""installed"", ""payload"": ""value""}"
הראה לי את כל ה-installed,libretranslate,"{""action"": ""list"", ""target"": ""installed"", ""payload"": ""value""}"
אילו installed יש לי?,libretranslate,"{""action"": ""list"", ""target"": ""installed"", ""payload"": ""value""}"
הצג את כל ה-installed,libretranslate,"{""action"": ""list"", ""target"": ""installed"", ""payload"": ""value""}"
सभी installed दिखाओ,libretranslate,"{""action"": ""list"", ""target"": ""installed"", ""payload"": ""value""}"
मुझे installed दिखाओ,libretranslate,"{""action"": ""list"", ""target"": ""installed"", ""payload"": ""value""}"
मेरे पास कौन से installed हैं?,libretranslate,"{""action"": ""list"", ""target"": ""installed"", ""payload"": ""value""}"
सभी installed प्रदर्शित करो,libretranslate,"{""action"": ""list"", ""target"": ""installed"", ""payload"": ""value""}"
Listázd az összes installed,libretranslate,"{""action"": ""list"", ""target"": ""installed"", ""payload"": ""value""}"
Mutasd az összes installed,libretranslate,"{""action"": ""list"", ""target"": ""installed"", ""payload"": ""value""}"
Milyen installed-eim vannak?,libretranslate,"{""action"": ""list"", ""target"": ""installed"", ""payload"": ""value""}"
Az összes installed megjelenítése,libretranslate,"{""action"": ""list"", ""target"": ""installed"", ""payload"": ""value""}"
Tampilkan semua installed,libretranslate,"{""action"": ""list"", ""target"": ""installed"", ""payload"": ""value""}"
Tunjukkan semua installed,libretranslate,"{""action"": ""list"", ""target"": ""installed"", ""payload"": ""value""}"
Apa saja installed yang saya punya?,libretranslate,"{""action"": ""list"", ""target"": ""installed"", ""payload"": ""value""}"
Tampilkan semua installed,libretranslate,"{""action"": ""list"", ""target"": ""installed"", ""payload"": ""value""}"
Elenca tutti i installed,libretranslate,"{""action"": ""list"", ""target"": ""installed"", ""payload"": ""value""}"
Mostrami i installed,libretranslate,"{""action"": ""list"", ""target"": ""installed"", ""payload"": ""value""}"
Quali installed ho?,libretranslate,"{""action"": ""list"", ""target"": ""installed"", ""payload"": ""value""}"
Mostra tutti i installed,libretranslate,"{""action"": ""list"", ""target"": ""installed"", ""payload"": ""value""}"
すべてのinstalledを一覧,libretranslate,"{""action"": ""list"", ""target"": ""installed"", ""payload"": ""value""}"
installedを見せて,libretranslate,"{""action"": ""list"", ""target"": ""installed"", ""payload"": ""value""}"
どんなinstalledがある？,libretranslate,"{""action"": ""list"", ""target"": ""installed"", ""payload"": ""value""}"
すべてのinstalledを表示,libretranslate,"{""action"": ""list"", ""target"": ""installed"", ""payload"": ""value""}"
모든 installed 목록,libretranslate,"{""action"": ""list"", ""target"": ""installed"", ""payload"": ""value""}"
installed 보여줘,libretranslate,"{""action"": ""list"", ""target"": ""installed"", ""payload"": ""value""}"
어떤 installed가 있어?,libretranslate,"{""action"": ""list"", ""target"": ""installed"", ""payload"": ""value""}"
모든 installed 표시,libretranslate,"{""action"": ""list"", ""target"": ""installed"", ""payload"": ""value""}"
सर्व installed दाखवा,libretranslate,"{""action"": ""list"", ""target"": ""installed"", ""payload"": ""value""}"
मला installed दाखवा,libretranslate,"{""action"": ""list"", ""target"": ""installed"", ""payload"": ""value""}"
माझ्याकडे कोणते installed आहेत?,libretranslate,"{""action"": ""list"", ""target"": ""installed"", ""payload"": ""value""}"
सर्व installed दर्शवा,libretranslate,"{""action"": ""list"", ""target"": ""installed"", ""payload"": ""value""}"
همه installed را لیست کن,libretranslate,"{""action"": ""list"", ""target"": ""installed"", ""payload"": ""value""}"
همه installed را نشان بده,libretranslate,"{""action"": ""list"", ""target"": ""installed"", ""payload"": ""value""}"
چه installed هایی دارم؟,libretranslate,"{""action"": ""list"", ""target"": ""installed"", ""payload"": ""value""}"
همه installed را نمایش بده,libretranslate,"{""action"": ""list"", ""target"": ""installed"", ""payload"": ""value""}"
Pokaż wszystkie installed,libretranslate,"{""action"": ""list"", ""target"": ""installed"", ""payload"": ""value""}"
Wyświetl wszystkie installed,libretranslate,"{""action"": ""list"", ""target"": ""installed"", ""payload"": ""value""}"
Jakie installed mam?,libretranslate,"{""action"": ""list"", ""target"": ""installed"", ""payload"": ""value""}"
Wyświetl wszystkie installed,libretranslate,"{""action"": ""list"", ""target"": ""installed"", ""payload"": ""value""}"
Liste todos os installed,libretranslate,"{""action"": ""list"", ""target"": ""installed"", ""payload"": ""value""}"
Mostre-me os installed,libretranslate,"{""action"": ""list"", ""target"": ""installed"", ""payload"": ""value""}"
Quais installed eu tenho?,libretranslate,"{""action"": ""list"", ""target"": ""installed"", ""payload"": ""value""}"
Exiba todos os installed,libretranslate,"{""action"": ""list"", ""target"": ""installed"", ""payload"": ""value""}"
Listează toate installed,libretranslate,"{""action"": ""list"", ""target"": ""installed"", ""payload"": ""value""}"
Arată-mi toate installed,libretranslate,"{""action"": ""list"", ""target"": ""installed"", ""payload"": ""value""}"
Ce installed am?,libretranslate,"{""action"": ""list"", ""target"": ""installed"", ""payload"": ""value""}"
Afișează toate installed,libretranslate,"{""action"": ""list"", ""target"": ""installed"", ""payload"": ""value""}"
Покажи все installed,libretranslate,"{""action"": ""list"", ""target"": ""installed"", ""payload"": ""value""}"
Все installed,libretranslate,"{""action"": ""list"", ""target"": ""installed"", ""payload"": ""value""}"
Какие installed у меня есть?,libretranslate,"{""action"": ""list"", ""target"": ""installed"", ""payload"": ""value""}"
Отобрази все installed,libretranslate,"{""action"": ""list"", ""target"": ""installed"", ""payload"": ""value""}"
Lista todos los installed,libretranslate,"{""action"": ""list"", ""target"": ""installed"", ""payload"": ""value""}"
Muéstrame los installed,libretranslate,"{""action"": ""list"", ""target"": ""installed"", ""payload"": ""value""}"
¿Qué installed tengo?,libretranslate,"{""action"": ""list"", ""target"": ""installed"", ""payload"": ""value""}"
Muestra todos los installed,libretranslate,"{""action"": ""list"", ""target"": ""installed"", ""payload"": ""value""}"
Orodha ya installed zote,libretranslate,"{""action"": ""list"", ""target"": ""installed"", ""payload"": ""value""}"
Nionyeshe installed,libretranslate,"{""action"": ""list"", ""target"": ""installed"", ""payload"": ""value""}"
Nina installed gani?,libretranslate,"{""action"": ""list"", ""target"": ""installed"", ""payload"": ""value""}"
Onyesha installed zote,libretranslate,"{""action"": ""list"", ""target"": ""installed"", ""payload"": ""value""}"
அனைத்து installed ஐயும் பட்டியலிடு,libretranslate,"{""action"": ""list"", ""target"": ""installed"", ""payload"": ""value""}"
எனக்கு installed ஐ காட்டு,libretranslate,"{""action"": ""list"", ""target"": ""installed"", ""payload"": ""value""}"
என்னிடம் என்ன installed உள்ளது?,libretranslate,"{""action"": ""list"", ""target"": ""installed"", ""payload"": ""value""}"
அனைத்து installed ஐயும் காட்டு,libretranslate,"{""action"": ""list"", ""target"": ""installed"", ""payload"": ""value""}"
అన్ని installed ని జాబితా చేయి,libretranslate,"{""action"": ""list"", ""target"": ""installed"", ""payload"": ""value""}"
నాకు installed చూపించు,libretranslate,"{""action"": ""list"", ""target"": ""installed"", ""payload"": ""value""}"
నా దగ్గర ఏ installed ఉన్నాయి?,libretranslate,"{""action"": ""list"", ""target"": ""installed"", ""payload"": ""value""}"
అన్ని installed చూపించు,libretranslate,"{""action"": ""list"", ""target"": ""installed"", ""payload"": ""value""}"
แสดง installed ทั้งหมด,libretranslate,"{""action"": ""list"", ""target"": ""installed"", ""payload"": ""value""}"
ให้ฉันดู installed,libretranslate,"{""action"": ""list"", ""target"": ""installed"", ""payload"": ""value""}"
ฉันมี installed อะไรบ้าง?,libretranslate,"{""action"": ""list"", ""target"": ""installed"", ""payload"": ""value""}"
แสดง installed ทั้งหมด,libretranslate,"{""action"": ""list"", ""target"": ""installed"", ""payload"": ""value""}"
Tüm installed listele,libretranslate,"{""action"": ""list"", ""target"": ""installed"", ""payload"": ""value""}"
Bana installed göster,libretranslate,"{""action"": ""list"", ""target"": ""installed"", ""payload"": ""value""}"
Hangi installedlerim var?,libretranslate,"{""action"": ""list"", ""target"": ""installed"", ""payload"": ""value""}"
Tüm installedleri göster,libretranslate,"{""action"": ""list"", ""target"": ""installed"", ""payload"": ""value""}"
تمام installed فہرست کرو,libretranslate,"{""action"": ""list"", ""target"": ""installed"", ""payload"": ""value""}"
مجھے installed دکھاؤ,libretranslate,"{""action"": ""list"", ""target"": ""installed"", ""payload"": ""value""}"
میرے پاس کون کون سے installed ہیں؟,libretranslate,"{""action"": ""list"", ""target"": ""installed"", ""payload"": ""value""}"
تمام installed دکھاؤ,libretranslate,"{""action"": ""list"", ""target"": ""installed"", ""payload"": ""value""}"
Liệt kê tất cả installed,libretranslate,"{""action"": ""list"", ""target"": ""installed"", ""payload"": ""value""}"
Cho tôi xem installed,libretranslate,"{""action"": ""list"", ""target"": ""installed"", ""payload"": ""value""}"
Tôi có những installed nào?,libretranslate,"{""action"": ""list"", ""target"": ""installed"", ""payload"": ""value""}"
Hiển thị tất cả installed,libretranslate,"{""action"": ""list"", ""target"": ""installed"", ""payload"": ""value""}"
أرسل هذا للذكاء الاصطناعي: tell me about the history of Rome,llm,"{""action"": ""forward"", ""target"": ""ai"", ""payload"": ""write a poem about the ocean""}"
اسأل الذكاء الاصطناعي: explain quantum physics simply,llm,"{""action"": ""forward"", ""target"": ""ai"", ""payload"": ""explain quantum physics simply""}"
مرر هذا للذكاء الاصطناعي: what is machine learning,llm,"{""action"": ""forward"", ""target"": ""ai"", ""payload"": ""tell me a story about space""}"
وجّه للذكاء الاصطناعي: explain quantum physics simply,llm,"{""action"": ""forward"", ""target"": ""ai"", ""payload"": ""tell me about the history of Rome""}"
এটা AI এর কাছে পাঠাও: what is machine learning,llm,"{""action"": ""forward"", ""target"": ""ai"", ""payload"": ""explain quantum physics simply""}"
AI কে জিজ্ঞেস করো: give me advice on public speaking,llm,"{""action"": ""forward"", ""target"": ""ai"", ""payload"": ""give me advice on public speaking""}"
AI কে এটা দাও: how do I learn a new language,llm,"{""action"": ""forward"", ""target"": ""ai"", ""payload"": ""what is machine learning""}"
AI এর কাছে ফরোয়ার্ড করো: what are the benefits of meditation,llm,"{""action"": ""forward"", ""target"": ""ai"", ""payload"": ""what are the benefits of meditation""}"
转发给AI: give me advice on public speaking,llm,"{""action"": ""forward"", ""target"": ""ai"", ""payload"": ""explain how photosynthesis works""}"
发送给AI: tell me a story about space,llm,"{""action"": ""forward"", ""target"": ""ai"", ""payload"": ""tell me about the history of Rome""}"
问AI: what is the meaning of life,llm,"{""action"": ""forward"", ""target"": ""ai"", ""payload"": ""explain quantum physics simply""}"
把这个交给AI: tell me a story about space,llm,"{""action"": ""forward"", ""target"": ""ai"", ""payload"": ""write a poem about the ocean""}"
Forward this to the AI: what are the benefits of meditation,llm,"{""action"": ""forward"", ""target"": ""ai"", ""payload"": ""what is machine learning""}"
Send to AI: what is the meaning of life,llm,"{""action"": ""forward"", ""target"": ""ai"", ""payload"": ""what is machine learning""}"
Ask the AI: how do I learn a new language,llm,"{""action"": ""forward"", ""target"": ""ai"", ""payload"": ""what are the benefits of meditation""}"
Pass this to the AI: how do I learn a new language,llm,"{""action"": ""forward"", ""target"": ""ai"", ""payload"": ""how do I learn a new language""}"
Let the AI handle this: give me advice on public speaking,llm,"{""action"": ""forward"", ""target"": ""ai"", ""payload"": ""give me advice on public speaking""}"
Forward this to the AI: what are the benefits of meditation,llm,"{""action"": ""forward"", ""target"": ""ai"", ""payload"": ""how do I learn a new language""}"
Send to AI: tell me a story about space,llm,"{""action"": ""forward"", ""target"": ""ai"", ""payload"": ""tell me about the history of Rome""}"
Ask the AI: what is the meaning of life,llm,"{""action"": ""forward"", ""target"": ""ai"", ""payload"": ""how do I learn a new language""}"
Pass this to the AI: explain how photosynthesis works,llm,"{""action"": ""forward"", ""target"": ""ai"", ""payload"": ""write a poem about the ocean""}"
Let the AI handle this: explain how photosynthesis works,llm,"{""action"": ""forward"", ""target"": ""ai"", ""payload"": ""explain how photosynthesis works""}"
Forward this to the AI: give me advice on public speaking,llm,"{""action"": ""forward"", ""target"": ""ai"", ""payload"": ""explain quantum physics simply""}"
Send to AI: what are the benefits of meditation,llm,"{""action"": ""forward"", ""target"": ""ai"", ""payload"": ""how do I learn a new language""}"
Ask the AI: how do I learn a new language,llm,"{""action"": ""forward"", ""target"": ""ai"", ""payload"": ""give me advice on public speaking""}"
Pass this to the AI: what is machine learning,llm,"{""action"": ""forward"", ""target"": ""ai"", ""payload"": ""what is machine learning""}"
Let the AI handle this: what is the meaning of life,llm,"{""action"": ""forward"", ""target"": ""ai"", ""payload"": ""tell me about the history of Rome""}"
Transmets ceci à l'IA: explain how photosynthesis works,llm,"{""action"": ""forward"", ""target"": ""ai"", ""payload"": ""what are the benefits of meditation""}"
Envoie à l'IA: what is machine learning,llm,"{""action"": ""forward"", ""target"": ""ai"", ""payload"": ""explain quantum physics simply""}"
Demande à l'IA: explain quantum physics simply,llm,"{""action"": ""forward"", ""target"": ""ai"", ""payload"": ""how do I learn a new language""}"
Passe ceci à l'IA: tell me about the history of Rome,llm,"{""action"": ""forward"", ""target"": ""ai"", ""payload"": ""explain how photosynthesis works""}"
Leite das an die KI weiter: explain how photosynthesis works,llm,"{""action"": ""forward"", ""target"": ""ai"", ""payload"": ""tell me about the history of Rome""}"
Sende an die KI: what is the meaning of life,llm,"{""action"": ""forward"", ""target"": ""ai"", ""payload"": ""what is the meaning of life""}"
Frag die KI: explain quantum physics simply,llm,"{""action"": ""forward"", ""target"": ""ai"", ""payload"": ""how do I learn a new language""}"
Gib das der KI: write a poem about the ocean,llm,"{""action"": ""forward"", ""target"": ""ai"", ""payload"": ""how do I learn a new language""}"
Forward this to the AI: how do I learn a new language,llm,"{""action"": ""forward"", ""target"": ""ai"", ""payload"": ""what are the benefits of meditation""}"
Send to AI: what are the benefits of meditation,llm,"{""action"": ""forward"", ""target"": ""ai"", ""payload"": ""explain how photosynthesis works""}"
Ask the AI: tell me about the history of Rome,llm,"{""action"": ""forward"", ""target"": ""ai"", ""payload"": ""what are the benefits of meditation""}"
Pass this to the AI: what is machine learning,llm,"{""action"": ""forward"", ""target"": ""ai"", ""payload"": ""how do I learn a new language""}"
Let the AI handle this: explain how photosynthesis works,llm,"{""action"": ""forward"", ""target"": ""ai"", ""payload"": ""give me advice on public speaking""}"
Forward this to the AI: what is machine learning,llm,"{""action"": ""forward"", ""target"": ""ai"", ""payload"": ""tell me about the history of Rome""}"
Send to AI: explain quantum physics simply,llm,"{""action"": ""forward"", ""target"": ""ai"", ""payload"": ""explain quantum physics simply""}"
Ask the AI: tell me a story about space,llm,"{""action"": ""forward"", ""target"": ""ai"", ""payload"": ""explain quantum physics simply""}"
Pass this to the AI: write a poem about the ocean,llm,"{""action"": ""forward"", ""target"": ""ai"", ""payload"": ""what are the benefits of meditation""}"
Let the AI handle this: what is the meaning of life,llm,"{""action"": ""forward"", ""target"": ""ai"", ""payload"": ""write a poem about the ocean""}"
इसे AI को भेजो: explain quantum physics simply,llm,"{""action"": ""forward"", ""target"": ""ai"", ""payload"": ""tell me about the history of Rome""}"
AI से पूछो: what is the meaning of life,llm,"{""action"": ""forward"", ""target"": ""ai"", ""payload"": ""what is the meaning of life""}"
AI को यह दो: what is the meaning of life,llm,"{""action"": ""forward"", ""target"": ""ai"", ""payload"": ""what is machine learning""}"
AI को अग्रेषित करो: give me advice on public speaking,llm,"{""action"": ""forward"", ""target"": ""ai"", ""payload"": ""tell me a story about space""}"
Forward this to the AI: tell me a story about space,llm,"{""action"": ""forward"", ""target"": ""ai"", ""payload"": ""tell me about the history of Rome""}"
Send to AI: give me advice on public speaking,llm,"{""action"": ""forward"", ""target"": ""ai"", ""payload"": ""what is the meaning of life""}"
Ask the AI: what is the meaning of life,llm,"{""action"": ""forward"", ""target"": ""ai"", ""payload"": ""what are the benefits of meditation""}"
Pass this to the AI: explain how photosynthesis works,llm,"{""action"": ""forward"", ""target"": ""ai"", ""payload"": ""explain quantum physics simply""}"
Let the AI handle this: what is the meaning of life,llm,"{""action"": ""forward"", ""target"": ""ai"", ""payload"": ""tell me about the history of Rome""}"
Forward this to the AI: what are the benefits of meditation,llm,"{""action"": ""forward"", ""target"": ""ai"", ""payload"": ""write a poem about the ocean""}"
Send to AI: write a poem about the ocean,llm,"{""action"": ""forward"", ""target"": ""ai"", ""payload"": ""what are the benefits of meditation""}"
Ask the AI: what is machine learning,llm,"{""action"": ""forward"", ""target"": ""ai"", ""payload"": ""explain quantum physics simply""}"
Pass this to the AI: explain quantum physics simply,llm,"{""action"": ""forward"", ""target"": ""ai"", ""payload"": ""give me advice on public speaking""}"
Let the AI handle this: explain quantum physics simply,llm,"{""action"": ""forward"", ""target"": ""ai"", ""payload"": ""tell me a story about space""}"
Inoltra questo all'AI: tell me a story about space,llm,"{""action"": ""forward"", ""target"": ""ai"", ""payload"": ""how do I learn a new language""}"
Invia all'AI: how do I learn a new language,llm,"{""action"": ""forward"", ""target"": ""ai"", ""payload"": ""what is machine learning""}"
Chiedi all'AI: what is machine learning,llm,"{""action"": ""forward"", ""target"": ""ai"", ""payload"": ""give me advice on public speaking""}"
Passa questo all'AI: what are the benefits of meditation,llm,"{""action"": ""forward"", ""target"": ""ai"", ""payload"": ""give me advice on public speaking""}"
これをAIに転送: what is machine learning,llm,"{""action"": ""forward"", ""target"": ""ai"", ""payload"": ""explain quantum physics simply""}"
AIに送信: give me advice on public speaking,llm,"{""action"": ""forward"", ""target"": ""ai"", ""payload"": ""explain quantum physics simply""}"
AIに尋ねる: explain how photosynthesis works,llm,"{""action"": ""forward"", ""target"": ""ai"", ""payload"": ""explain how photosynthesis works""}"
AIに渡す: what is machine learning,llm,"{""action"": ""forward"", ""target"": ""ai"", ""payload"": ""explain how photosynthesis works""}"
이것을 AI로 전달: tell me about the history of Rome,llm,"{""action"": ""forward"", ""target"": ""ai"", ""payload"": ""give me advice on public speaking""}"
AI에게 보내기: give me advice on public speaking,llm,"{""action"": ""forward"", ""target"": ""ai"", ""payload"": ""what are the benefits of meditation""}"
AI에게 물어보기: how do I learn a new language,llm,"{""action"": ""forward"", ""target"": ""ai"", ""payload"": ""what is machine learning""}"
AI에게 넘기기: give me advice on public speaking,llm,"{""action"": ""forward"", ""target"": ""ai"", ""payload"": ""write a poem about the ocean""}"
Forward this to the AI: what is the meaning of life,llm,"{""action"": ""forward"", ""target"": ""ai"", ""payload"": ""what is machine learning""}"
Send to AI: what are the benefits of meditation,llm,"{""action"": ""forward"", ""target"": ""ai"", ""payload"": ""how do I learn a new language""}"
Ask the AI: tell me about the history of Rome,llm,"{""action"": ""forward"", ""target"": ""ai"", ""payload"": ""what are the benefits of meditation""}"
Pass this to the AI: explain quantum physics simply,llm,"{""action"": ""forward"", ""target"": ""ai"", ""payload"": ""what are the benefits of meditation""}"
Let the AI handle this: tell me a story about space,llm,"{""action"": ""forward"", ""target"": ""ai"", ""payload"": ""tell me a story about space""}"
Forward this to the AI: give me advice on public speaking,llm,"{""action"": ""forward"", ""target"": ""ai"", ""payload"": ""explain quantum physics simply""}"
Send to AI: how do I learn a new language,llm,"{""action"": ""forward"", ""target"": ""ai"", ""payload"": ""what are the benefits of meditation""}"
Ask the AI: what is machine learning,llm,"{""action"": ""forward"", ""target"": ""ai"", ""payload"": ""give me advice on public speaking""}"
Pass this to the AI: tell me a story about space,llm,"{""action"": ""forward"", ""target"": ""ai"", ""payload"": ""what is machine learning""}"
Let the AI handle this: what is machine learning,llm,"{""action"": ""forward"", ""target"": ""ai"", ""payload"": ""what are the benefits of meditation""}"
Forward this to the AI: tell me a story about space,llm,"{""action"": ""forward"", ""target"": ""ai"", ""payload"": ""tell me about the history of Rome""}"
Send to AI: what are the benefits of meditation,llm,"{""action"": ""forward"", ""target"": ""ai"", ""payload"": ""explain how photosynthesis works""}"
Ask the AI: write a poem about the ocean,llm,"{""action"": ""forward"", ""target"": ""ai"", ""payload"": ""tell me a story about space""}"
Pass this to the AI: give me advice on public speaking,llm,"{""action"": ""forward"", ""target"": ""ai"", ""payload"": ""how do I learn a new language""}"
Let the AI handle this: write a poem about the ocean,llm,"{""action"": ""forward"", ""target"": ""ai"", ""payload"": ""tell me about the history of Rome""}"
Encaminhe isto para a IA: give me advice on public speaking,llm,"{""action"": ""forward"", ""target"": ""ai"", ""payload"": ""tell me about the history of Rome""}"
Envie para a IA: tell me about the history of Rome,llm,"{""action"": ""forward"", ""target"": ""ai"", ""payload"": ""write a poem about the ocean""}"
Pergunte à IA: explain quantum physics simply,llm,"{""action"": ""forward"", ""target"": ""ai"", ""payload"": ""tell me about the history of Rome""}"
Passe isto para a IA: tell me about the history of Rome,llm,"{""action"": ""forward"", ""target"": ""ai"", ""payload"": ""write a poem about the ocean""}"
Forward this to the AI: what are the benefits of meditation,llm,"{""action"": ""forward"", ""target"": ""ai"", ""payload"": ""what is the meaning of life""}"
Send to AI: tell me about the history of Rome,llm,"{""action"": ""forward"", ""target"": ""ai"", ""payload"": ""write a poem about the ocean""}"
Ask the AI: give me advice on public speaking,llm,"{""action"": ""forward"", ""target"": ""ai"", ""payload"": ""explain how photosynthesis works""}"
Pass this to the AI: what are the benefits of meditation,llm,"{""action"": ""forward"", ""target"": ""ai"", ""payload"": ""what are the benefits of meditation""}"
Let the AI handle this: give me advice on public speaking,llm,"{""action"": ""forward"", ""target"": ""ai"", ""payload"": ""what are the benefits of meditation""}"
Перешли это ИИ: tell me about the history of Rome,llm,"{""action"": ""forward"", ""target"": ""ai"", ""payload"": ""write a poem about the ocean""}"
Отправь ИИ: what is the meaning of life,llm,"{""action"": ""forward"", ""target"": ""ai"", ""payload"": ""explain quantum physics simply""}"
Спроси ИИ: explain quantum physics simply,llm,"{""action"": ""forward"", ""target"": ""ai"", ""payload"": ""what are the benefits of meditation""}"
Передай это ИИ: what is the meaning of life,llm,"{""action"": ""forward"", ""target"": ""ai"", ""payload"": ""what is machine learning""}"
Reenvía esto a la IA: explain how photosynthesis works,llm,"{""action"": ""forward"", ""target"": ""ai"", ""payload"": ""what is machine learning""}"
Envía a la IA: what are the benefits of meditation,llm,"{""action"": ""forward"", ""target"": ""ai"", ""payload"": ""explain how photosynthesis works""}"
Pregunta a la IA: what is machine learning,llm,"{""action"": ""forward"", ""target"": ""ai"", ""payload"": ""write a poem about the ocean""}"
Pasa esto a la IA: how do I learn a new language,llm,"{""action"": ""forward"", ""target"": ""ai"", ""payload"": ""tell me a story about space""}"
Forward this to the AI: explain quantum physics simply,llm,"{""action"": ""forward"", ""target"": ""ai"", ""payload"": ""tell me a story about space""}"
Send to AI: give me advice on public speaking,llm,"{""action"": ""forward"", ""target"": ""ai"", ""payload"": ""tell me a story about space""}"
Ask the AI: explain quantum physics simply,llm,"{""action"": ""forward"", ""target"": ""ai"", ""payload"": ""what is the meaning of life""}"
Pass this to the AI: what are the benefits of meditation,llm,"{""action"": ""forward"", ""target"": ""ai"", ""payload"": ""what are the benefits of meditation""}"
Let the AI handle this: explain quantum physics simply,llm,"{""action"": ""forward"", ""target"": ""ai"", ""payload"": ""what is machine learning""}"
Forward this to the AI: tell me a story about space,llm,"{""action"": ""forward"", ""target"": ""ai"", ""payload"": ""write a poem about the ocean""}"
Send to AI: what is the meaning of life,llm,"{""action"": ""forward"", ""target"": ""ai"", ""payload"": ""explain quantum physics simply""}"
Ask the AI: tell me a story about space,llm,"{""action"": ""forward"", ""target"": ""ai"", ""payload"": ""what is machine learning""}"
Pass this to the AI: write a poem about the ocean,llm,"{""action"": ""forward"", ""target"": ""ai"", ""payload"": ""how do I learn a new language""}"
Let the AI handle this: tell me about the history of Rome,llm,"{""action"": ""forward"", ""target"": ""ai"", ""payload"": ""what are the benefits of meditation""}"
Forward this to the AI: what is machine learning,llm,"{""action"": ""forward"", ""target"": ""ai"", ""payload"": ""how do I learn a new language""}"
Send to AI: what is machine learning,llm,"{""action"": ""forward"", ""target"": ""ai"", ""payload"": ""tell me a story about space""}"
Ask the AI: how do I learn a new language,llm,"{""action"": ""forward"", ""target"": ""ai"", ""payload"": ""what is the meaning of life""}"
Pass this to the AI: explain quantum physics simply,llm,"{""action"": ""forward"", ""target"": ""ai"", ""payload"": ""tell me a story about space""}"
Let the AI handle this: what are the benefits of meditation,llm,"{""action"": ""forward"", ""target"": ""ai"", ""payload"": ""tell me about the history of Rome""}"
Forward this to the AI: what is the meaning of life,llm,"{""action"": ""forward"", ""target"": ""ai"", ""payload"": ""give me advice on public speaking""}"
Send to AI: what is machine learning,llm,"{""action"": ""forward"", ""target"": ""ai"", ""payload"": ""explain quantum physics simply""}"
Ask the AI: write a poem about the ocean,llm,"{""action"": ""forward"", ""target"": ""ai"", ""payload"": ""what are the benefits of meditation""}"
Pass this to the AI: tell me about the history of Rome,llm,"{""action"": ""forward"", ""target"": ""ai"", ""payload"": ""tell me a story about space""}"
Let the AI handle this: what is the meaning of life,llm,"{""action"": ""forward"", ""target"": ""ai"", ""payload"": ""write a poem about the ocean""}"
Forward this to the AI: tell me about the history of Rome,llm,"{""action"": ""forward"", ""target"": ""ai"", ""payload"": ""what is machine learning""}"
Send to AI: write a poem about the ocean,llm,"{""action"": ""forward"", ""target"": ""ai"", ""payload"": ""tell me a story about space""}"
Ask the AI: write a poem about the ocean,llm,"{""action"": ""forward"", ""target"": ""ai"", ""payload"": ""what is machine learning""}"
Pass this to the AI: what is the meaning of life,llm,"{""action"": ""forward"", ""target"": ""ai"", ""payload"": ""give me advice on public speaking""}"
Let the AI handle this: write a poem about the ocean,llm,"{""action"": ""forward"", ""target"": ""ai"", ""payload"": ""what is machine learning""}"
Forward this to the AI: tell me about the history of Rome,llm,"{""action"": ""forward"", ""target"": ""ai"", ""payload"": ""what are the benefits of meditation""}"
Send to AI: how do I learn a new language,llm,"{""action"": ""forward"", ""target"": ""ai"", ""payload"": ""explain quantum physics simply""}"
Ask the AI: tell me a story about space,llm,"{""action"": ""forward"", ""target"": ""ai"", ""payload"": ""give me advice on public speaking""}"
Pass this to the AI: give me advice on public speaking,llm,"{""action"": ""forward"", ""target"": ""ai"", ""payload"": ""what is the meaning of life""}"
Let the AI handle this: what are the benefits of meditation,llm,"{""action"": ""forward"", ""target"": ""ai"", ""payload"": ""what is machine learning""}"
Forward this to the AI: what are the benefits of meditation,llm,"{""action"": ""forward"", ""target"": ""ai"", ""payload"": ""write a poem about the ocean""}"
Send to AI: how do I learn a new language,llm,"{""action"": ""forward"", ""target"": ""ai"", ""payload"": ""tell me a story about space""}"
Ask the AI: write a poem about the ocean,llm,"{""action"": ""forward"", ""target"": ""ai"", ""payload"": ""what is the meaning of life""}"
Pass this to the AI: write a poem about the ocean,llm,"{""action"": ""forward"", ""target"": ""ai"", ""payload"": ""tell me about the history of Rome""}"
Let the AI handle this: how do I learn a new language,llm,"{""action"": ""forward"", ""target"": ""ai"", ""payload"": ""tell me a story about space""}"
اعرض كل notes,notes,"{""action"": ""list"", ""payload"": ""value""}"
أرني كل notes,notes,"{""action"": ""list"", ""payload"": ""value""}"
ما هي notes الخاصة بي؟,notes,"{""action"": ""list"", ""payload"": ""value""}"
اعرض جميع notes,notes,"{""action"": ""list"", ""payload"": ""value""}"
সব notes দেখাও,notes,"{""action"": ""list"", ""payload"": ""value""}"
আমাকে notes দেখাও,notes,"{""action"": ""list"", ""payload"": ""value""}"
আমার কি কি notes আছে?,notes,"{""action"": ""list"", ""payload"": ""value""}"
সব notes প্রদর্শন করো,notes,"{""action"": ""list"", ""payload"": ""value""}"
列出所有notes,notes,"{""action"": ""list"", ""payload"": ""value""}"
显示notes,notes,"{""action"": ""list"", ""payload"": ""value""}"
我有哪些notes？,notes,"{""action"": ""list"", ""payload"": ""value""}"
显示所有notes,notes,"{""action"": ""list"", ""payload"": ""value""}"
Zobraz všechny notes,notes,"{""action"": ""list"", ""payload"": ""value""}"
Ukaž mi všechny notes,notes,"{""action"": ""list"", ""payload"": ""value""}"
Jaké notes mám?,notes,"{""action"": ""list"", ""payload"": ""value""}"
Zobraz všechny notes,notes,"{""action"": ""list"", ""payload"": ""value""}"
Toon alle notes,notes,"{""action"": ""list"", ""payload"": ""value""}"
Laat alle notes zien,notes,"{""action"": ""list"", ""payload"": ""value""}"
Welke notes heb ik?,notes,"{""action"": ""list"", ""payload"": ""value""}"
Toon alle notes,notes,"{""action"": ""list"", ""payload"": ""value""}"
List all notes,notes,"{""action"": ""list"", ""payload"": ""value""}"
Show me notes,notes,"{""action"": ""list"", ""payload"": ""value""}"
What notes do I have?,notes,"{""action"": ""list"", ""payload"": ""value""}"
Display all notes,notes,"{""action"": ""list"", ""payload"": ""value""}"
Show all notes,notes,"{""action"": ""list"", ""payload"": ""value""}"
Liste les notes,notes,"{""action"": ""list"", ""payload"": ""value""}"
Montre-moi les notes,notes,"{""action"": ""list"", ""payload"": ""value""}"
Quels notes ai-je?,notes,"{""action"": ""list"", ""payload"": ""value""}"
Affiche tous les notes,notes,"{""action"": ""list"", ""payload"": ""value""}"
Liste alle notes auf,notes,"{""action"": ""list"", ""payload"": ""value""}"
Zeig mir alle notes,notes,"{""action"": ""list"", ""payload"": ""value""}"
Welche notes habe ich?,notes,"{""action"": ""list"", ""payload"": ""value""}"
Zeige alle notes,notes,"{""action"": ""list"", ""payload"": ""value""}"
Εμφάνισε όλα τα notes,notes,"{""action"": ""list"", ""payload"": ""value""}"
Δείξε μου όλα τα notes,notes,"{""action"": ""list"", ""payload"": ""value""}"
Τι notes έχω;,notes,"{""action"": ""list"", ""payload"": ""value""}"
Εμφάνισε όλα τα notes,notes,"{""action"": ""list"", ""payload"": ""value""}"
הצג את כל ה-notes,notes,"{""action"": ""list"", ""payload"": ""value""}"
הראה לי את כל ה-notes,notes,"{""action"": ""list"", ""payload"": ""value""}"
אילו notes יש לי?,notes,"{""action"": ""list"", ""payload"": ""value""}"
הצג את כל ה-notes,notes,"{""action"": ""list"", ""payload"": ""value""}"
सभी notes दिखाओ,notes,"{""action"": ""list"", ""payload"": ""value""}"
मुझे notes दिखाओ,notes,"{""action"": ""list"", ""payload"": ""value""}"
मेरे पास कौन से notes हैं?,notes,"{""action"": ""list"", ""payload"": ""value""}"
सभी notes प्रदर्शित करो,notes,"{""action"": ""list"", ""payload"": ""value""}"
Listázd az összes notes,notes,"{""action"": ""list"", ""payload"": ""value""}"
Mutasd az összes notes,notes,"{""action"": ""list"", ""payload"": ""value""}"
Milyen notes-eim vannak?,notes,"{""action"": ""list"", ""payload"": ""value""}"
Az összes notes megjelenítése,notes,"{""action"": ""list"", ""payload"": ""value""}"
Tampilkan semua notes,notes,"{""action"": ""list"", ""payload"": ""value""}"
Tunjukkan semua notes,notes,"{""action"": ""list"", ""payload"": ""value""}"
Apa saja notes yang saya punya?,notes,"{""action"": ""list"", ""payload"": ""value""}"
Tampilkan semua notes,notes,"{""action"": ""list"", ""payload"": ""value""}"
Elenca tutti i notes,notes,"{""action"": ""list"", ""payload"": ""value""}"
Mostrami i notes,notes,"{""action"": ""list"", ""payload"": ""value""}"
Quali notes ho?,notes,"{""action"": ""list"", ""payload"": ""value""}"
Mostra tutti i notes,notes,"{""action"": ""list"", ""payload"": ""value""}"
すべてのnotesを一覧,notes,"{""action"": ""list"", ""payload"": ""value""}"
notesを見せて,notes,"{""action"": ""list"", ""payload"": ""value""}"
どんなnotesがある？,notes,"{""action"": ""list"", ""payload"": ""value""}"
すべてのnotesを表示,notes,"{""action"": ""list"", ""payload"": ""value""}"
모든 notes 목록,notes,"{""action"": ""list"", ""payload"": ""value""}"
notes 보여줘,notes,"{""action"": ""list"", ""payload"": ""value""}"
어떤 notes가 있어?,notes,"{""action"": ""list"", ""payload"": ""value""}"
모든 notes 표시,notes,"{""action"": ""list"", ""payload"": ""value""}"
सर्व notes दाखवा,notes,"{""action"": ""list"", ""payload"": ""value""}"
मला notes दाखवा,notes,"{""action"": ""list"", ""payload"": ""value""}"
माझ्याकडे कोणते notes आहेत?,notes,"{""action"": ""list"", ""payload"": ""value""}"
सर्व notes दर्शवा,notes,"{""action"": ""list"", ""payload"": ""value""}"
همه notes را لیست کن,notes,"{""action"": ""list"", ""payload"": ""value""}"
همه notes را نشان بده,notes,"{""action"": ""list"", ""payload"": ""value""}"
چه notes هایی دارم؟,notes,"{""action"": ""list"", ""payload"": ""value""}"
همه notes را نمایش بده,notes,"{""action"": ""list"", ""payload"": ""value""}"
Pokaż wszystkie notes,notes,"{""action"": ""list"", ""payload"": ""value""}"
Wyświetl wszystkie notes,notes,"{""action"": ""list"", ""payload"": ""value""}"
Jakie notes mam?,notes,"{""action"": ""list"", ""payload"": ""value""}"
Wyświetl wszystkie notes,notes,"{""action"": ""list"", ""payload"": ""value""}"
Liste todos os notes,notes,"{""action"": ""list"", ""payload"": ""value""}"
Mostre-me os notes,notes,"{""action"": ""list"", ""payload"": ""value""}"
Quais notes eu tenho?,notes,"{""action"": ""list"", ""payload"": ""value""}"
Exiba todos os notes,notes,"{""action"": ""list"", ""payload"": ""value""}"
Listează toate notes,notes,"{""action"": ""list"", ""payload"": ""value""}"
Arată-mi toate notes,notes,"{""action"": ""list"", ""payload"": ""value""}"
Ce notes am?,notes,"{""action"": ""list"", ""payload"": ""value""}"
Afișează toate notes,notes,"{""action"": ""list"", ""payload"": ""value""}"
Покажи все notes,notes,"{""action"": ""list"", ""payload"": ""value""}"
Все notes,notes,"{""action"": ""list"", ""payload"": ""value""}"
Какие notes у меня есть?,notes,"{""action"": ""list"", ""payload"": ""value""}"
Отобрази все notes,notes,"{""action"": ""list"", ""payload"": ""value""}"
Lista todos los notes,notes,"{""action"": ""list"", ""payload"": ""value""}"
Muéstrame los notes,notes,"{""action"": ""list"", ""payload"": ""value""}"
¿Qué notes tengo?,notes,"{""action"": ""list"", ""payload"": ""value""}"
Muestra todos los notes,notes,"{""action"": ""list"", ""payload"": ""value""}"
Orodha ya notes zote,notes,"{""action"": ""list"", ""payload"": ""value""}"
Nionyeshe notes,notes,"{""action"": ""list"", ""payload"": ""value""}"
Nina notes gani?,notes,"{""action"": ""list"", ""payload"": ""value""}"
Onyesha notes zote,notes,"{""action"": ""list"", ""payload"": ""value""}"
அனைத்து notes ஐயும் பட்டியலிடு,notes,"{""action"": ""list"", ""payload"": ""value""}"
எனக்கு notes ஐ காட்டு,notes,"{""action"": ""list"", ""payload"": ""value""}"
என்னிடம் என்ன notes உள்ளது?,notes,"{""action"": ""list"", ""payload"": ""value""}"
அனைத்து notes ஐயும் காட்டு,notes,"{""action"": ""list"", ""payload"": ""value""}"
అన్ని notes ని జాబితా చేయి,notes,"{""action"": ""list"", ""payload"": ""value""}"
నాకు notes చూపించు,notes,"{""action"": ""list"", ""payload"": ""value""}"
నా దగ్గర ఏ notes ఉన్నాయి?,notes,"{""action"": ""list"", ""payload"": ""value""}"
అన్ని notes చూపించు,notes,"{""action"": ""list"", ""payload"": ""value""}"
แสดง notes ทั้งหมด,notes,"{""action"": ""list"", ""payload"": ""value""}"
ให้ฉันดู notes,notes,"{""action"": ""list"", ""payload"": ""value""}"
ฉันมี notes อะไรบ้าง?,notes,"{""action"": ""list"", ""payload"": ""value""}"
แสดง notes ทั้งหมด,notes,"{""action"": ""list"", ""payload"": ""value""}"
Tüm notes listele,notes,"{""action"": ""list"", ""payload"": ""value""}"
Bana notes göster,notes,"{""action"": ""list"", ""payload"": ""value""}"
Hangi noteslerim var?,notes,"{""action"": ""list"", ""payload"": ""value""}"
Tüm notesleri göster,notes,"{""action"": ""list"", ""payload"": ""value""}"
تمام notes فہرست کرو,notes,"{""action"": ""list"", ""payload"": ""value""}"
مجھے notes دکھاؤ,notes,"{""action"": ""list"", ""payload"": ""value""}"
میرے پاس کون کون سے notes ہیں؟,notes,"{""action"": ""list"", ""payload"": ""value""}"
تمام notes دکھاؤ,notes,"{""action"": ""list"", ""payload"": ""value""}"
Liệt kê tất cả notes,notes,"{""action"": ""list"", ""payload"": ""value""}"
Cho tôi xem notes,notes,"{""action"": ""list"", ""payload"": ""value""}"
Tôi có những notes nào?,notes,"{""action"": ""list"", ""payload"": ""value""}"
Hiển thị tất cả notes,notes,"{""action"": ""list"", ""payload"": ""value""}"
اقرأ filename,notes,"{""action"": ""read"", ""target"": ""filename"", ""payload"": ""value""}"
افتح filename,notes,"{""action"": ""read"", ""target"": ""filename"", ""payload"": ""value""}"
أرني filename,notes,"{""action"": ""read"", ""target"": ""filename"", ""payload"": ""value""}"
شاهد filename,notes,"{""action"": ""read"", ""target"": ""filename"", ""payload"": ""value""}"
اعرض filename,notes,"{""action"": ""read"", ""target"": ""filename"", ""payload"": ""value""}"
filename পড়ো,notes,"{""action"": ""read"", ""target"": ""filename"", ""payload"": ""value""}"
filename খোলো,notes,"{""action"": ""read"", ""target"": ""filename"", ""payload"": ""value""}"
filename দেখাও,notes,"{""action"": ""read"", ""target"": ""filename"", ""payload"": ""value""}"
filename দেখো,notes,"{""action"": ""read"", ""target"": ""filename"", ""payload"": ""value""}"
filename প্রদর্শন করো,notes,"{""action"": ""read"", ""target"": ""filename"", ""payload"": ""value""}"
读取filename,notes,"{""action"": ""read"", ""target"": ""filename"", ""payload"": ""value""}"
打开filename,notes,"{""action"": ""read"", ""target"": ""filename"", ""payload"": ""value""}"
显示filename,notes,"{""action"": ""read"", ""target"": ""filename"", ""payload"": ""value""}"
查看filename,notes,"{""action"": ""read"", ""target"": ""filename"", ""payload"": ""value""}"
展示filename,notes,"{""action"": ""read"", ""target"": ""filename"", ""payload"": ""value""}"
Přečti filename,notes,"{""action"": ""read"", ""target"": ""filename"", ""payload"": ""value""}"
Otevři filename,notes,"{""action"": ""read"", ""target"": ""filename"", ""payload"": ""value""}"
Ukaž mi filename,notes,"{""action"": ""read"", ""target"": ""filename"", ""payload"": ""value""}"
Podívej se na filename,notes,"{""action"": ""read"", ""target"": ""filename"", ""payload"": ""value""}"
Zobraz filename,notes,"{""action"": ""read"", ""target"": ""filename"", ""payload"": ""value""}"
Lees filename,notes,"{""action"": ""read"", ""target"": ""filename"", ""payload"": ""value""}"
Open filename,notes,"{""action"": ""read"", ""target"": ""filename"", ""payload"": ""value""}"
Laat filename zien,notes,"{""action"": ""read"", ""target"": ""filename"", ""payload"": ""value""}"
Bekijk filename,notes,"{""action"": ""read"", ""target"": ""filename"", ""payload"": ""value""}"
Toon filename,notes,"{""action"": ""read"", ""target"": ""filename"", ""payload"": ""value""}"
Read filename,notes,"{""action"": ""read"", ""target"": ""filename"", ""payload"": ""value""}"
Open filename,notes,"{""action"": ""read"", ""target"": ""filename"", ""payload"": ""value""}"
Show me filename,notes,"{""action"": ""read"", ""target"": ""filename"", ""payload"": ""value""}"
View filename,notes,"{""action"": ""read"", ""target"": ""filename"", ""payload"": ""value""}"
Display filename,notes,"{""action"": ""read"", ""target"": ""filename"", ""payload"": ""value""}"
Lire filename,notes,"{""action"": ""read"", ""target"": ""filename"", ""payload"": ""value""}"
Ouvrir filename,notes,"{""action"": ""read"", ""target"": ""filename"", ""payload"": ""value""}"
Montre-moi filename,notes,"{""action"": ""read"", ""target"": ""filename"", ""payload"": ""value""}"
Voir filename,notes,"{""action"": ""read"", ""target"": ""filename"", ""payload"": ""value""}"
Afficher filename,notes,"{""action"": ""read"", ""target"": ""filename"", ""payload"": ""value""}"
Lese filename,notes,"{""action"": ""read"", ""target"": ""filename"", ""payload"": ""value""}"
Öffne filename,notes,"{""action"": ""read"", ""target"": ""filename"", ""payload"": ""value""}"
Zeig mir filename,notes,"{""action"": ""read"", ""target"": ""filename"", ""payload"": ""value""}"
Zeige filename,notes,"{""action"": ""read"", ""target"": ""filename"", ""payload"": ""value""}"
Betrachte filename,notes,"{""action"": ""read"", ""target"": ""filename"", ""payload"": ""value""}"
Διάβασε filename,notes,"{""action"": ""read"", ""target"": ""filename"", ""payload"": ""value""}"
Άνοιξε filename,notes,"{""action"": ""read"", ""target"": ""filename"", ""payload"": ""value""}"
Δείξε μου filename,notes,"{""action"": ""read"", ""target"": ""filename"", ""payload"": ""value""}"
Δες filename,notes,"{""action"": ""read"", ""target"": ""filename"", ""payload"": ""value""}"
Εμφάνισε filename,notes,"{""action"": ""read"", ""target"": ""filename"", ""payload"": ""value""}"
קרא filename,notes,"{""action"": ""read"", ""target"": ""filename"", ""payload"": ""value""}"
פתח filename,notes,"{""action"": ""read"", ""target"": ""filename"", ""payload"": ""value""}"
הראה לי filename,notes,"{""action"": ""read"", ""target"": ""filename"", ""payload"": ""value""}"
צפה ב-filename,notes,"{""action"": ""read"", ""target"": ""filename"", ""payload"": ""value""}"
הצג filename,notes,"{""action"": ""read"", ""target"": ""filename"", ""payload"": ""value""}"
filename पढ़ो,notes,"{""action"": ""read"", ""target"": ""filename"", ""payload"": ""value""}"
filename खोलो,notes,"{""action"": ""read"", ""target"": ""filename"", ""payload"": ""value""}"
filename दिखाओ,notes,"{""action"": ""read"", ""target"": ""filename"", ""payload"": ""value""}"
filename देखो,notes,"{""action"": ""read"", ""target"": ""filename"", ""payload"": ""value""}"
filename प्रदर्शित करो,notes,"{""action"": ""read"", ""target"": ""filename"", ""payload"": ""value""}"
Olvasd el a filename,notes,"{""action"": ""read"", ""target"": ""filename"", ""payload"": ""value""}"
Nyisd meg a filename,notes,"{""action"": ""read"", ""target"": ""filename"", ""payload"": ""value""}"
Mutasd a filename,notes,"{""action"": ""read"", ""target"": ""filename"", ""payload"": ""value""}"
Nézd meg a filename,notes,"{""action"": ""read"", ""target"": ""filename"", ""payload"": ""value""}"
Jelenítsd meg a filename,notes,"{""action"": ""read"", ""target"": ""filename"", ""payload"": ""value""}"
Baca filename,notes,"{""action"": ""read"", ""target"": ""filename"", ""payload"": ""value""}"
Buka filename,notes,"{""action"": ""read"", ""target"": ""filename"", ""payload"": ""value""}"
Tunjukkan filename,notes,"{""action"": ""read"", ""target"": ""filename"", ""payload"": ""value""}"
Lihat filename,notes,"{""action"": ""read"", ""target"": ""filename"", ""payload"": ""value""}"
Tampilkan filename,notes,"{""action"": ""read"", ""target"": ""filename"", ""payload"": ""value""}"
Leggi filename,notes,"{""action"": ""read"", ""target"": ""filename"", ""payload"": ""value""}"
Apri filename,notes,"{""action"": ""read"", ""target"": ""filename"", ""payload"": ""value""}"
Mostrami filename,notes,"{""action"": ""read"", ""target"": ""filename"", ""payload"": ""value""}"
Vedi filename,notes,"{""action"": ""read"", ""target"": ""filename"", ""payload"": ""value""}"
Mostra filename,notes,"{""action"": ""read"", ""target"": ""filename"", ""payload"": ""value""}"
filenameを読む,notes,"{""action"": ""read"", ""target"": ""filename"", ""payload"": ""value""}"
filenameを開く,notes,"{""action"": ""read"", ""target"": ""filename"", ""payload"": ""value""}"
filenameを見せて,notes,"{""action"": ""read"", ""target"": ""filename"", ""payload"": ""value""}"
filenameを表示,notes,"{""action"": ""read"", ""target"": ""filename"", ""payload"": ""value""}"
filenameを閲覧,notes,"{""action"": ""read"", ""target"": ""filename"", ""payload"": ""value""}"
filename 읽기,notes,"{""action"": ""read"", ""target"": ""filename"", ""payload"": ""value""}"
filename 열기,notes,"{""action"": ""read"", ""target"": ""filename"", ""payload"": ""value""}"
filename 보여줘,notes,"{""action"": ""read"", ""target"": ""filename"", ""payload"": ""value""}"
filename 보기,notes,"{""action"": ""read"", ""target"": ""filename"", ""payload"": ""value""}"
filename 표시,notes,"{""action"": ""read"", ""target"": ""filename"", ""payload"": ""value""}"
filename वाचा,notes,"{""action"": ""read"", ""target"": ""filename"", ""payload"": ""value""}"
filename उघडा,notes,"{""action"": ""read"", ""target"": ""filename"", ""payload"": ""value""}"
filename दाखवा,notes,"{""action"": ""read"", ""target"": ""filename"", ""payload"": ""value""}"
filename पहा,notes,"{""action"": ""read"", ""target"": ""filename"", ""payload"": ""value""}"
filename दर्शवा,notes,"{""action"": ""read"", ""target"": ""filename"", ""payload"": ""value""}"
filename را بخوان,notes,"{""action"": ""read"", ""target"": ""filename"", ""payload"": ""value""}"
filename را باز کن,notes,"{""action"": ""read"", ""target"": ""filename"", ""payload"": ""value""}"
filename را نشان بده,notes,"{""action"": ""read"", ""target"": ""filename"", ""payload"": ""value""}"
filename را ببین,notes,"{""action"": ""read"", ""target"": ""filename"", ""payload"": ""value""}"
filename را نمایش بده,notes,"{""action"": ""read"", ""target"": ""filename"", ""payload"": ""value""}"
Przeczytaj filename,notes,"{""action"": ""read"", ""target"": ""filename"", ""payload"": ""value""}"
Otwórz filename,notes,"{""action"": ""read"", ""target"": ""filename"", ""payload"": ""value""}"
Pokaż filename,notes,"{""action"": ""read"", ""target"": ""filename"", ""payload"": ""value""}"
Zobacz filename,notes,"{""action"": ""read"", ""target"": ""filename"", ""payload"": ""value""}"
Wyświetl filename,notes,"{""action"": ""read"", ""target"": ""filename"", ""payload"": ""value""}"
Ler filename,notes,"{""action"": ""read"", ""target"": ""filename"", ""payload"": ""value""}"
Abrir filename,notes,"{""action"": ""read"", ""target"": ""filename"", ""payload"": ""value""}"
Mostre-me filename,notes,"{""action"": ""read"", ""target"": ""filename"", ""payload"": ""value""}"
Ver filename,notes,"{""action"": ""read"", ""target"": ""filename"", ""payload"": ""value""}"
Exibir filename,notes,"{""action"": ""read"", ""target"": ""filename"", ""payload"": ""value""}"
Citește filename,notes,"{""action"": ""read"", ""target"": ""filename"", ""payload"": ""value""}"
Deschide filename,notes,"{""action"": ""read"", ""target"": ""filename"", ""payload"": ""value""}"
Arată-mi filename,notes,"{""action"": ""read"", ""target"": ""filename"", ""payload"": ""value""}"
Vezi filename,notes,"{""action"": ""read"", ""target"": ""filename"", ""payload"": ""value""}"
Afișează filename,notes,"{""action"": ""read"", ""target"": ""filename"", ""payload"": ""value""}"
Прочитай filename,notes,"{""action"": ""read"", ""target"": ""filename"", ""payload"": ""value""}"
Открой filename,notes,"{""action"": ""read"", ""target"": ""filename"", ""payload"": ""value""}"
Покажи filename,notes,"{""action"": ""read"", ""target"": ""filename"", ""payload"": ""value""}"
Посмотри filename,notes,"{""action"": ""read"", ""target"": ""filename"", ""payload"": ""value""}"
Отобрази filename,notes,"{""action"": ""read"", ""target"": ""filename"", ""payload"": ""value""}"
Leer filename,notes,"{""action"": ""read"", ""target"": ""filename"", ""payload"": ""value""}"
Abrir filename,notes,"{""action"": ""read"", ""target"": ""filename"", ""payload"": ""value""}"
Muéstrame filename,notes,"{""action"": ""read"", ""target"": ""filename"", ""payload"": ""value""}"
Ver filename,notes,"{""action"": ""read"", ""target"": ""filename"", ""payload"": ""value""}"
Mostrar filename,notes,"{""action"": ""read"", ""target"": ""filename"", ""payload"": ""value""}"
Soma filename,notes,"{""action"": ""read"", ""target"": ""filename"", ""payload"": ""value""}"
Fungua filename,notes,"{""action"": ""read"", ""target"": ""filename"", ""payload"": ""value""}"
Nionyeshe filename,notes,"{""action"": ""read"", ""target"": ""filename"", ""payload"": ""value""}"
Angalia filename,notes,"{""action"": ""read"", ""target"": ""filename"", ""payload"": ""value""}"
Onyesha filename,notes,"{""action"": ""read"", ""target"": ""filename"", ""payload"": ""value""}"
filename ஐ படிக்க,notes,"{""action"": ""read"", ""target"": ""filename"", ""payload"": ""value""}"
filename ஐ திறக்க,notes,"{""action"": ""read"", ""target"": ""filename"", ""payload"": ""value""}"
filename ஐ காட்டு,notes,"{""action"": ""read"", ""target"": ""filename"", ""payload"": ""value""}"
filename ஐ பார்,notes,"{""action"": ""read"", ""target"": ""filename"", ""payload"": ""value""}"
filename ஐ காட்டு,notes,"{""action"": ""read"", ""target"": ""filename"", ""payload"": ""value""}"
filename చదువు,notes,"{""action"": ""read"", ""target"": ""filename"", ""payload"": ""value""}"
filename తెరువు,notes,"{""action"": ""read"", ""target"": ""filename"", ""payload"": ""value""}"
filename చూపించు,notes,"{""action"": ""read"", ""target"": ""filename"", ""payload"": ""value""}"
filename చూడు,notes,"{""action"": ""read"", ""target"": ""filename"", ""payload"": ""value""}"
filename ప్రదర్శించు,notes,"{""action"": ""read"", ""target"": ""filename"", ""payload"": ""value""}"
อ่าน filename,notes,"{""action"": ""read"", ""target"": ""filename"", ""payload"": ""value""}"
เปิด filename,notes,"{""action"": ""read"", ""target"": ""filename"", ""payload"": ""value""}"
แสดง filename,notes,"{""action"": ""read"", ""target"": ""filename"", ""payload"": ""value""}"
ดู filename,notes,"{""action"": ""read"", ""target"": ""filename"", ""payload"": ""value""}"
แสดง filename,notes,"{""action"": ""read"", ""target"": ""filename"", ""payload"": ""value""}"
filename oku,notes,"{""action"": ""read"", ""target"": ""filename"", ""payload"": ""value""}"
filename aç,notes,"{""action"": ""read"", ""target"": ""filename"", ""payload"": ""value""}"
filename göster,notes,"{""action"": ""read"", ""target"": ""filename"", ""payload"": ""value""}"
filename gör,notes,"{""action"": ""read"", ""target"": ""filename"", ""payload"": ""value""}"
filename görüntüle,notes,"{""action"": ""read"", ""target"": ""filename"", ""payload"": ""value""}"
filename پڑھو,notes,"{""action"": ""read"", ""target"": ""filename"", ""payload"": ""value""}"
filename کھولو,notes,"{""action"": ""read"", ""target"": ""filename"", ""payload"": ""value""}"
filename دکھاؤ,notes,"{""action"": ""read"", ""target"": ""filename"", ""payload"": ""value""}"
filename دیکھو,notes,"{""action"": ""read"", ""target"": ""filename"", ""payload"": ""value""}"
filename ظاہر کرو,notes,"{""action"": ""read"", ""target"": ""filename"", ""payload"": ""value""}"
Đọc filename,notes,"{""action"": ""read"", ""target"": ""filename"", ""payload"": ""value""}"
Mở filename,notes,"{""action"": ""read"", ""target"": ""filename"", ""payload"": ""value""}"
Cho tôi xem filename,notes,"{""action"": ""read"", ""target"": ""filename"", ""payload"": ""value""}"
Xem filename,notes,"{""action"": ""read"", ""target"": ""filename"", ""payload"": ""value""}"
Hiển thị filename,notes,"{""action"": ""read"", ""target"": ""filename"", ""payload"": ""value""}"
احفظ filename: value,notes,"{""action"": ""save"", ""target"": ""filename"", ""payload"": ""value""}"
أنشئ ملاحظة filename بـ value,notes,"{""action"": ""save"", ""target"": ""filename"", ""payload"": ""value""}"
اكتب filename: value,notes,"{""action"": ""save"", ""target"": ""filename"", ""payload"": ""value""}"
خزن في filename: value,notes,"{""action"": ""save"", ""target"": ""filename"", ""payload"": ""value""}"
filename সেভ করো: value,notes,"{""action"": ""save"", ""target"": ""filename"", ""payload"": ""value""}"
filename এ value লেখো,notes,"{""action"": ""save"", ""target"": ""filename"", ""payload"": ""value""}"
filename এ স্টোর করো: value,notes,"{""action"": ""save"", ""target"": ""filename"", ""payload"": ""value""}"
filename এ লিখো: value,notes,"{""action"": ""save"", ""target"": ""filename"", ""payload"": ""value""}"
保存filename: value,notes,"{""action"": ""save"", ""target"": ""filename"", ""payload"": ""value""}"
创建filename笔记: value,notes,"{""action"": ""save"", ""target"": ""filename"", ""payload"": ""value""}"
写入filename: value,notes,"{""action"": ""save"", ""target"": ""filename"", ""payload"": ""value""}"
存储到filename: value,notes,"{""action"": ""save"", ""target"": ""filename"", ""payload"": ""value""}"
Ulož filename: value,notes,"{""action"": ""save"", ""target"": ""filename"", ""payload"": ""value""}"
Vytvoř poznámku filename s value,notes,"{""action"": ""save"", ""target"": ""filename"", ""payload"": ""value""}"
Napiš filename: value,notes,"{""action"": ""save"", ""target"": ""filename"", ""payload"": ""value""}"
Ulož do filename: value,notes,"{""action"": ""save"", ""target"": ""filename"", ""payload"": ""value""}"
Bewaar filename: value,notes,"{""action"": ""save"", ""target"": ""filename"", ""payload"": ""value""}"
Maak notitie filename met value,notes,"{""action"": ""save"", ""target"": ""filename"", ""payload"": ""value""}"
Schrijf filename: value,notes,"{""action"": ""save"", ""target"": ""filename"", ""payload"": ""value""}"
Bewaar in filename: value,notes,"{""action"": ""save"", ""target"": ""filename"", ""payload"": ""value""}"
Save filename: value,notes,"{""action"": ""save"", ""target"": ""filename"", ""payload"": ""value""}"
Create note filename with value,notes,"{""action"": ""save"", ""target"": ""filename"", ""payload"": ""value""}"
Write filename: value,notes,"{""action"": ""save"", ""target"": ""filename"", ""payload"": ""value""}"
Store filename: value,notes,"{""action"": ""save"", ""target"": ""filename"", ""payload"": ""value""}"
Save to filename: value,notes,"{""action"": ""save"", ""target"": ""filename"", ""payload"": ""value""}"
Sauvegarder filename: value,notes,"{""action"": ""save"", ""target"": ""filename"", ""payload"": ""value""}"
Créer note filename avec value,notes,"{""action"": ""save"", ""target"": ""filename"", ""payload"": ""value""}"
Écrire filename: value,notes,"{""action"": ""save"", ""target"": ""filename"", ""payload"": ""value""}"
Stocker filename: value,notes,"{""action"": ""save"", ""target"": ""filename"", ""payload"": ""value""}"
Speichere filename: value,notes,"{""action"": ""save"", ""target"": ""filename"", ""payload"": ""value""}"
Erstelle Notiz filename mit value,notes,"{""action"": ""save"", ""target"": ""filename"", ""payload"": ""value""}"
Schreibe filename: value,notes,"{""action"": ""save"", ""target"": ""filename"", ""payload"": ""value""}"
Speichere in filename: value,notes,"{""action"": ""save"", ""target"": ""filename"", ""payload"": ""value""}"
Αποθήκευσε filename: value,notes,"{""action"": ""save"", ""target"": ""filename"", ""payload"": ""value""}"
Δημιούργησε σημείωση filename με value,notes,"{""action"": ""save"", ""target"": ""filename"", ""payload"": ""value""}"
Γράψε filename: value,notes,"{""action"": ""save"", ""target"": ""filename"", ""payload"": ""value""}"
Αποθήκευσε σε filename: value,notes,"{""action"": ""save"", ""target"": ""filename"", ""payload"": ""value""}"
שמור filename: value,notes,"{""action"": ""save"", ""target"": ""filename"", ""payload"": ""value""}"
צור הערה filename עם value,notes,"{""action"": ""save"", ""target"": ""filename"", ""payload"": ""value""}"
כתוב filename: value,notes,"{""action"": ""save"", ""target"": ""filename"", ""payload"": ""value""}"
שמור ב-filename: value,notes,"{""action"": ""save"", ""target"": ""filename"", ""payload"": ""value""}"
filename सेव करो: value,notes,"{""action"": ""save"", ""target"": ""filename"", ""payload"": ""value""}"
filename में value लिखो,notes,"{""action"": ""save"", ""target"": ""filename"", ""payload"": ""value""}"
filename में स्टोर करो: value,notes,"{""action"": ""save"", ""target"": ""filename"", ""payload"": ""value""}"
filename पर लिखो: value,notes,"{""action"": ""save"", ""target"": ""filename"", ""payload"": ""value""}"
Mentsd el a filename: value,notes,"{""action"": ""save"", ""target"": ""filename"", ""payload"": ""value""}"
Hozz létre filename jegyzetet value-vel,notes,"{""action"": ""save"", ""target"": ""filename"", ""payload"": ""value""}"
Írd a filename: value,notes,"{""action"": ""save"", ""target"": ""filename"", ""payload"": ""value""}"
Mentsd a filename: value,notes,"{""action"": ""save"", ""target"": ""filename"", ""payload"": ""value""}"
Simpan filename: value,notes,"{""action"": ""save"", ""target"": ""filename"", ""payload"": ""value""}"
Buat catatan filename dengan value,notes,"{""action"": ""save"", ""target"": ""filename"", ""payload"": ""value""}"
Tulis filename: value,notes,"{""action"": ""save"", ""target"": ""filename"", ""payload"": ""value""}"
Simpan ke filename: value,notes,"{""action"": ""save"", ""target"": ""filename"", ""payload"": ""value""}"
Salva filename: value,notes,"{""action"": ""save"", ""target"": ""filename"", ""payload"": ""value""}"
Crea nota filename con value,notes,"{""action"": ""save"", ""target"": ""filename"", ""payload"": ""value""}"
Scrivi filename: value,notes,"{""action"": ""save"", ""target"": ""filename"", ""payload"": ""value""}"
Memorizza filename: value,notes,"{""action"": ""save"", ""target"": ""filename"", ""payload"": ""value""}"
filenameを保存: value,notes,"{""action"": ""save"", ""target"": ""filename"", ""payload"": ""value""}"
filenameにvalueを記録,notes,"{""action"": ""save"", ""target"": ""filename"", ""payload"": ""value""}"
filenameに書く: value,notes,"{""action"": ""save"", ""target"": ""filename"", ""payload"": ""value""}"
filenameに保存: value,notes,"{""action"": ""save"", ""target"": ""filename"", ""payload"": ""value""}"
filename 저장: value,notes,"{""action"": ""save"", ""target"": ""filename"", ""payload"": ""value""}"
filename에 value 기록,notes,"{""action"": ""save"", ""target"": ""filename"", ""payload"": ""value""}"
filename에 쓰기: value,notes,"{""action"": ""save"", ""target"": ""filename"", ""payload"": ""value""}"
filename에 저장: value,notes,"{""action"": ""save"", ""target"": ""filename"", ""payload"": ""value""}"
filename सेव्ह करा: value,notes,"{""action"": ""save"", ""target"": ""filename"", ""payload"": ""value""}"
filename मध्ये value नोंद लिहा,notes,"{""action"": ""save"", ""target"": ""filename"", ""payload"": ""value""}"
filename लिहा: value,notes,"{""action"": ""save"", ""target"": ""filename"", ""payload"": ""value""}"
filename मध्ये सेव्ह करा: value,notes,"{""action"": ""save"", ""target"": ""filename"", ""payload"": ""value""}"
filename را ذخیره کن: value,notes,"{""action"": ""save"", ""target"": ""filename"", ""payload"": ""value""}"
یادداشت filename با value بساز,notes,"{""action"": ""save"", ""target"": ""filename"", ""payload"": ""value""}"
filename بنویس: value,notes,"{""action"": ""save"", ""target"": ""filename"", ""payload"": ""value""}"
در filename ذخیره کن: value,notes,"{""action"": ""save"", ""target"": ""filename"", ""payload"": ""value""}"
Zapisz filename: value,notes,"{""action"": ""save"", ""target"": ""filename"", ""payload"": ""value""}"
Utwórz notatkę filename z value,notes,"{""action"": ""save"", ""target"": ""filename"", ""payload"": ""value""}"
Napisz filename: value,notes,"{""action"": ""save"", ""target"": ""filename"", ""payload"": ""value""}"
Zapisz w filename: value,notes,"{""action"": ""save"", ""target"": ""filename"", ""payload"": ""value""}"
Salvar filename: value,notes,"{""action"": ""save"", ""target"": ""filename"", ""payload"": ""value""}"
Criar nota filename com value,notes,"{""action"": ""save"", ""target"": ""filename"", ""payload"": ""value""}"
Escrever filename: value,notes,"{""action"": ""save"", ""target"": ""filename"", ""payload"": ""value""}"
Armazenar filename: value,notes,"{""action"": ""save"", ""target"": ""filename"", ""payload"": ""value""}"
Salvează filename: value,notes,"{""action"": ""save"", ""target"": ""filename"", ""payload"": ""value""}"
Creează notă filename cu value,notes,"{""action"": ""save"", ""target"": ""filename"", ""payload"": ""value""}"
Scrie filename: value,notes,"{""action"": ""save"", ""target"": ""filename"", ""payload"": ""value""}"
Stochează în filename: value,notes,"{""action"": ""save"", ""target"": ""filename"", ""payload"": ""value""}"
Сохрани filename: value,notes,"{""action"": ""save"", ""target"": ""filename"", ""payload"": ""value""}"
Создай заметку filename с value,notes,"{""action"": ""save"", ""target"": ""filename"", ""payload"": ""value""}"
Напиши filename: value,notes,"{""action"": ""save"", ""target"": ""filename"", ""payload"": ""value""}"
Сохрани в filename: value,notes,"{""action"": ""save"", ""target"": ""filename"", ""payload"": ""value""}"
Guardar filename: value,notes,"{""action"": ""save"", ""target"": ""filename"", ""payload"": ""value""}"
Crear nota filename con value,notes,"{""action"": ""save"", ""target"": ""filename"", ""payload"": ""value""}"
Escribir filename: value,notes,"{""action"": ""save"", ""target"": ""filename"", ""payload"": ""value""}"
Almacenar filename: value,notes,"{""action"": ""save"", ""target"": ""filename"", ""payload"": ""value""}"
Hifadhi filename: value,notes,"{""action"": ""save"", ""target"": ""filename"", ""payload"": ""value""}"
Unda kumbukumbu filename na value,notes,"{""action"": ""save"", ""target"": ""filename"", ""payload"": ""value""}"
Andika filename: value,notes,"{""action"": ""save"", ""target"": ""filename"", ""payload"": ""value""}"
Hifadhi katika filename: value,notes,"{""action"": ""save"", ""target"": ""filename"", ""payload"": ""value""}"
filename சேமி: value,notes,"{""action"": ""save"", ""target"": ""filename"", ""payload"": ""value""}"
filename உடன் value குறிப்பு உருவாக்கு,notes,"{""action"": ""save"", ""target"": ""filename"", ""payload"": ""value""}"
filename எழுது: value,notes,"{""action"": ""save"", ""target"": ""filename"", ""payload"": ""value""}"
filename இல் சேமி: value,notes,"{""action"": ""save"", ""target"": ""filename"", ""payload"": ""value""}"
filename సేవ్ చేయి: value,notes,"{""action"": ""save"", ""target"": ""filename"", ""payload"": ""value""}"
filename తో value నోట్ సృష్టించు,notes,"{""action"": ""save"", ""target"": ""filename"", ""payload"": ""value""}"
filename రాయి: value,notes,"{""action"": ""save"", ""target"": ""filename"", ""payload"": ""value""}"
filename లో సేవ్ చేయి: value,notes,"{""action"": ""save"", ""target"": ""filename"", ""payload"": ""value""}"
บันทึก filename: value,notes,"{""action"": ""save"", ""target"": ""filename"", ""payload"": ""value""}"
สร้างบันทึก filename ด้วย value,notes,"{""action"": ""save"", ""target"": ""filename"", ""payload"": ""value""}"
เขียน filename: value,notes,"{""action"": ""save"", ""target"": ""filename"", ""payload"": ""value""}"
เก็บใน filename: value,notes,"{""action"": ""save"", ""target"": ""filename"", ""payload"": ""value""}"
filename kaydet: value,notes,"{""action"": ""save"", ""target"": ""filename"", ""payload"": ""value""}"
filename notu oluştur: value,notes,"{""action"": ""save"", ""target"": ""filename"", ""payload"": ""value""}"
filename yaz: value,notes,"{""action"": ""save"", ""target"": ""filename"", ""payload"": ""value""}"
filename'a kaydet: value,notes,"{""action"": ""save"", ""target"": ""filename"", ""payload"": ""value""}"
filename محفوظ کرو: value,notes,"{""action"": ""save"", ""target"": ""filename"", ""payload"": ""value""}"
filename میں value لکھو,notes,"{""action"": ""save"", ""target"": ""filename"", ""payload"": ""value""}"
filename میں اسٹور کرو: value,notes,"{""action"": ""save"", ""target"": ""filename"", ""payload"": ""value""}"
filename پر لکھو: value,notes,"{""action"": ""save"", ""target"": ""filename"", ""payload"": ""value""}"
Lưu filename: value,notes,"{""action"": ""save"", ""target"": ""filename"", ""payload"": ""value""}"
Tạo ghi chú filename với value,notes,"{""action"": ""save"", ""target"": ""filename"", ""payload"": ""value""}"
Viết filename: value,notes,"{""action"": ""save"", ""target"": ""filename"", ""payload"": ""value""}"
Lưu vào filename: value,notes,"{""action"": ""save"", ""target"": ""filename"", ""payload"": ""value""}"
احفظ notes: value,notes,"{""action"": ""save"", ""payload"": ""value""}"
أنشئ ملاحظة notes بـ value,notes,"{""action"": ""save"", ""payload"": ""value""}"
اكتب notes: value,notes,"{""action"": ""save"", ""payload"": ""value""}"
خزن في notes: value,notes,"{""action"": ""save"", ""payload"": ""value""}"
notes সেভ করো: value,notes,"{""action"": ""save"", ""payload"": ""value""}"
notes এ value লেখো,notes,"{""action"": ""save"", ""payload"": ""value""}"
notes এ স্টোর করো: value,notes,"{""action"": ""save"", ""payload"": ""value""}"
notes এ লিখো: value,notes,"{""action"": ""save"", ""payload"": ""value""}"
保存notes: value,notes,"{""action"": ""save"", ""payload"": ""value""}"
创建notes笔记: value,notes,"{""action"": ""save"", ""payload"": ""value""}"
写入notes: value,notes,"{""action"": ""save"", ""payload"": ""value""}"
存储到notes: value,notes,"{""action"": ""save"", ""payload"": ""value""}"
Ulož notes: value,notes,"{""action"": ""save"", ""payload"": ""value""}"
Vytvoř poznámku notes s value,notes,"{""action"": ""save"", ""payload"": ""value""}"
Napiš notes: value,notes,"{""action"": ""save"", ""payload"": ""value""}"
Ulož do notes: value,notes,"{""action"": ""save"", ""payload"": ""value""}"
Bewaar notes: value,notes,"{""action"": ""save"", ""payload"": ""value""}"
Maak notitie notes met value,notes,"{""action"": ""save"", ""payload"": ""value""}"
Schrijf notes: value,notes,"{""action"": ""save"", ""payload"": ""value""}"
Bewaar in notes: value,notes,"{""action"": ""save"", ""payload"": ""value""}"
Save notes: value,notes,"{""action"": ""save"", ""payload"": ""value""}"
Create note notes with value,notes,"{""action"": ""save"", ""payload"": ""value""}"
Write notes: value,notes,"{""action"": ""save"", ""payload"": ""value""}"
Store notes: value,notes,"{""action"": ""save"", ""payload"": ""value""}"
Save to notes: value,notes,"{""action"": ""save"", ""payload"": ""value""}"
Sauvegarder notes: value,notes,"{""action"": ""save"", ""payload"": ""value""}"
Créer note notes avec value,notes,"{""action"": ""save"", ""payload"": ""value""}"
Écrire notes: value,notes,"{""action"": ""save"", ""payload"": ""value""}"
Stocker notes: value,notes,"{""action"": ""save"", ""payload"": ""value""}"
Speichere notes: value,notes,"{""action"": ""save"", ""payload"": ""value""}"
Erstelle Notiz notes mit value,notes,"{""action"": ""save"", ""payload"": ""value""}"
Schreibe notes: value,notes,"{""action"": ""save"", ""payload"": ""value""}"
Speichere in notes: value,notes,"{""action"": ""save"", ""payload"": ""value""}"
Αποθήκευσε notes: value,notes,"{""action"": ""save"", ""payload"": ""value""}"
Δημιούργησε σημείωση notes με value,notes,"{""action"": ""save"", ""payload"": ""value""}"
Γράψε notes: value,notes,"{""action"": ""save"", ""payload"": ""value""}"
Αποθήκευσε σε notes: value,notes,"{""action"": ""save"", ""payload"": ""value""}"
שמור notes: value,notes,"{""action"": ""save"", ""payload"": ""value""}"
צור הערה notes עם value,notes,"{""action"": ""save"", ""payload"": ""value""}"
כתוב notes: value,notes,"{""action"": ""save"", ""payload"": ""value""}"
שמור ב-notes: value,notes,"{""action"": ""save"", ""payload"": ""value""}"
notes सेव करो: value,notes,"{""action"": ""save"", ""payload"": ""value""}"
notes में value लिखो,notes,"{""action"": ""save"", ""payload"": ""value""}"
notes में स्टोर करो: value,notes,"{""action"": ""save"", ""payload"": ""value""}"
notes पर लिखो: value,notes,"{""action"": ""save"", ""payload"": ""value""}"
Mentsd el a notes: value,notes,"{""action"": ""save"", ""payload"": ""value""}"
Hozz létre notes jegyzetet value-vel,notes,"{""action"": ""save"", ""payload"": ""value""}"
Írd a notes: value,notes,"{""action"": ""save"", ""payload"": ""value""}"
Mentsd a notes: value,notes,"{""action"": ""save"", ""payload"": ""value""}"
Simpan notes: value,notes,"{""action"": ""save"", ""payload"": ""value""}"
Buat catatan notes dengan value,notes,"{""action"": ""save"", ""payload"": ""value""}"
Tulis notes: value,notes,"{""action"": ""save"", ""payload"": ""value""}"
Simpan ke notes: value,notes,"{""action"": ""save"", ""payload"": ""value""}"
Salva notes: value,notes,"{""action"": ""save"", ""payload"": ""value""}"
Crea nota notes con value,notes,"{""action"": ""save"", ""payload"": ""value""}"
Scrivi notes: value,notes,"{""action"": ""save"", ""payload"": ""value""}"
Memorizza notes: value,notes,"{""action"": ""save"", ""payload"": ""value""}"
notesを保存: value,notes,"{""action"": ""save"", ""payload"": ""value""}"
notesにvalueを記録,notes,"{""action"": ""save"", ""payload"": ""value""}"
notesに書く: value,notes,"{""action"": ""save"", ""payload"": ""value""}"
notesに保存: value,notes,"{""action"": ""save"", ""payload"": ""value""}"
notes 저장: value,notes,"{""action"": ""save"", ""payload"": ""value""}"
notes에 value 기록,notes,"{""action"": ""save"", ""payload"": ""value""}"
notes에 쓰기: value,notes,"{""action"": ""save"", ""payload"": ""value""}"
notes에 저장: value,notes,"{""action"": ""save"", ""payload"": ""value""}"
notes सेव्ह करा: value,notes,"{""action"": ""save"", ""payload"": ""value""}"
notes मध्ये value नोंद लिहा,notes,"{""action"": ""save"", ""payload"": ""value""}"
notes लिहा: value,notes,"{""action"": ""save"", ""payload"": ""value""}"
notes मध्ये सेव्ह करा: value,notes,"{""action"": ""save"", ""payload"": ""value""}"
notes را ذخیره کن: value,notes,"{""action"": ""save"", ""payload"": ""value""}"
یادداشت notes با value بساز,notes,"{""action"": ""save"", ""payload"": ""value""}"
notes بنویس: value,notes,"{""action"": ""save"", ""payload"": ""value""}"
در notes ذخیره کن: value,notes,"{""action"": ""save"", ""payload"": ""value""}"
Zapisz notes: value,notes,"{""action"": ""save"", ""payload"": ""value""}"
Utwórz notatkę notes z value,notes,"{""action"": ""save"", ""payload"": ""value""}"
Napisz notes: value,notes,"{""action"": ""save"", ""payload"": ""value""}"
Zapisz w notes: value,notes,"{""action"": ""save"", ""payload"": ""value""}"
Salvar notes: value,notes,"{""action"": ""save"", ""payload"": ""value""}"
Criar nota notes com value,notes,"{""action"": ""save"", ""payload"": ""value""}"
Escrever notes: value,notes,"{""action"": ""save"", ""payload"": ""value""}"
Armazenar notes: value,notes,"{""action"": ""save"", ""payload"": ""value""}"
Salvează notes: value,notes,"{""action"": ""save"", ""payload"": ""value""}"
Creează notă notes cu value,notes,"{""action"": ""save"", ""payload"": ""value""}"
Scrie notes: value,notes,"{""action"": ""save"", ""payload"": ""value""}"
Stochează în notes: value,notes,"{""action"": ""save"", ""payload"": ""value""}"
Сохрани notes: value,notes,"{""action"": ""save"", ""payload"": ""value""}"
Создай заметку notes с value,notes,"{""action"": ""save"", ""payload"": ""value""}"
Напиши notes: value,notes,"{""action"": ""save"", ""payload"": ""value""}"
Сохрани в notes: value,notes,"{""action"": ""save"", ""payload"": ""value""}"
Guardar notes: value,notes,"{""action"": ""save"", ""payload"": ""value""}"
Crear nota notes con value,notes,"{""action"": ""save"", ""payload"": ""value""}"
Escribir notes: value,notes,"{""action"": ""save"", ""payload"": ""value""}"
Almacenar notes: value,notes,"{""action"": ""save"", ""payload"": ""value""}"
Hifadhi notes: value,notes,"{""action"": ""save"", ""payload"": ""value""}"
Unda kumbukumbu notes na value,notes,"{""action"": ""save"", ""payload"": ""value""}"
Andika notes: value,notes,"{""action"": ""save"", ""payload"": ""value""}"
Hifadhi katika notes: value,notes,"{""action"": ""save"", ""payload"": ""value""}"
notes சேமி: value,notes,"{""action"": ""save"", ""payload"": ""value""}"
notes உடன் value குறிப்பு உருவாக்கு,notes,"{""action"": ""save"", ""payload"": ""value""}"
notes எழுது: value,notes,"{""action"": ""save"", ""payload"": ""value""}"
notes இல் சேமி: value,notes,"{""action"": ""save"", ""payload"": ""value""}"
notes సేవ్ చేయి: value,notes,"{""action"": ""save"", ""payload"": ""value""}"
notes తో value నోట్ సృష్టించు,notes,"{""action"": ""save"", ""payload"": ""value""}"
notes రాయి: value,notes,"{""action"": ""save"", ""payload"": ""value""}"
notes లో సేవ్ చేయి: value,notes,"{""action"": ""save"", ""payload"": ""value""}"
บันทึก notes: value,notes,"{""action"": ""save"", ""payload"": ""value""}"
สร้างบันทึก notes ด้วย value,notes,"{""action"": ""save"", ""payload"": ""value""}"
เขียน notes: value,notes,"{""action"": ""save"", ""payload"": ""value""}"
เก็บใน notes: value,notes,"{""action"": ""save"", ""payload"": ""value""}"
notes kaydet: value,notes,"{""action"": ""save"", ""payload"": ""value""}"
notes notu oluştur: value,notes,"{""action"": ""save"", ""payload"": ""value""}"
notes yaz: value,notes,"{""action"": ""save"", ""payload"": ""value""}"
notes'a kaydet: value,notes,"{""action"": ""save"", ""payload"": ""value""}"
notes محفوظ کرو: value,notes,"{""action"": ""save"", ""payload"": ""value""}"
notes میں value لکھو,notes,"{""action"": ""save"", ""payload"": ""value""}"
notes میں اسٹور کرو: value,notes,"{""action"": ""save"", ""payload"": ""value""}"
notes پر لکھو: value,notes,"{""action"": ""save"", ""payload"": ""value""}"
Lưu notes: value,notes,"{""action"": ""save"", ""payload"": ""value""}"
Tạo ghi chú notes với value,notes,"{""action"": ""save"", ""payload"": ""value""}"
Viết notes: value,notes,"{""action"": ""save"", ""payload"": ""value""}"
Lưu vào notes: value,notes,"{""action"": ""save"", ""payload"": ""value""}"
أضف إلى filename: value,notes,"{""action"": ""append"", ""target"": ""filename"", ""payload"": ""value""}"
أكمل filename: value,notes,"{""action"": ""append"", ""target"": ""filename"", ""payload"": ""value""}"
أضف المزيد إلى filename: value,notes,"{""action"": ""append"", ""target"": ""filename"", ""payload"": ""value""}"
filename এ যোগ করো: value,notes,"{""action"": ""append"", ""target"": ""filename"", ""payload"": ""value""}"
filename আপডেট করো: value,notes,"{""action"": ""append"", ""target"": ""filename"", ""payload"": ""value""}"
filename এ আর যোগ করো: value,notes,"{""action"": ""append"", ""target"": ""filename"", ""payload"": ""value""}"
追加到filename: value,notes,"{""action"": ""append"", ""target"": ""filename"", ""payload"": ""value""}"
在filename中添加: value,notes,"{""action"": ""append"", ""target"": ""filename"", ""payload"": ""value""}"
给filename加更多: value,notes,"{""action"": ""append"", ""target"": ""filename"", ""payload"": ""value""}"
Přidej do filename: value,notes,"{""action"": ""append"", ""target"": ""filename"", ""payload"": ""value""}"
Aktualizuj filename: value,notes,"{""action"": ""append"", ""target"": ""filename"", ""payload"": ""value""}"
Přidej více do filename: value,notes,"{""action"": ""append"", ""target"": ""filename"", ""payload"": ""value""}"
Voeg toe aan filename: value,notes,"{""action"": ""append"", ""target"": ""filename"", ""payload"": ""value""}"
Werk filename bij: value,notes,"{""action"": ""append"", ""target"": ""filename"", ""payload"": ""value""}"
Voeg meer toe aan filename: value,notes,"{""action"": ""append"", ""target"": ""filename"", ""payload"": ""value""}"
Append to filename: value,notes,"{""action"": ""append"", ""target"": ""filename"", ""payload"": ""value""}"
Add to filename: value,notes,"{""action"": ""append"", ""target"": ""filename"", ""payload"": ""value""}"
Add more to filename: value,notes,"{""action"": ""append"", ""target"": ""filename"", ""payload"": ""value""}"
Update filename with value,notes,"{""action"": ""append"", ""target"": ""filename"", ""payload"": ""value""}"
Insert into filename: value,notes,"{""action"": ""append"", ""target"": ""filename"", ""payload"": ""value""}"
Ajouter à filename: value,notes,"{""action"": ""append"", ""target"": ""filename"", ""payload"": ""value""}"
Compléter filename: value,notes,"{""action"": ""append"", ""target"": ""filename"", ""payload"": ""value""}"
Ajouter plus à filename: value,notes,"{""action"": ""append"", ""target"": ""filename"", ""payload"": ""value""}"
An filename anfügen: value,notes,"{""action"": ""append"", ""target"": ""filename"", ""payload"": ""value""}"
Hinzu zu filename: value,notes,"{""action"": ""append"", ""target"": ""filename"", ""payload"": ""value""}"
Mehr zu filename hinzufügen: value,notes,"{""action"": ""append"", ""target"": ""filename"", ""payload"": ""value""}"
Πρόσθεσε στο filename: value,notes,"{""action"": ""append"", ""target"": ""filename"", ""payload"": ""value""}"
Ενημέρωσε filename: value,notes,"{""action"": ""append"", ""target"": ""filename"", ""payload"": ""value""}"
Πρόσθεσε περισσότερα στο filename: value,notes,"{""action"": ""append"", ""target"": ""filename"", ""payload"": ""value""}"
הוסף ל-filename: value,notes,"{""action"": ""append"", ""target"": ""filename"", ""payload"": ""value""}"
עדכן filename: value,notes,"{""action"": ""append"", ""target"": ""filename"", ""payload"": ""value""}"
הוסף עוד ל-filename: value,notes,"{""action"": ""append"", ""target"": ""filename"", ""payload"": ""value""}"
filename में जोड़ो: value,notes,"{""action"": ""append"", ""target"": ""filename"", ""payload"": ""value""}"
filename को अपडेट करो: value,notes,"{""action"": ""append"", ""target"": ""filename"", ""payload"": ""value""}"
filename में और जोड़ो: value,notes,"{""action"": ""append"", ""target"": ""filename"", ""payload"": ""value""}"
Adj hozzá a filename: value,notes,"{""action"": ""append"", ""target"": ""filename"", ""payload"": ""value""}"
Frissítsd a filename: value,notes,"{""action"": ""append"", ""target"": ""filename"", ""payload"": ""value""}"
Adj még a filename: value,notes,"{""action"": ""append"", ""target"": ""filename"", ""payload"": ""value""}"
Tambahkan ke filename: value,notes,"{""action"": ""append"", ""target"": ""filename"", ""payload"": ""value""}"
Perbarui filename: value,notes,"{""action"": ""append"", ""target"": ""filename"", ""payload"": ""value""}"
Tambah lagi ke filename: value,notes,"{""action"": ""append"", ""target"": ""filename"", ""payload"": ""value""}"
Aggiungi a filename: value,notes,"{""action"": ""append"", ""target"": ""filename"", ""payload"": ""value""}"
Aggiungi a filename: value,notes,"{""action"": ""append"", ""target"": ""filename"", ""payload"": ""value""}"
Ancora a filename: value,notes,"{""action"": ""append"", ""target"": ""filename"", ""payload"": ""value""}"
filenameに追加: value,notes,"{""action"": ""append"", ""target"": ""filename"", ""payload"": ""value""}"
filenameを更新: value,notes,"{""action"": ""append"", ""target"": ""filename"", ""payload"": ""value""}"
filenameにもっと追加: value,notes,"{""action"": ""append"", ""target"": ""filename"", ""payload"": ""value""}"
filename에 추가: value,notes,"{""action"": ""append"", ""target"": ""filename"", ""payload"": ""value""}"
filename 업데이트: value,notes,"{""action"": ""append"", ""target"": ""filename"", ""payload"": ""value""}"
filename에 더 추가: value,notes,"{""action"": ""append"", ""target"": ""filename"", ""payload"": ""value""}"
filename मध्ये जोडा: value,notes,"{""action"": ""append"", ""target"": ""filename"", ""payload"": ""value""}"
filename अपडेट करा: value,notes,"{""action"": ""append"", ""target"": ""filename"", ""payload"": ""value""}"
filename मध्ये अजून जोडा: value,notes,"{""action"": ""append"", ""target"": ""filename"", ""payload"": ""value""}"
به filename اضافه کن: value,notes,"{""action"": ""append"", ""target"": ""filename"", ""payload"": ""value""}"
filename را به‌روز کن: value,notes,"{""action"": ""append"", ""target"": ""filename"", ""payload"": ""value""}"
بیشتر به filename اضافه کن: value,notes,"{""action"": ""append"", ""target"": ""filename"", ""payload"": ""value""}"
Dodaj do filename: value,notes,"{""action"": ""append"", ""target"": ""filename"", ""payload"": ""value""}"
Zaktualizuj filename: value,notes,"{""action"": ""append"", ""target"": ""filename"", ""payload"": ""value""}"
Dodaj więcej do filename: value,notes,"{""action"": ""append"", ""target"": ""filename"", ""payload"": ""value""}"
Acrescentar a filename: value,notes,"{""action"": ""append"", ""target"": ""filename"", ""payload"": ""value""}"
Adicionar a filename: value,notes,"{""action"": ""append"", ""target"": ""filename"", ""payload"": ""value""}"
Mais em filename: value,notes,"{""action"": ""append"", ""target"": ""filename"", ""payload"": ""value""}"
Adaugă la filename: value,notes,"{""action"": ""append"", ""target"": ""filename"", ""payload"": ""value""}"
Actualizează filename: value,notes,"{""action"": ""append"", ""target"": ""filename"", ""payload"": ""value""}"
Adaugă mai mult la filename: value,notes,"{""action"": ""append"", ""target"": ""filename"", ""payload"": ""value""}"
Добавь в filename: value,notes,"{""action"": ""append"", ""target"": ""filename"", ""payload"": ""value""}"
Допиши в filename: value,notes,"{""action"": ""append"", ""target"": ""filename"", ""payload"": ""value""}"
Ещё в filename: value,notes,"{""action"": ""append"", ""target"": ""filename"", ""payload"": ""value""}"
Agregar a filename: value,notes,"{""action"": ""append"", ""target"": ""filename"", ""payload"": ""value""}"
Añadir a filename: value,notes,"{""action"": ""append"", ""target"": ""filename"", ""payload"": ""value""}"
Más en filename: value,notes,"{""action"": ""append"", ""target"": ""filename"", ""payload"": ""value""}"
Ongeza kwa filename: value,notes,"{""action"": ""append"", ""target"": ""filename"", ""payload"": ""value""}"
Sasisha filename: value,notes,"{""action"": ""append"", ""target"": ""filename"", ""payload"": ""value""}"
Ongeza zaidi kwa filename: value,notes,"{""action"": ""append"", ""target"": ""filename"", ""payload"": ""value""}"
filename இல் சேர்: value,notes,"{""action"": ""append"", ""target"": ""filename"", ""payload"": ""value""}"
filename ஐ புதுப்பி: value,notes,"{""action"": ""append"", ""target"": ""filename"", ""payload"": ""value""}"
filename இல் மேலும் சேர்: value,notes,"{""action"": ""append"", ""target"": ""filename"", ""payload"": ""value""}"
filename కి చేర్చు: value,notes,"{""action"": ""append"", ""target"": ""filename"", ""payload"": ""value""}"
filename ని అప్‌డేట్ చేయి: value,notes,"{""action"": ""append"", ""target"": ""filename"", ""payload"": ""value""}"
filename కి మరిన్ని చేర్చు: value,notes,"{""action"": ""append"", ""target"": ""filename"", ""payload"": ""value""}"
เพิ่มใน filename: value,notes,"{""action"": ""append"", ""target"": ""filename"", ""payload"": ""value""}"
อัปเดต filename: value,notes,"{""action"": ""append"", ""target"": ""filename"", ""payload"": ""value""}"
เพิ่มอีกใน filename: value,notes,"{""action"": ""append"", ""target"": ""filename"", ""payload"": ""value""}"
filename'e ekle: value,notes,"{""action"": ""append"", ""target"": ""filename"", ""payload"": ""value""}"
filename'i güncelle: value,notes,"{""action"": ""append"", ""target"": ""filename"", ""payload"": ""value""}"
filename'e daha fazla ekle: value,notes,"{""action"": ""append"", ""target"": ""filename"", ""payload"": ""value""}"
filename میں شامل کرو: value,notes,"{""action"": ""append"", ""target"": ""filename"", ""payload"": ""value""}"
filename اپ ڈیٹ کرو: value,notes,"{""action"": ""append"", ""target"": ""filename"", ""payload"": ""value""}"
filename میں اور شامل کرو: value,notes,"{""action"": ""append"", ""target"": ""filename"", ""payload"": ""value""}"
Thêm vào filename: value,notes,"{""action"": ""append"", ""target"": ""filename"", ""payload"": ""value""}"
Cập nhật filename: value,notes,"{""action"": ""append"", ""target"": ""filename"", ""payload"": ""value""}"
Thêm nữa vào filename: value,notes,"{""action"": ""append"", ""target"": ""filename"", ""payload"": ""value""}"
احذف filename,notes,"{""action"": ""delete"", ""target"": ""filename"", ""payload"": ""value""}"
أزل filename,notes,"{""action"": ""delete"", ""target"": ""filename"", ""payload"": ""value""}"
امسح filename,notes,"{""action"": ""delete"", ""target"": ""filename"", ""payload"": ""value""}"
احذف filename,notes,"{""action"": ""delete"", ""target"": ""filename"", ""payload"": ""value""}"
تخلص من filename,notes,"{""action"": ""delete"", ""target"": ""filename"", ""payload"": ""value""}"
filename মুছে দাও,notes,"{""action"": ""delete"", ""target"": ""filename"", ""payload"": ""value""}"
filename সরিয়ে দাও,notes,"{""action"": ""delete"", ""target"": ""filename"", ""payload"": ""value""}"
filename পরিষ্কার করো,notes,"{""action"": ""delete"", ""target"": ""filename"", ""payload"": ""value""}"
filename মুছে দাও,notes,"{""action"": ""delete"", ""target"": ""filename"", ""payload"": ""value""}"
filename থেকে মুক্তি পাও,notes,"{""action"": ""delete"", ""target"": ""filename"", ""payload"": ""value""}"
删除filename,notes,"{""action"": ""delete"", ""target"": ""filename"", ""payload"": ""value""}"
移除filename,notes,"{""action"": ""delete"", ""target"": ""filename"", ""payload"": ""value""}"
清除filename,notes,"{""action"": ""delete"", ""target"": ""filename"", ""payload"": ""value""}"
擦除filename,notes,"{""action"": ""delete"", ""target"": ""filename"", ""payload"": ""value""}"
去掉filename,notes,"{""action"": ""delete"", ""target"": ""filename"", ""payload"": ""value""}"
Smaž filename,notes,"{""action"": ""delete"", ""target"": ""filename"", ""payload"": ""value""}"
Odstraň filename,notes,"{""action"": ""delete"", ""target"": ""filename"", ""payload"": ""value""}"
Vymaž filename,notes,"{""action"": ""delete"", ""target"": ""filename"", ""payload"": ""value""}"
Smaž filename,notes,"{""action"": ""delete"", ""target"": ""filename"", ""payload"": ""value""}"
Zbav se filename,notes,"{""action"": ""delete"", ""target"": ""filename"", ""payload"": ""value""}"
Verwijder filename,notes,"{""action"": ""delete"", ""target"": ""filename"", ""payload"": ""value""}"
Verwijder filename,notes,"{""action"": ""delete"", ""target"": ""filename"", ""payload"": ""value""}"
Wis filename,notes,"{""action"": ""delete"", ""target"": ""filename"", ""payload"": ""value""}"
Wis filename,notes,"{""action"": ""delete"", ""target"": ""filename"", ""payload"": ""value""}"
Raak filename kwijt,notes,"{""action"": ""delete"", ""target"": ""filename"", ""payload"": ""value""}"
Delete filename,notes,"{""action"": ""delete"", ""target"": ""filename"", ""payload"": ""value""}"
Remove filename,notes,"{""action"": ""delete"", ""target"": ""filename"", ""payload"": ""value""}"
Clear filename,notes,"{""action"": ""delete"", ""target"": ""filename"", ""payload"": ""value""}"
Erase filename,notes,"{""action"": ""delete"", ""target"": ""filename"", ""payload"": ""value""}"
Get rid of filename,notes,"{""action"": ""delete"", ""target"": ""filename"", ""payload"": ""value""}"
Supprimer filename,notes,"{""action"": ""delete"", ""target"": ""filename"", ""payload"": ""value""}"
Enlever filename,notes,"{""action"": ""delete"", ""target"": ""filename"", ""payload"": ""value""}"
Effacer filename,notes,"{""action"": ""delete"", ""target"": ""filename"", ""payload"": ""value""}"
Effacer filename,notes,"{""action"": ""delete"", ""target"": ""filename"", ""payload"": ""value""}"
Se débarrasser de filename,notes,"{""action"": ""delete"", ""target"": ""filename"", ""payload"": ""value""}"
Lösche filename,notes,"{""action"": ""delete"", ""target"": ""filename"", ""payload"": ""value""}"
Entferne filename,notes,"{""action"": ""delete"", ""target"": ""filename"", ""payload"": ""value""}"
Leere filename,notes,"{""action"": ""delete"", ""target"": ""filename"", ""payload"": ""value""}"
Lösch filename,notes,"{""action"": ""delete"", ""target"": ""filename"", ""payload"": ""value""}"
Befreie dich von filename,notes,"{""action"": ""delete"", ""target"": ""filename"", ""payload"": ""value""}"
Διαγράψτε filename,notes,"{""action"": ""delete"", ""target"": ""filename"", ""payload"": ""value""}"
Αφαιρέστε filename,notes,"{""action"": ""delete"", ""target"": ""filename"", ""payload"": ""value""}"
Καθαρίστε filename,notes,"{""action"": ""delete"", ""target"": ""filename"", ""payload"": ""value""}"
Διαγράψτε filename,notes,"{""action"": ""delete"", ""target"": ""filename"", ""payload"": ""value""}"
Απαλλαγείτε από filename,notes,"{""action"": ""delete"", ""target"": ""filename"", ""payload"": ""value""}"
מחק filename,notes,"{""action"": ""delete"", ""target"": ""filename"", ""payload"": ""value""}"
הסר filename,notes,"{""action"": ""delete"", ""target"": ""filename"", ""payload"": ""value""}"
נקה filename,notes,"{""action"": ""delete"", ""target"": ""filename"", ""payload"": ""value""}"
מחק filename,notes,"{""action"": ""delete"", ""target"": ""filename"", ""payload"": ""value""}"
היפטר מ-filename,notes,"{""action"": ""delete"", ""target"": ""filename"", ""payload"": ""value""}"
filename हटाओ,notes,"{""action"": ""delete"", ""target"": ""filename"", ""payload"": ""value""}"
filename हटाओ,notes,"{""action"": ""delete"", ""target"": ""filename"", ""payload"": ""value""}"
filename साफ करो,notes,"{""action"": ""delete"", ""target"": ""filename"", ""payload"": ""value""}"
filename मिटाओ,notes,"{""action"": ""delete"", ""target"": ""filename"", ""payload"": ""value""}"
filename से छुटकारा पाओ,notes,"{""action"": ""delete"", ""target"": ""filename"", ""payload"": ""value""}"
Töröld a filename,notes,"{""action"": ""delete"", ""target"": ""filename"", ""payload"": ""value""}"
 távolítsd el a filename,notes,"{""action"": ""delete"", ""target"": ""filename"", ""payload"": ""value""}"
Töröld a filename,notes,"{""action"": ""delete"", ""target"": ""filename"", ""payload"": ""value""}"
Töröld a filename,notes,"{""action"": ""delete"", ""target"": ""filename"", ""payload"": ""value""}"
Szabadulj meg a filename,notes,"{""action"": ""delete"", ""target"": ""filename"", ""payload"": ""value""}"
Hapus filename,notes,"{""action"": ""delete"", ""target"": ""filename"", ""payload"": ""value""}"
Buang filename,notes,"{""action"": ""delete"", ""target"": ""filename"", ""payload"": ""value""}"
Bersihkan filename,notes,"{""action"": ""delete"", ""target"": ""filename"", ""payload"": ""value""}"
Hapus filename,notes,"{""action"": ""delete"", ""target"": ""filename"", ""payload"": ""value""}"
Singkirkan filename,notes,"{""action"": ""delete"", ""target"": ""filename"", ""payload"": ""value""}"
Elimina filename,notes,"{""action"": ""delete"", ""target"": ""filename"", ""payload"": ""value""}"
Rimuovi filename,notes,"{""action"": ""delete"", ""target"": ""filename"", ""payload"": ""value""}"
Cancella filename,notes,"{""action"": ""delete"", ""target"": ""filename"", ""payload"": ""value""}"
Cancella filename,notes,"{""action"": ""delete"", ""target"": ""filename"", ""payload"": ""value""}"
Sbarazzarsi di filename,notes,"{""action"": ""delete"", ""target"": ""filename"", ""payload"": ""value""}"
filenameを削除,notes,"{""action"": ""delete"", ""target"": ""filename"", ""payload"": ""value""}"
filenameを除去,notes,"{""action"": ""delete"", ""target"": ""filename"", ""payload"": ""value""}"
filenameをクリア,notes,"{""action"": ""delete"", ""target"": ""filename"", ""payload"": ""value""}"
filenameを消去,notes,"{""action"": ""delete"", ""target"": ""filename"", ""payload"": ""value""}"
filenameをなくす,notes,"{""action"": ""delete"", ""target"": ""filename"", ""payload"": ""value""}"
filename 삭제,notes,"{""action"": ""delete"", ""target"": ""filename"", ""payload"": ""value""}"
filename 제거,notes,"{""action"": ""delete"", ""target"": ""filename"", ""payload"": ""value""}"
filename 지우기,notes,"{""action"": ""delete"", ""target"": ""filename"", ""payload"": ""value""}"
filename 지우기,notes,"{""action"": ""delete"", ""target"": ""filename"", ""payload"": ""value""}"
filename 없애기,notes,"{""action"": ""delete"", ""target"": ""filename"", ""payload"": ""value""}"
filename हटवा,notes,"{""action"": ""delete"", ""target"": ""filename"", ""payload"": ""value""}"
filename काढा,notes,"{""action"": ""delete"", ""target"": ""filename"", ""payload"": ""value""}"
filename साफ करा,notes,"{""action"": ""delete"", ""target"": ""filename"", ""payload"": ""value""}"
filename हटवा,notes,"{""action"": ""delete"", ""target"": ""filename"", ""payload"": ""value""}"
filename पासून मुक्ती मिळवा,notes,"{""action"": ""delete"", ""target"": ""filename"", ""payload"": ""value""}"
filename را حذف کن,notes,"{""action"": ""delete"", ""target"": ""filename"", ""payload"": ""value""}"
filename را بردار,notes,"{""action"": ""delete"", ""target"": ""filename"", ""payload"": ""value""}"
filename را پاک کن,notes,"{""action"": ""delete"", ""target"": ""filename"", ""payload"": ""value""}"
filename را پاک کن,notes,"{""action"": ""delete"", ""target"": ""filename"", ""payload"": ""value""}"
از filename خلاص شو,notes,"{""action"": ""delete"", ""target"": ""filename"", ""payload"": ""value""}"
Usuń filename,notes,"{""action"": ""delete"", ""target"": ""filename"", ""payload"": ""value""}"
Usuń filename,notes,"{""action"": ""delete"", ""target"": ""filename"", ""payload"": ""value""}"
Wyczyść filename,notes,"{""action"": ""delete"", ""target"": ""filename"", ""payload"": ""value""}"
Wyczyść filename,notes,"{""action"": ""delete"", ""target"": ""filename"", ""payload"": ""value""}"
Pozbądź się filename,notes,"{""action"": ""delete"", ""target"": ""filename"", ""payload"": ""value""}"
Excluir filename,notes,"{""action"": ""delete"", ""target"": ""filename"", ""payload"": ""value""}"
Remover filename,notes,"{""action"": ""delete"", ""target"": ""filename"", ""payload"": ""value""}"
Limpar filename,notes,"{""action"": ""delete"", ""target"": ""filename"", ""payload"": ""value""}"
Apagar filename,notes,"{""action"": ""delete"", ""target"": ""filename"", ""payload"": ""value""}"
Se livrar de filename,notes,"{""action"": ""delete"", ""target"": ""filename"", ""payload"": ""value""}"
Șterge filename,notes,"{""action"": ""delete"", ""target"": ""filename"", ""payload"": ""value""}"
Elimină filename,notes,"{""action"": ""delete"", ""target"": ""filename"", ""payload"": ""value""}"
Curăță filename,notes,"{""action"": ""delete"", ""target"": ""filename"", ""payload"": ""value""}"
Șterge filename,notes,"{""action"": ""delete"", ""target"": ""filename"", ""payload"": ""value""}"
Scapă de filename,notes,"{""action"": ""delete"", ""target"": ""filename"", ""payload"": ""value""}"
Удали filename,notes,"{""action"": ""delete"", ""target"": ""filename"", ""payload"": ""value""}"
Убери filename,notes,"{""action"": ""delete"", ""target"": ""filename"", ""payload"": ""value""}"
Очисти filename,notes,"{""action"": ""delete"", ""target"": ""filename"", ""payload"": ""value""}"
Сотри filename,notes,"{""action"": ""delete"", ""target"": ""filename"", ""payload"": ""value""}"
Избавься от filename,notes,"{""action"": ""delete"", ""target"": ""filename"", ""payload"": ""value""}"
Eliminar filename,notes,"{""action"": ""delete"", ""target"": ""filename"", ""payload"": ""value""}"
Borrar filename,notes,"{""action"": ""delete"", ""target"": ""filename"", ""payload"": ""value""}"
Limpiar filename,notes,"{""action"": ""delete"", ""target"": ""filename"", ""payload"": ""value""}"
Borrar filename,notes,"{""action"": ""delete"", ""target"": ""filename"", ""payload"": ""value""}"
Deshacerse de filename,notes,"{""action"": ""delete"", ""target"": ""filename"", ""payload"": ""value""}"
Futa filename,notes,"{""action"": ""delete"", ""target"": ""filename"", ""payload"": ""value""}"
Ondoa filename,notes,"{""action"": ""delete"", ""target"": ""filename"", ""payload"": ""value""}"
Safisha filename,notes,"{""action"": ""delete"", ""target"": ""filename"", ""payload"": ""value""}"
Futa {target],notes,"{""action"": ""delete"", ""target"": ""filename"", ""payload"": ""value""}"
Jikinga na filename,notes,"{""action"": ""delete"", ""target"": ""filename"", ""payload"": ""value""}"
filename ஐ நீக்கு,notes,"{""action"": ""delete"", ""target"": ""filename"", ""payload"": ""value""}"
filename ஐ அகற்று,notes,"{""action"": ""delete"", ""target"": ""filename"", ""payload"": ""value""}"
filename ஐ சுத்தம் செய்,notes,"{""action"": ""delete"", ""target"": ""filename"", ""payload"": ""value""}"
filename ஐ நீக்கு,notes,"{""action"": ""delete"", ""target"": ""filename"", ""payload"": ""value""}"
filename இல் இருந்து விடுபடு,notes,"{""action"": ""delete"", ""target"": ""filename"", ""payload"": ""value""}"
filename ని తొలగించు,notes,"{""action"": ""delete"", ""target"": ""filename"", ""payload"": ""value""}"
filename ని తీసివేయి,notes,"{""action"": ""delete"", ""target"": ""filename"", ""payload"": ""value""}"
filename ని శుభ్రం చేయి,notes,"{""action"": ""delete"", ""target"": ""filename"", ""payload"": ""value""}"
filename ని తొలగించు,notes,"{""action"": ""delete"", ""target"": ""filename"", ""payload"": ""value""}"
filename నుండి విముక్తి పొందు,notes,"{""action"": ""delete"", ""target"": ""filename"", ""payload"": ""value""}"
ลบ filename,notes,"{""action"": ""delete"", ""target"": ""filename"", ""payload"": ""value""}"
เอา filename ออก,notes,"{""action"": ""delete"", ""target"": ""filename"", ""payload"": ""value""}"
ล้าง filename,notes,"{""action"": ""delete"", ""target"": ""filename"", ""payload"": ""value""}"
ลบ filename,notes,"{""action"": ""delete"", ""target"": ""filename"", ""payload"": ""value""}"
กำจัด filename,notes,"{""action"": ""delete"", ""target"": ""filename"", ""payload"": ""value""}"
filename sil,notes,"{""action"": ""delete"", ""target"": ""filename"", ""payload"": ""value""}"
filename kaldır,notes,"{""action"": ""delete"", ""target"": ""filename"", ""payload"": ""value""}"
filename temizle,notes,"{""action"": ""delete"", ""target"": ""filename"", ""payload"": ""value""}"
filename temizle,notes,"{""action"": ""delete"", ""target"": ""filename"", ""payload"": ""value""}"
filename kurtul,notes,"{""action"": ""delete"", ""target"": ""filename"", ""payload"": ""value""}"
filename حذف کرو,notes,"{""action"": ""delete"", ""target"": ""filename"", ""payload"": ""value""}"
filename ہٹاؤ,notes,"{""action"": ""delete"", ""target"": ""filename"", ""payload"": ""value""}"
filename صاف کرو,notes,"{""action"": ""delete"", ""target"": ""filename"", ""payload"": ""value""}"
filename مٹاؤ,notes,"{""action"": ""delete"", ""target"": ""filename"", ""payload"": ""value""}"
filename سے نجات پاؤ,notes,"{""action"": ""delete"", ""target"": ""filename"", ""payload"": ""value""}"
Xóa filename,notes,"{""action"": ""delete"", ""target"": ""filename"", ""payload"": ""value""}"
Loại bỏ filename,notes,"{""action"": ""delete"", ""target"": ""filename"", ""payload"": ""value""}"
Xóa sạch filename,notes,"{""action"": ""delete"", ""target"": ""filename"", ""payload"": ""value""}"
Xóa filename,notes,"{""action"": ""delete"", ""target"": ""filename"", ""payload"": ""value""}"
Loại bỏ filename,notes,"{""action"": ""delete"", ""target"": ""filename"", ""payload"": ""value""}"
في filename: value,notes,"{""action"": ""change"", ""target"": ""filename"", ""payload"": ""value""}"
غيّر filename: value,notes,"{""action"": ""change"", ""target"": ""filename"", ""payload"": ""value""}"
حدّث filename: value,notes,"{""action"": ""change"", ""target"": ""filename"", ""payload"": ""value""}"
filename এ: value,notes,"{""action"": ""change"", ""target"": ""filename"", ""payload"": ""value""}"
filename পরিবর্তন করো: value,notes,"{""action"": ""change"", ""target"": ""filename"", ""payload"": ""value""}"
filename আপডেট করো: value,notes,"{""action"": ""change"", ""target"": ""filename"", ""payload"": ""value""}"
在filename中: value,notes,"{""action"": ""change"", ""target"": ""filename"", ""payload"": ""value""}"
更改filename: value,notes,"{""action"": ""change"", ""target"": ""filename"", ""payload"": ""value""}"
更新filename: value,notes,"{""action"": ""change"", ""target"": ""filename"", ""payload"": ""value""}"
V filename: value,notes,"{""action"": ""change"", ""target"": ""filename"", ""payload"": ""value""}"
Změň filename: value,notes,"{""action"": ""change"", ""target"": ""filename"", ""payload"": ""value""}"
Aktualizuj filename: value,notes,"{""action"": ""change"", ""target"": ""filename"", ""payload"": ""value""}"
In filename: value,notes,"{""action"": ""change"", ""target"": ""filename"", ""payload"": ""value""}"
Wijzig filename: value,notes,"{""action"": ""change"", ""target"": ""filename"", ""payload"": ""value""}"
Werk filename bij: value,notes,"{""action"": ""change"", ""target"": ""filename"", ""payload"": ""value""}"
In filename: value,notes,"{""action"": ""change"", ""target"": ""filename"", ""payload"": ""value""}"
Change filename: value,notes,"{""action"": ""change"", ""target"": ""filename"", ""payload"": ""value""}"
Update filename: value,notes,"{""action"": ""change"", ""target"": ""filename"", ""payload"": ""value""}"
Modify filename: value,notes,"{""action"": ""change"", ""target"": ""filename"", ""payload"": ""value""}"
Dans filename: value,notes,"{""action"": ""change"", ""target"": ""filename"", ""payload"": ""value""}"
Modifier filename: value,notes,"{""action"": ""change"", ""target"": ""filename"", ""payload"": ""value""}"
Mettre à jour filename: value,notes,"{""action"": ""change"", ""target"": ""filename"", ""payload"": ""value""}"
In filename: value,notes,"{""action"": ""change"", ""target"": ""filename"", ""payload"": ""value""}"
Ändere filename: value,notes,"{""action"": ""change"", ""target"": ""filename"", ""payload"": ""value""}"
Aktualisiere filename: value,notes,"{""action"": ""change"", ""target"": ""filename"", ""payload"": ""value""}"
Στο filename: value,notes,"{""action"": ""change"", ""target"": ""filename"", ""payload"": ""value""}"
Άλλαξε filename: value,notes,"{""action"": ""change"", ""target"": ""filename"", ""payload"": ""value""}"
Ενημέρωσε filename: value,notes,"{""action"": ""change"", ""target"": ""filename"", ""payload"": ""value""}"
ב-filename: value,notes,"{""action"": ""change"", ""target"": ""filename"", ""payload"": ""value""}"
שנה filename: value,notes,"{""action"": ""change"", ""target"": ""filename"", ""payload"": ""value""}"
עדכן filename: value,notes,"{""action"": ""change"", ""target"": ""filename"", ""payload"": ""value""}"
filename में: value,notes,"{""action"": ""change"", ""target"": ""filename"", ""payload"": ""value""}"
filename बदलो: value,notes,"{""action"": ""change"", ""target"": ""filename"", ""payload"": ""value""}"
filename अपडेट करो: value,notes,"{""action"": ""change"", ""target"": ""filename"", ""payload"": ""value""}"
A filename-ben: value,notes,"{""action"": ""change"", ""target"": ""filename"", ""payload"": ""value""}"
Változtasd meg a filename: value,notes,"{""action"": ""change"", ""target"": ""filename"", ""payload"": ""value""}"
Frissítsd a filename: value,notes,"{""action"": ""change"", ""target"": ""filename"", ""payload"": ""value""}"
Di filename: value,notes,"{""action"": ""change"", ""target"": ""filename"", ""payload"": ""value""}"
Ubah filename: value,notes,"{""action"": ""change"", ""target"": ""filename"", ""payload"": ""value""}"
Perbarui filename: value,notes,"{""action"": ""change"", ""target"": ""filename"", ""payload"": ""value""}"
In filename: value,notes,"{""action"": ""change"", ""target"": ""filename"", ""payload"": ""value""}"
Cambia filename: value,notes,"{""action"": ""change"", ""target"": ""filename"", ""payload"": ""value""}"
Aggiorna filename: value,notes,"{""action"": ""change"", ""target"": ""filename"", ""payload"": ""value""}"
filenameで: value,notes,"{""action"": ""change"", ""target"": ""filename"", ""payload"": ""value""}"
filenameを変更: value,notes,"{""action"": ""change"", ""target"": ""filename"", ""payload"": ""value""}"
filenameを更新: value,notes,"{""action"": ""change"", ""target"": ""filename"", ""payload"": ""value""}"
filename에서: value,notes,"{""action"": ""change"", ""target"": ""filename"", ""payload"": ""value""}"
filename 변경: value,notes,"{""action"": ""change"", ""target"": ""filename"", ""payload"": ""value""}"
filename 업데이트: value,notes,"{""action"": ""change"", ""target"": ""filename"", ""payload"": ""value""}"
filename मध्ये: value,notes,"{""action"": ""change"", ""target"": ""filename"", ""payload"": ""value""}"
filename बदला: value,notes,"{""action"": ""change"", ""target"": ""filename"", ""payload"": ""value""}"
filename अपडेट करा: value,notes,"{""action"": ""change"", ""target"": ""filename"", ""payload"": ""value""}"
در filename: value,notes,"{""action"": ""change"", ""target"": ""filename"", ""payload"": ""value""}"
filename را تغییر بده: value,notes,"{""action"": ""change"", ""target"": ""filename"", ""payload"": ""value""}"
filename را به‌روز کن: value,notes,"{""action"": ""change"", ""target"": ""filename"", ""payload"": ""value""}"
W filename: value,notes,"{""action"": ""change"", ""target"": ""filename"", ""payload"": ""value""}"
Zmień filename: value,notes,"{""action"": ""change"", ""target"": ""filename"", ""payload"": ""value""}"
Zaktualizuj filename: value,notes,"{""action"": ""change"", ""target"": ""filename"", ""payload"": ""value""}"
Em filename: value,notes,"{""action"": ""change"", ""target"": ""filename"", ""payload"": ""value""}"
Alterar filename: value,notes,"{""action"": ""change"", ""target"": ""filename"", ""payload"": ""value""}"
Atualizar filename: value,notes,"{""action"": ""change"", ""target"": ""filename"", ""payload"": ""value""}"
În filename: value,notes,"{""action"": ""change"", ""target"": ""filename"", ""payload"": ""value""}"
Schimbă filename: value,notes,"{""action"": ""change"", ""target"": ""filename"", ""payload"": ""value""}"
Actualizează filename: value,notes,"{""action"": ""change"", ""target"": ""filename"", ""payload"": ""value""}"
В filename: value,notes,"{""action"": ""change"", ""target"": ""filename"", ""payload"": ""value""}"
Измени filename: value,notes,"{""action"": ""change"", ""target"": ""filename"", ""payload"": ""value""}"
Обнови filename: value,notes,"{""action"": ""change"", ""target"": ""filename"", ""payload"": ""value""}"
En filename: value,notes,"{""action"": ""change"", ""target"": ""filename"", ""payload"": ""value""}"
Cambia filename: value,notes,"{""action"": ""change"", ""target"": ""filename"", ""payload"": ""value""}"
Actualiza filename: value,notes,"{""action"": ""change"", ""target"": ""filename"", ""payload"": ""value""}"
Katika filename: value,notes,"{""action"": ""change"", ""target"": ""filename"", ""payload"": ""value""}"
Badilisha filename: value,notes,"{""action"": ""change"", ""target"": ""filename"", ""payload"": ""value""}"
Sasisha filename: value,notes,"{""action"": ""change"", ""target"": ""filename"", ""payload"": ""value""}"
filename இல்: value,notes,"{""action"": ""change"", ""target"": ""filename"", ""payload"": ""value""}"
filename மாற்று: value,notes,"{""action"": ""change"", ""target"": ""filename"", ""payload"": ""value""}"
filename புதுப்பி: value,notes,"{""action"": ""change"", ""target"": ""filename"", ""payload"": ""value""}"
filename లో: value,notes,"{""action"": ""change"", ""target"": ""filename"", ""payload"": ""value""}"
filename మార్చు: value,notes,"{""action"": ""change"", ""target"": ""filename"", ""payload"": ""value""}"
filename అప్‌డేట్ చేయి: value,notes,"{""action"": ""change"", ""target"": ""filename"", ""payload"": ""value""}"
ใน filename: value,notes,"{""action"": ""change"", ""target"": ""filename"", ""payload"": ""value""}"
เปลี่ยน filename: value,notes,"{""action"": ""change"", ""target"": ""filename"", ""payload"": ""value""}"
อัปเดต filename: value,notes,"{""action"": ""change"", ""target"": ""filename"", ""payload"": ""value""}"
filename'de: value,notes,"{""action"": ""change"", ""target"": ""filename"", ""payload"": ""value""}"
filename değiştir: value,notes,"{""action"": ""change"", ""target"": ""filename"", ""payload"": ""value""}"
filename güncelle: value,notes,"{""action"": ""change"", ""target"": ""filename"", ""payload"": ""value""}"
filename میں: value,notes,"{""action"": ""change"", ""target"": ""filename"", ""payload"": ""value""}"
filename تبدیل کرو: value,notes,"{""action"": ""change"", ""target"": ""filename"", ""payload"": ""value""}"
filename اپ ڈیٹ کرو: value,notes,"{""action"": ""change"", ""target"": ""filename"", ""payload"": ""value""}"
Trong filename: value,notes,"{""action"": ""change"", ""target"": ""filename"", ""payload"": ""value""}"
Thay đổi filename: value,notes,"{""action"": ""change"", ""target"": ""filename"", ""payload"": ""value""}"
Cập nhật filename: value,notes,"{""action"": ""change"", ""target"": ""filename"", ""payload"": ""value""}"
في filename: value,notes,"{""action"": ""change"", ""target"": ""filename"", ""payload"": ""value""}"
غيّر filename: value,notes,"{""action"": ""change"", ""target"": ""filename"", ""payload"": ""value""}"
حدّث filename: value,notes,"{""action"": ""change"", ""target"": ""filename"", ""payload"": ""value""}"
filename এ: value,notes,"{""action"": ""change"", ""target"": ""filename"", ""payload"": ""value""}"
filename পরিবর্তন করো: value,notes,"{""action"": ""change"", ""target"": ""filename"", ""payload"": ""value""}"
filename আপডেট করো: value,notes,"{""action"": ""change"", ""target"": ""filename"", ""payload"": ""value""}"
在filename中: value,notes,"{""action"": ""change"", ""target"": ""filename"", ""payload"": ""value""}"
更改filename: value,notes,"{""action"": ""change"", ""target"": ""filename"", ""payload"": ""value""}"
更新filename: value,notes,"{""action"": ""change"", ""target"": ""filename"", ""payload"": ""value""}"
V filename: value,notes,"{""action"": ""change"", ""target"": ""filename"", ""payload"": ""value""}"
Změň filename: value,notes,"{""action"": ""change"", ""target"": ""filename"", ""payload"": ""value""}"
Aktualizuj filename: value,notes,"{""action"": ""change"", ""target"": ""filename"", ""payload"": ""value""}"
In filename: value,notes,"{""action"": ""change"", ""target"": ""filename"", ""payload"": ""value""}"
Wijzig filename: value,notes,"{""action"": ""change"", ""target"": ""filename"", ""payload"": ""value""}"
Werk filename bij: value,notes,"{""action"": ""change"", ""target"": ""filename"", ""payload"": ""value""}"
In filename: value,notes,"{""action"": ""change"", ""target"": ""filename"", ""payload"": ""value""}"
Change filename: value,notes,"{""action"": ""change"", ""target"": ""filename"", ""payload"": ""value""}"
Update filename: value,notes,"{""action"": ""change"", ""target"": ""filename"", ""payload"": ""value""}"
Modify filename: value,notes,"{""action"": ""change"", ""target"": ""filename"", ""payload"": ""value""}"
Dans filename: value,notes,"{""action"": ""change"", ""target"": ""filename"", ""payload"": ""value""}"
Modifier filename: value,notes,"{""action"": ""change"", ""target"": ""filename"", ""payload"": ""value""}"
Mettre à jour filename: value,notes,"{""action"": ""change"", ""target"": ""filename"", ""payload"": ""value""}"
In filename: value,notes,"{""action"": ""change"", ""target"": ""filename"", ""payload"": ""value""}"
Ändere filename: value,notes,"{""action"": ""change"", ""target"": ""filename"", ""payload"": ""value""}"
Aktualisiere filename: value,notes,"{""action"": ""change"", ""target"": ""filename"", ""payload"": ""value""}"
Στο filename: value,notes,"{""action"": ""change"", ""target"": ""filename"", ""payload"": ""value""}"
Άλλαξε filename: value,notes,"{""action"": ""change"", ""target"": ""filename"", ""payload"": ""value""}"
Ενημέρωσε filename: value,notes,"{""action"": ""change"", ""target"": ""filename"", ""payload"": ""value""}"
ב-filename: value,notes,"{""action"": ""change"", ""target"": ""filename"", ""payload"": ""value""}"
שנה filename: value,notes,"{""action"": ""change"", ""target"": ""filename"", ""payload"": ""value""}"
עדכן filename: value,notes,"{""action"": ""change"", ""target"": ""filename"", ""payload"": ""value""}"
filename में: value,notes,"{""action"": ""change"", ""target"": ""filename"", ""payload"": ""value""}"
filename बदलो: value,notes,"{""action"": ""change"", ""target"": ""filename"", ""payload"": ""value""}"
filename अपडेट करो: value,notes,"{""action"": ""change"", ""target"": ""filename"", ""payload"": ""value""}"
A filename-ben: value,notes,"{""action"": ""change"", ""target"": ""filename"", ""payload"": ""value""}"
Változtasd meg a filename: value,notes,"{""action"": ""change"", ""target"": ""filename"", ""payload"": ""value""}"
Frissítsd a filename: value,notes,"{""action"": ""change"", ""target"": ""filename"", ""payload"": ""value""}"
Di filename: value,notes,"{""action"": ""change"", ""target"": ""filename"", ""payload"": ""value""}"
Ubah filename: value,notes,"{""action"": ""change"", ""target"": ""filename"", ""payload"": ""value""}"
Perbarui filename: value,notes,"{""action"": ""change"", ""target"": ""filename"", ""payload"": ""value""}"
In filename: value,notes,"{""action"": ""change"", ""target"": ""filename"", ""payload"": ""value""}"
Cambia filename: value,notes,"{""action"": ""change"", ""target"": ""filename"", ""payload"": ""value""}"
Aggiorna filename: value,notes,"{""action"": ""change"", ""target"": ""filename"", ""payload"": ""value""}"
filenameで: value,notes,"{""action"": ""change"", ""target"": ""filename"", ""payload"": ""value""}"
filenameを変更: value,notes,"{""action"": ""change"", ""target"": ""filename"", ""payload"": ""value""}"
filenameを更新: value,notes,"{""action"": ""change"", ""target"": ""filename"", ""payload"": ""value""}"
filename에서: value,notes,"{""action"": ""change"", ""target"": ""filename"", ""payload"": ""value""}"
filename 변경: value,notes,"{""action"": ""change"", ""target"": ""filename"", ""payload"": ""value""}"
filename 업데이트: value,notes,"{""action"": ""change"", ""target"": ""filename"", ""payload"": ""value""}"
filename मध्ये: value,notes,"{""action"": ""change"", ""target"": ""filename"", ""payload"": ""value""}"
filename बदला: value,notes,"{""action"": ""change"", ""target"": ""filename"", ""payload"": ""value""}"
filename अपडेट करा: value,notes,"{""action"": ""change"", ""target"": ""filename"", ""payload"": ""value""}"
در filename: value,notes,"{""action"": ""change"", ""target"": ""filename"", ""payload"": ""value""}"
filename را تغییر بده: value,notes,"{""action"": ""change"", ""target"": ""filename"", ""payload"": ""value""}"
filename را به‌روز کن: value,notes,"{""action"": ""change"", ""target"": ""filename"", ""payload"": ""value""}"
W filename: value,notes,"{""action"": ""change"", ""target"": ""filename"", ""payload"": ""value""}"
Zmień filename: value,notes,"{""action"": ""change"", ""target"": ""filename"", ""payload"": ""value""}"
Zaktualizuj filename: value,notes,"{""action"": ""change"", ""target"": ""filename"", ""payload"": ""value""}"
Em filename: value,notes,"{""action"": ""change"", ""target"": ""filename"", ""payload"": ""value""}"
Alterar filename: value,notes,"{""action"": ""change"", ""target"": ""filename"", ""payload"": ""value""}"
Atualizar filename: value,notes,"{""action"": ""change"", ""target"": ""filename"", ""payload"": ""value""}"
În filename: value,notes,"{""action"": ""change"", ""target"": ""filename"", ""payload"": ""value""}"
Schimbă filename: value,notes,"{""action"": ""change"", ""target"": ""filename"", ""payload"": ""value""}"
Actualizează filename: value,notes,"{""action"": ""change"", ""target"": ""filename"", ""payload"": ""value""}"
В filename: value,notes,"{""action"": ""change"", ""target"": ""filename"", ""payload"": ""value""}"
Измени filename: value,notes,"{""action"": ""change"", ""target"": ""filename"", ""payload"": ""value""}"
Обнови filename: value,notes,"{""action"": ""change"", ""target"": ""filename"", ""payload"": ""value""}"
En filename: value,notes,"{""action"": ""change"", ""target"": ""filename"", ""payload"": ""value""}"
Cambia filename: value,notes,"{""action"": ""change"", ""target"": ""filename"", ""payload"": ""value""}"
Actualiza filename: value,notes,"{""action"": ""change"", ""target"": ""filename"", ""payload"": ""value""}"
Katika filename: value,notes,"{""action"": ""change"", ""target"": ""filename"", ""payload"": ""value""}"
Badilisha filename: value,notes,"{""action"": ""change"", ""target"": ""filename"", ""payload"": ""value""}"
Sasisha filename: value,notes,"{""action"": ""change"", ""target"": ""filename"", ""payload"": ""value""}"
filename இல்: value,notes,"{""action"": ""change"", ""target"": ""filename"", ""payload"": ""value""}"
filename மாற்று: value,notes,"{""action"": ""change"", ""target"": ""filename"", ""payload"": ""value""}"
filename புதுப்பி: value,notes,"{""action"": ""change"", ""target"": ""filename"", ""payload"": ""value""}"
filename లో: value,notes,"{""action"": ""change"", ""target"": ""filename"", ""payload"": ""value""}"
filename మార్చు: value,notes,"{""action"": ""change"", ""target"": ""filename"", ""payload"": ""value""}"
filename అప్‌డేట్ చేయి: value,notes,"{""action"": ""change"", ""target"": ""filename"", ""payload"": ""value""}"
ใน filename: value,notes,"{""action"": ""change"", ""target"": ""filename"", ""payload"": ""value""}"
เปลี่ยน filename: value,notes,"{""action"": ""change"", ""target"": ""filename"", ""payload"": ""value""}"
อัปเดต filename: value,notes,"{""action"": ""change"", ""target"": ""filename"", ""payload"": ""value""}"
filename'de: value,notes,"{""action"": ""change"", ""target"": ""filename"", ""payload"": ""value""}"
filename değiştir: value,notes,"{""action"": ""change"", ""target"": ""filename"", ""payload"": ""value""}"
filename güncelle: value,notes,"{""action"": ""change"", ""target"": ""filename"", ""payload"": ""value""}"
filename میں: value,notes,"{""action"": ""change"", ""target"": ""filename"", ""payload"": ""value""}"
filename تبدیل کرو: value,notes,"{""action"": ""change"", ""target"": ""filename"", ""payload"": ""value""}"
filename اپ ڈیٹ کرو: value,notes,"{""action"": ""change"", ""target"": ""filename"", ""payload"": ""value""}"
Trong filename: value,notes,"{""action"": ""change"", ""target"": ""filename"", ""payload"": ""value""}"
Thay đổi filename: value,notes,"{""action"": ""change"", ""target"": ""filename"", ""payload"": ""value""}"
Cập nhật filename: value,notes,"{""action"": ""change"", ""target"": ""filename"", ""payload"": ""value""}"
في filename: value,notes,"{""action"": ""change"", ""target"": ""filename"", ""payload"": ""value""}"
غيّر filename: value,notes,"{""action"": ""change"", ""target"": ""filename"", ""payload"": ""value""}"
حدّث filename: value,notes,"{""action"": ""change"", ""target"": ""filename"", ""payload"": ""value""}"
filename এ: value,notes,"{""action"": ""change"", ""target"": ""filename"", ""payload"": ""value""}"
filename পরিবর্তন করো: value,notes,"{""action"": ""change"", ""target"": ""filename"", ""payload"": ""value""}"
filename আপডেট করো: value,notes,"{""action"": ""change"", ""target"": ""filename"", ""payload"": ""value""}"
在filename中: value,notes,"{""action"": ""change"", ""target"": ""filename"", ""payload"": ""value""}"
更改filename: value,notes,"{""action"": ""change"", ""target"": ""filename"", ""payload"": ""value""}"
更新filename: value,notes,"{""action"": ""change"", ""target"": ""filename"", ""payload"": ""value""}"
V filename: value,notes,"{""action"": ""change"", ""target"": ""filename"", ""payload"": ""value""}"
Změň filename: value,notes,"{""action"": ""change"", ""target"": ""filename"", ""payload"": ""value""}"
Aktualizuj filename: value,notes,"{""action"": ""change"", ""target"": ""filename"", ""payload"": ""value""}"
In filename: value,notes,"{""action"": ""change"", ""target"": ""filename"", ""payload"": ""value""}"
Wijzig filename: value,notes,"{""action"": ""change"", ""target"": ""filename"", ""payload"": ""value""}"
Werk filename bij: value,notes,"{""action"": ""change"", ""target"": ""filename"", ""payload"": ""value""}"
In filename: value,notes,"{""action"": ""change"", ""target"": ""filename"", ""payload"": ""value""}"
Change filename: value,notes,"{""action"": ""change"", ""target"": ""filename"", ""payload"": ""value""}"
Update filename: value,notes,"{""action"": ""change"", ""target"": ""filename"", ""payload"": ""value""}"
Modify filename: value,notes,"{""action"": ""change"", ""target"": ""filename"", ""payload"": ""value""}"
Dans filename: value,notes,"{""action"": ""change"", ""target"": ""filename"", ""payload"": ""value""}"
Modifier filename: value,notes,"{""action"": ""change"", ""target"": ""filename"", ""payload"": ""value""}"
Mettre à jour filename: value,notes,"{""action"": ""change"", ""target"": ""filename"", ""payload"": ""value""}"
In filename: value,notes,"{""action"": ""change"", ""target"": ""filename"", ""payload"": ""value""}"
Ändere filename: value,notes,"{""action"": ""change"", ""target"": ""filename"", ""payload"": ""value""}"
Aktualisiere filename: value,notes,"{""action"": ""change"", ""target"": ""filename"", ""payload"": ""value""}"
Στο filename: value,notes,"{""action"": ""change"", ""target"": ""filename"", ""payload"": ""value""}"
Άλλαξε filename: value,notes,"{""action"": ""change"", ""target"": ""filename"", ""payload"": ""value""}"
Ενημέρωσε filename: value,notes,"{""action"": ""change"", ""target"": ""filename"", ""payload"": ""value""}"
ב-filename: value,notes,"{""action"": ""change"", ""target"": ""filename"", ""payload"": ""value""}"
שנה filename: value,notes,"{""action"": ""change"", ""target"": ""filename"", ""payload"": ""value""}"
עדכן filename: value,notes,"{""action"": ""change"", ""target"": ""filename"", ""payload"": ""value""}"
filename में: value,notes,"{""action"": ""change"", ""target"": ""filename"", ""payload"": ""value""}"
filename बदलो: value,notes,"{""action"": ""change"", ""target"": ""filename"", ""payload"": ""value""}"
filename अपडेट करो: value,notes,"{""action"": ""change"", ""target"": ""filename"", ""payload"": ""value""}"
A filename-ben: value,notes,"{""action"": ""change"", ""target"": ""filename"", ""payload"": ""value""}"
Változtasd meg a filename: value,notes,"{""action"": ""change"", ""target"": ""filename"", ""payload"": ""value""}"
Frissítsd a filename: value,notes,"{""action"": ""change"", ""target"": ""filename"", ""payload"": ""value""}"
Di filename: value,notes,"{""action"": ""change"", ""target"": ""filename"", ""payload"": ""value""}"
Ubah filename: value,notes,"{""action"": ""change"", ""target"": ""filename"", ""payload"": ""value""}"
Perbarui filename: value,notes,"{""action"": ""change"", ""target"": ""filename"", ""payload"": ""value""}"
In filename: value,notes,"{""action"": ""change"", ""target"": ""filename"", ""payload"": ""value""}"
Cambia filename: value,notes,"{""action"": ""change"", ""target"": ""filename"", ""payload"": ""value""}"
Aggiorna filename: value,notes,"{""action"": ""change"", ""target"": ""filename"", ""payload"": ""value""}"
filenameで: value,notes,"{""action"": ""change"", ""target"": ""filename"", ""payload"": ""value""}"
filenameを変更: value,notes,"{""action"": ""change"", ""target"": ""filename"", ""payload"": ""value""}"
filenameを更新: value,notes,"{""action"": ""change"", ""target"": ""filename"", ""payload"": ""value""}"
filename에서: value,notes,"{""action"": ""change"", ""target"": ""filename"", ""payload"": ""value""}"
filename 변경: value,notes,"{""action"": ""change"", ""target"": ""filename"", ""payload"": ""value""}"
filename 업데이트: value,notes,"{""action"": ""change"", ""target"": ""filename"", ""payload"": ""value""}"
filename मध्ये: value,notes,"{""action"": ""change"", ""target"": ""filename"", ""payload"": ""value""}"
filename बदला: value,notes,"{""action"": ""change"", ""target"": ""filename"", ""payload"": ""value""}"
filename अपडेट करा: value,notes,"{""action"": ""change"", ""target"": ""filename"", ""payload"": ""value""}"
در filename: value,notes,"{""action"": ""change"", ""target"": ""filename"", ""payload"": ""value""}"
filename را تغییر بده: value,notes,"{""action"": ""change"", ""target"": ""filename"", ""payload"": ""value""}"
filename را به‌روز کن: value,notes,"{""action"": ""change"", ""target"": ""filename"", ""payload"": ""value""}"
W filename: value,notes,"{""action"": ""change"", ""target"": ""filename"", ""payload"": ""value""}"
Zmień filename: value,notes,"{""action"": ""change"", ""target"": ""filename"", ""payload"": ""value""}"
Zaktualizuj filename: value,notes,"{""action"": ""change"", ""target"": ""filename"", ""payload"": ""value""}"
Em filename: value,notes,"{""action"": ""change"", ""target"": ""filename"", ""payload"": ""value""}"
Alterar filename: value,notes,"{""action"": ""change"", ""target"": ""filename"", ""payload"": ""value""}"
Atualizar filename: value,notes,"{""action"": ""change"", ""target"": ""filename"", ""payload"": ""value""}"
În filename: value,notes,"{""action"": ""change"", ""target"": ""filename"", ""payload"": ""value""}"
Schimbă filename: value,notes,"{""action"": ""change"", ""target"": ""filename"", ""payload"": ""value""}"
Actualizează filename: value,notes,"{""action"": ""change"", ""target"": ""filename"", ""payload"": ""value""}"
В filename: value,notes,"{""action"": ""change"", ""target"": ""filename"", ""payload"": ""value""}"
Измени filename: value,notes,"{""action"": ""change"", ""target"": ""filename"", ""payload"": ""value""}"
Обнови filename: value,notes,"{""action"": ""change"", ""target"": ""filename"", ""payload"": ""value""}"
En filename: value,notes,"{""action"": ""change"", ""target"": ""filename"", ""payload"": ""value""}"
Cambia filename: value,notes,"{""action"": ""change"", ""target"": ""filename"", ""payload"": ""value""}"
Actualiza filename: value,notes,"{""action"": ""change"", ""target"": ""filename"", ""payload"": ""value""}"
Katika filename: value,notes,"{""action"": ""change"", ""target"": ""filename"", ""payload"": ""value""}"
Badilisha filename: value,notes,"{""action"": ""change"", ""target"": ""filename"", ""payload"": ""value""}"
Sasisha filename: value,notes,"{""action"": ""change"", ""target"": ""filename"", ""payload"": ""value""}"
filename இல்: value,notes,"{""action"": ""change"", ""target"": ""filename"", ""payload"": ""value""}"
filename மாற்று: value,notes,"{""action"": ""change"", ""target"": ""filename"", ""payload"": ""value""}"
filename புதுப்பி: value,notes,"{""action"": ""change"", ""target"": ""filename"", ""payload"": ""value""}"
filename లో: value,notes,"{""action"": ""change"", ""target"": ""filename"", ""payload"": ""value""}"
filename మార్చు: value,notes,"{""action"": ""change"", ""target"": ""filename"", ""payload"": ""value""}"
filename అప్‌డేట్ చేయి: value,notes,"{""action"": ""change"", ""target"": ""filename"", ""payload"": ""value""}"
ใน filename: value,notes,"{""action"": ""change"", ""target"": ""filename"", ""payload"": ""value""}"
เปลี่ยน filename: value,notes,"{""action"": ""change"", ""target"": ""filename"", ""payload"": ""value""}"
อัปเดต filename: value,notes,"{""action"": ""change"", ""target"": ""filename"", ""payload"": ""value""}"
filename'de: value,notes,"{""action"": ""change"", ""target"": ""filename"", ""payload"": ""value""}"
filename değiştir: value,notes,"{""action"": ""change"", ""target"": ""filename"", ""payload"": ""value""}"
filename güncelle: value,notes,"{""action"": ""change"", ""target"": ""filename"", ""payload"": ""value""}"
filename میں: value,notes,"{""action"": ""change"", ""target"": ""filename"", ""payload"": ""value""}"
filename تبدیل کرو: value,notes,"{""action"": ""change"", ""target"": ""filename"", ""payload"": ""value""}"
filename اپ ڈیٹ کرو: value,notes,"{""action"": ""change"", ""target"": ""filename"", ""payload"": ""value""}"
Trong filename: value,notes,"{""action"": ""change"", ""target"": ""filename"", ""payload"": ""value""}"
Thay đổi filename: value,notes,"{""action"": ""change"", ""target"": ""filename"", ""payload"": ""value""}"
Cập nhật filename: value,notes,"{""action"": ""change"", ""target"": ""filename"", ""payload"": ""value""}"
أعد تسمية filename إلى value,notes,"{""action"": ""rename"", ""target"": ""filename"", ""payload"": ""value""}"
غيّر اسم filename إلى value,notes,"{""action"": ""rename"", ""target"": ""filename"", ""payload"": ""value""}"
filename এর নাম value রাখো,notes,"{""action"": ""rename"", ""target"": ""filename"", ""payload"": ""value""}"
filename value নামকরণ করো,notes,"{""action"": ""rename"", ""target"": ""filename"", ""payload"": ""value""}"
重命名filename为value,notes,"{""action"": ""rename"", ""target"": ""filename"", ""payload"": ""value""}"
将filename名改为value,notes,"{""action"": ""rename"", ""target"": ""filename"", ""payload"": ""value""}"
Přejmenuj filename na value,notes,"{""action"": ""rename"", ""target"": ""filename"", ""payload"": ""value""}"
Změn název filename na value,notes,"{""action"": ""rename"", ""target"": ""filename"", ""payload"": ""value""}"
Hernoem filename naar value,notes,"{""action"": ""rename"", ""target"": ""filename"", ""payload"": ""value""}"
Wijzig filename naam naar value,notes,"{""action"": ""rename"", ""target"": ""filename"", ""payload"": ""value""}"
Rename filename to value,notes,"{""action"": ""rename"", ""target"": ""filename"", ""payload"": ""value""}"
Change filename name to value,notes,"{""action"": ""rename"", ""target"": ""filename"", ""payload"": ""value""}"
Rename filename as value,notes,"{""action"": ""rename"", ""target"": ""filename"", ""payload"": ""value""}"
Renommer filename en value,notes,"{""action"": ""rename"", ""target"": ""filename"", ""payload"": ""value""}"
Changer le nom de filename en value,notes,"{""action"": ""rename"", ""target"": ""filename"", ""payload"": ""value""}"
Benenne filename um in value,notes,"{""action"": ""rename"", ""target"": ""filename"", ""payload"": ""value""}"
Ändere filename Name zu value,notes,"{""action"": ""rename"", ""target"": ""filename"", ""payload"": ""value""}"
Μετονόμασε filename σε value,notes,"{""action"": ""rename"", ""target"": ""filename"", ""payload"": ""value""}"
Άλλαξε το όνομα filename σε value,notes,"{""action"": ""rename"", ""target"": ""filename"", ""payload"": ""value""}"
שנה שם של filename ל-value,notes,"{""action"": ""rename"", ""target"": ""filename"", ""payload"": ""value""}"
קרא מחדש filename כ-value,notes,"{""action"": ""rename"", ""target"": ""filename"", ""payload"": ""value""}"
filename का नाम value रखो,notes,"{""action"": ""rename"", ""target"": ""filename"", ""payload"": ""value""}"
filename को value नाम दो,notes,"{""action"": ""rename"", ""target"": ""filename"", ""payload"": ""value""}"
Nevezd át a filename value-re,notes,"{""action"": ""rename"", ""target"": ""filename"", ""payload"": ""value""}"
Változtasd meg a filename nevét value-re,notes,"{""action"": ""rename"", ""target"": ""filename"", ""payload"": ""value""}"
Ubah nama filename ke value,notes,"{""action"": ""rename"", ""target"": ""filename"", ""payload"": ""value""}"
Ganti nama filename menjadi value,notes,"{""action"": ""rename"", ""target"": ""filename"", ""payload"": ""value""}"
Rinomina filename in value,notes,"{""action"": ""rename"", ""target"": ""filename"", ""payload"": ""value""}"
Cambia nome di filename in value,notes,"{""action"": ""rename"", ""target"": ""filename"", ""payload"": ""value""}"
filenameをvalueにリネーム,notes,"{""action"": ""rename"", ""target"": ""filename"", ""payload"": ""value""}"
filenameの名前をvalueに変更,notes,"{""action"": ""rename"", ""target"": ""filename"", ""payload"": ""value""}"
filename를 value로 이름 변경,notes,"{""action"": ""rename"", ""target"": ""filename"", ""payload"": ""value""}"
filename 이름을 value로 변경,notes,"{""action"": ""rename"", ""target"": ""filename"", ""payload"": ""value""}"
filename चे नाव value ठेवा,notes,"{""action"": ""rename"", ""target"": ""filename"", ""payload"": ""value""}"
filename ला value नाव द्या,notes,"{""action"": ""rename"", ""target"": ""filename"", ""payload"": ""value""}"
نام filename را به value تغییر بده,notes,"{""action"": ""rename"", ""target"": ""filename"", ""payload"": ""value""}"
filename را value نامگذاری کن,notes,"{""action"": ""rename"", ""target"": ""filename"", ""payload"": ""value""}"
Przemianuj filename na value,notes,"{""action"": ""rename"", ""target"": ""filename"", ""payload"": ""value""}"
Zmień nazwę filename na value,notes,"{""action"": ""rename"", ""target"": ""filename"", ""payload"": ""value""}"
Renomear filename para value,notes,"{""action"": ""rename"", ""target"": ""filename"", ""payload"": ""value""}"
Mudar nome de filename para value,notes,"{""action"": ""rename"", ""target"": ""filename"", ""payload"": ""value""}"
Redenumește filename în value,notes,"{""action"": ""rename"", ""target"": ""filename"", ""payload"": ""value""}"
Schimbă numele filename în value,notes,"{""action"": ""rename"", ""target"": ""filename"", ""payload"": ""value""}"
Переименуй filename в value,notes,"{""action"": ""rename"", ""target"": ""filename"", ""payload"": ""value""}"
Измени имя filename на value,notes,"{""action"": ""rename"", ""target"": ""filename"", ""payload"": ""value""}"
Renombrar filename a value,notes,"{""action"": ""rename"", ""target"": ""filename"", ""payload"": ""value""}"
Cambiar nombre de filename a value,notes,"{""action"": ""rename"", ""target"": ""filename"", ""payload"": ""value""}"
Badilisha jina la filename kuwa value,notes,"{""action"": ""rename"", ""target"": ""filename"", ""payload"": ""value""}"
Weka filename jipya value,notes,"{""action"": ""rename"", ""target"": ""filename"", ""payload"": ""value""}"
filename ஐ value ஆக மறுபெயரிடு,notes,"{""action"": ""rename"", ""target"": ""filename"", ""payload"": ""value""}"
filename பெயரை value ஆக மாற்று,notes,"{""action"": ""rename"", ""target"": ""filename"", ""payload"": ""value""}"
filename పేరును value గా మార్చు,notes,"{""action"": ""rename"", ""target"": ""filename"", ""payload"": ""value""}"
filename ని value గా పునర్నామకరణ చేయి,notes,"{""action"": ""rename"", ""target"": ""filename"", ""payload"": ""value""}"
เปลี่ยนชื่อ filename เป็น value,notes,"{""action"": ""rename"", ""target"": ""filename"", ""payload"": ""value""}"
ตั้งชื่อ filename ใหม่เป็น value,notes,"{""action"": ""rename"", ""target"": ""filename"", ""payload"": ""value""}"
filename'i value olarak yeniden adlandır,notes,"{""action"": ""rename"", ""target"": ""filename"", ""payload"": ""value""}"
filename adını value olarak değiştir,notes,"{""action"": ""rename"", ""target"": ""filename"", ""payload"": ""value""}"
filename کا نام value رکھو,notes,"{""action"": ""rename"", ""target"": ""filename"", ""payload"": ""value""}"
filename کو value نام دو,notes,"{""action"": ""rename"", ""target"": ""filename"", ""payload"": ""value""}"
Đổi tên filename thành value,notes,"{""action"": ""rename"", ""target"": ""filename"", ""payload"": ""value""}"
Thay đổi tên filename thành value,notes,"{""action"": ""rename"", ""target"": ""filename"", ""payload"": ""value""}"
ابحث عن value,notes,"{""action"": ""search"", ""target"": ""filename (optional)"", ""payload"": ""value""}"
اعثر على value,notes,"{""action"": ""search"", ""target"": ""filename (optional)"", ""payload"": ""value""}"
ابحث في filename (optional) عن value,notes,"{""action"": ""search"", ""target"": ""filename (optional)"", ""payload"": ""value""}"
value খুঁজো,notes,"{""action"": ""search"", ""target"": ""filename (optional)"", ""payload"": ""value""}"
value সন্ধান করো,notes,"{""action"": ""search"", ""target"": ""filename (optional)"", ""payload"": ""value""}"
filename (optional) এ value খুঁজো,notes,"{""action"": ""search"", ""target"": ""filename (optional)"", ""payload"": ""value""}"
搜索value,notes,"{""action"": ""search"", ""target"": ""filename (optional)"", ""payload"": ""value""}"
查找value,notes,"{""action"": ""search"", ""target"": ""filename (optional)"", ""payload"": ""value""}"
搜索filename (optional)中的value,notes,"{""action"": ""search"", ""target"": ""filename (optional)"", ""payload"": ""value""}"
Hledej value,notes,"{""action"": ""search"", ""target"": ""filename (optional)"", ""payload"": ""value""}"
Najdi value,notes,"{""action"": ""search"", ""target"": ""filename (optional)"", ""payload"": ""value""}"
Hledej value v filename (optional),notes,"{""action"": ""search"", ""target"": ""filename (optional)"", ""payload"": ""value""}"
Zoek value,notes,"{""action"": ""search"", ""target"": ""filename (optional)"", ""payload"": ""value""}"
Vind value,notes,"{""action"": ""search"", ""target"": ""filename (optional)"", ""payload"": ""value""}"
Zoek in filename (optional) naar value,notes,"{""action"": ""search"", ""target"": ""filename (optional)"", ""payload"": ""value""}"
Search for value,notes,"{""action"": ""search"", ""target"": ""filename (optional)"", ""payload"": ""value""}"
Find value,notes,"{""action"": ""search"", ""target"": ""filename (optional)"", ""payload"": ""value""}"
Look up value,notes,"{""action"": ""search"", ""target"": ""filename (optional)"", ""payload"": ""value""}"
Search filename (optional) for value,notes,"{""action"": ""search"", ""target"": ""filename (optional)"", ""payload"": ""value""}"
Find value in filename (optional),notes,"{""action"": ""search"", ""target"": ""filename (optional)"", ""payload"": ""value""}"
Rechercher value,notes,"{""action"": ""search"", ""target"": ""filename (optional)"", ""payload"": ""value""}"
Trouver value,notes,"{""action"": ""search"", ""target"": ""filename (optional)"", ""payload"": ""value""}"
Chercher value,notes,"{""action"": ""search"", ""target"": ""filename (optional)"", ""payload"": ""value""}"
Suche nach value,notes,"{""action"": ""search"", ""target"": ""filename (optional)"", ""payload"": ""value""}"
Finde value,notes,"{""action"": ""search"", ""target"": ""filename (optional)"", ""payload"": ""value""}"
Suche value,notes,"{""action"": ""search"", ""target"": ""filename (optional)"", ""payload"": ""value""}"
Αναζήτησε value,notes,"{""action"": ""search"", ""target"": ""filename (optional)"", ""payload"": ""value""}"
Βρες value,notes,"{""action"": ""search"", ""target"": ""filename (optional)"", ""payload"": ""value""}"
Αναζήτησε στο filename (optional) value,notes,"{""action"": ""search"", ""target"": ""filename (optional)"", ""payload"": ""value""}"
חפש value,notes,"{""action"": ""search"", ""target"": ""filename (optional)"", ""payload"": ""value""}"
מצא value,notes,"{""action"": ""search"", ""target"": ""filename (optional)"", ""payload"": ""value""}"
חפש ב-filename (optional) את value,notes,"{""action"": ""search"", ""target"": ""filename (optional)"", ""payload"": ""value""}"
value खोजो,notes,"{""action"": ""search"", ""target"": ""filename (optional)"", ""payload"": ""value""}"
value ढूंढो,notes,"{""action"": ""search"", ""target"": ""filename (optional)"", ""payload"": ""value""}"
filename (optional) में value खोजो,notes,"{""action"": ""search"", ""target"": ""filename (optional)"", ""payload"": ""value""}"
Keresd a value,notes,"{""action"": ""search"", ""target"": ""filename (optional)"", ""payload"": ""value""}"
Találd meg a value,notes,"{""action"": ""search"", ""target"": ""filename (optional)"", ""payload"": ""value""}"
Keresd a filename (optional)-ben a value,notes,"{""action"": ""search"", ""target"": ""filename (optional)"", ""payload"": ""value""}"
Cari value,notes,"{""action"": ""search"", ""target"": ""filename (optional)"", ""payload"": ""value""}"
Temukan value,notes,"{""action"": ""search"", ""target"": ""filename (optional)"", ""payload"": ""value""}"
Cari value di filename (optional),notes,"{""action"": ""search"", ""target"": ""filename (optional)"", ""payload"": ""value""}"
Cerca value,notes,"{""action"": ""search"", ""target"": ""filename (optional)"", ""payload"": ""value""}"
Trova value,notes,"{""action"": ""search"", ""target"": ""filename (optional)"", ""payload"": ""value""}"
Cerca value,notes,"{""action"": ""search"", ""target"": ""filename (optional)"", ""payload"": ""value""}"
valueを検索,notes,"{""action"": ""search"", ""target"": ""filename (optional)"", ""payload"": ""value""}"
valueを見つける,notes,"{""action"": ""search"", ""target"": ""filename (optional)"", ""payload"": ""value""}"
valueを調べる,notes,"{""action"": ""search"", ""target"": ""filename (optional)"", ""payload"": ""value""}"
value 검색,notes,"{""action"": ""search"", ""target"": ""filename (optional)"", ""payload"": ""value""}"
value 찾기,notes,"{""action"": ""search"", ""target"": ""filename (optional)"", ""payload"": ""value""}"
value 조회,notes,"{""action"": ""search"", ""target"": ""filename (optional)"", ""payload"": ""value""}"
value शोधा,notes,"{""action"": ""search"", ""target"": ""filename (optional)"", ""payload"": ""value""}"
value शोधून काढा,notes,"{""action"": ""search"", ""target"": ""filename (optional)"", ""payload"": ""value""}"
filename (optional) मध्ये value शोधा,notes,"{""action"": ""search"", ""target"": ""filename (optional)"", ""payload"": ""value""}"
جستجوی value,notes,"{""action"": ""search"", ""target"": ""filename (optional)"", ""payload"": ""value""}"
پیدا کن value,notes,"{""action"": ""search"", ""target"": ""filename (optional)"", ""payload"": ""value""}"
در filename (optional) جستجوی value,notes,"{""action"": ""search"", ""target"": ""filename (optional)"", ""payload"": ""value""}"
Szukaj value,notes,"{""action"": ""search"", ""target"": ""filename (optional)"", ""payload"": ""value""}"
Znajdź value,notes,"{""action"": ""search"", ""target"": ""filename (optional)"", ""payload"": ""value""}"
Szukaj value w filename (optional),notes,"{""action"": ""search"", ""target"": ""filename (optional)"", ""payload"": ""value""}"
Pesquisar value,notes,"{""action"": ""search"", ""target"": ""filename (optional)"", ""payload"": ""value""}"
Encontrar value,notes,"{""action"": ""search"", ""target"": ""filename (optional)"", ""payload"": ""value""}"
Buscar value,notes,"{""action"": ""search"", ""target"": ""filename (optional)"", ""payload"": ""value""}"
Caută value,notes,"{""action"": ""search"", ""target"": ""filename (optional)"", ""payload"": ""value""}"
Găsește value,notes,"{""action"": ""search"", ""target"": ""filename (optional)"", ""payload"": ""value""}"
Caută în filename (optional) value,notes,"{""action"": ""search"", ""target"": ""filename (optional)"", ""payload"": ""value""}"
Ищи value,notes,"{""action"": ""search"", ""target"": ""filename (optional)"", ""payload"": ""value""}"
Найди value,notes,"{""action"": ""search"", ""target"": ""filename (optional)"", ""payload"": ""value""}"
Поищи value,notes,"{""action"": ""search"", ""target"": ""filename (optional)"", ""payload"": ""value""}"
Buscar value,notes,"{""action"": ""search"", ""target"": ""filename (optional)"", ""payload"": ""value""}"
Encontrar value,notes,"{""action"": ""search"", ""target"": ""filename (optional)"", ""payload"": ""value""}"
Buscar value,notes,"{""action"": ""search"", ""target"": ""filename (optional)"", ""payload"": ""value""}"
Tafuta value,notes,"{""action"": ""search"", ""target"": ""filename (optional)"", ""payload"": ""value""}"
Pata value,notes,"{""action"": ""search"", ""target"": ""filename (optional)"", ""payload"": ""value""}"
Tafuta value katika filename (optional),notes,"{""action"": ""search"", ""target"": ""filename (optional)"", ""payload"": ""value""}"
value ஐ தேடு,notes,"{""action"": ""search"", ""target"": ""filename (optional)"", ""payload"": ""value""}"
value ஐ கண்டறி,notes,"{""action"": ""search"", ""target"": ""filename (optional)"", ""payload"": ""value""}"
filename (optional) இல் value ஐ தேடு,notes,"{""action"": ""search"", ""target"": ""filename (optional)"", ""payload"": ""value""}"
filename (optional) ని వెతుకు: value,notes,"{""action"": ""search"", ""target"": ""filename (optional)"", ""payload"": ""value""}"
filename (optional) లో value కనుగొను,notes,"{""action"": ""search"", ""target"": ""filename (optional)"", ""payload"": ""value""}"
ค้นหา value,notes,"{""action"": ""search"", ""target"": ""filename (optional)"", ""payload"": ""value""}"
หา value,notes,"{""action"": ""search"", ""target"": ""filename (optional)"", ""payload"": ""value""}"
ค้นหา value ใน filename (optional),notes,"{""action"": ""search"", ""target"": ""filename (optional)"", ""payload"": ""value""}"
value ara,notes,"{""action"": ""search"", ""target"": ""filename (optional)"", ""payload"": ""value""}"
value bul,notes,"{""action"": ""search"", ""target"": ""filename (optional)"", ""payload"": ""value""}"
filename (optional)'de value ara,notes,"{""action"": ""search"", ""target"": ""filename (optional)"", ""payload"": ""value""}"
value تلاش کرو,notes,"{""action"": ""search"", ""target"": ""filename (optional)"", ""payload"": ""value""}"
value ڈھونڈو,notes,"{""action"": ""search"", ""target"": ""filename (optional)"", ""payload"": ""value""}"
filename (optional) میں value تلاش کرو,notes,"{""action"": ""search"", ""target"": ""filename (optional)"", ""payload"": ""value""}"
Tìm value,notes,"{""action"": ""search"", ""target"": ""filename (optional)"", ""payload"": ""value""}"
Tìm kiếm value,notes,"{""action"": ""search"", ""target"": ""filename (optional)"", ""payload"": ""value""}"
Tìm value trong filename (optional),notes,"{""action"": ""search"", ""target"": ""filename (optional)"", ""payload"": ""value""}"
ما هو setting؟,settings,"{""action"": ""get"", ""target"": ""setting"", ""payload"": ""value""}"
أخبرني عن setting,settings,"{""action"": ""get"", ""target"": ""setting"", ""payload"": ""value""}"
اعرض لي setting,settings,"{""action"": ""get"", ""target"": ""setting"", ""payload"": ""value""}"
احصل على setting,settings,"{""action"": ""get"", ""target"": ""setting"", ""payload"": ""value""}"
أحتاج setting,settings,"{""action"": ""get"", ""target"": ""setting"", ""payload"": ""value""}"
setting কি?,settings,"{""action"": ""get"", ""target"": ""setting"", ""payload"": ""value""}"
আমাকে setting বলো,settings,"{""action"": ""get"", ""target"": ""setting"", ""payload"": ""value""}"
setting দেখাও,settings,"{""action"": ""get"", ""target"": ""setting"", ""payload"": ""value""}"
setting নাও,settings,"{""action"": ""get"", ""target"": ""setting"", ""payload"": ""value""}"
আমার setting দরকার,settings,"{""action"": ""get"", ""target"": ""setting"", ""payload"": ""value""}"
setting是什么？,settings,"{""action"": ""get"", ""target"": ""setting"", ""payload"": ""value""}"
告诉我setting,settings,"{""action"": ""get"", ""target"": ""setting"", ""payload"": ""value""}"
显示setting,settings,"{""action"": ""get"", ""target"": ""setting"", ""payload"": ""value""}"
获取setting,settings,"{""action"": ""get"", ""target"": ""setting"", ""payload"": ""value""}"
我需要setting,settings,"{""action"": ""get"", ""target"": ""setting"", ""payload"": ""value""}"
Co je setting?,settings,"{""action"": ""get"", ""target"": ""setting"", ""payload"": ""value""}"
Řekni mi setting,settings,"{""action"": ""get"", ""target"": ""setting"", ""payload"": ""value""}"
Ukaž mi setting,settings,"{""action"": ""get"", ""target"": ""setting"", ""payload"": ""value""}"
Získej setting,settings,"{""action"": ""get"", ""target"": ""setting"", ""payload"": ""value""}"
Potřebuji setting,settings,"{""action"": ""get"", ""target"": ""setting"", ""payload"": ""value""}"
Wat is setting?,settings,"{""action"": ""get"", ""target"": ""setting"", ""payload"": ""value""}"
Vertel me setting,settings,"{""action"": ""get"", ""target"": ""setting"", ""payload"": ""value""}"
Laat setting zien,settings,"{""action"": ""get"", ""target"": ""setting"", ""payload"": ""value""}"
Haal setting,settings,"{""action"": ""get"", ""target"": ""setting"", ""payload"": ""value""}"
Ik heb setting nodig,settings,"{""action"": ""get"", ""target"": ""setting"", ""payload"": ""value""}"
What is the setting?,settings,"{""action"": ""get"", ""target"": ""setting"", ""payload"": ""value""}"
Tell me the setting,settings,"{""action"": ""get"", ""target"": ""setting"", ""payload"": ""value""}"
Show me setting,settings,"{""action"": ""get"", ""target"": ""setting"", ""payload"": ""value""}"
Get the setting,settings,"{""action"": ""get"", ""target"": ""setting"", ""payload"": ""value""}"
I need setting,settings,"{""action"": ""get"", ""target"": ""setting"", ""payload"": ""value""}"
Quel est le setting?,settings,"{""action"": ""get"", ""target"": ""setting"", ""payload"": ""value""}"
Dis-moi le setting,settings,"{""action"": ""get"", ""target"": ""setting"", ""payload"": ""value""}"
Montre-moi setting,settings,"{""action"": ""get"", ""target"": ""setting"", ""payload"": ""value""}"
Donne-moi le setting,settings,"{""action"": ""get"", ""target"": ""setting"", ""payload"": ""value""}"
J'ai besoin du setting,settings,"{""action"": ""get"", ""target"": ""setting"", ""payload"": ""value""}"
Was ist setting?,settings,"{""action"": ""get"", ""target"": ""setting"", ""payload"": ""value""}"
Sag mir setting,settings,"{""action"": ""get"", ""target"": ""setting"", ""payload"": ""value""}"
Zeig mir setting,settings,"{""action"": ""get"", ""target"": ""setting"", ""payload"": ""value""}"
Hol setting,settings,"{""action"": ""get"", ""target"": ""setting"", ""payload"": ""value""}"
Ich brauche setting,settings,"{""action"": ""get"", ""target"": ""setting"", ""payload"": ""value""}"
Τι είναι το setting;,settings,"{""action"": ""get"", ""target"": ""setting"", ""payload"": ""value""}"
Πες μου το setting,settings,"{""action"": ""get"", ""target"": ""setting"", ""payload"": ""value""}"
Δείξε μου το setting,settings,"{""action"": ""get"", ""target"": ""setting"", ""payload"": ""value""}"
Πάρε το setting,settings,"{""action"": ""get"", ""target"": ""setting"", ""payload"": ""value""}"
Χρειάζομαι το setting,settings,"{""action"": ""get"", ""target"": ""setting"", ""payload"": ""value""}"
מה זה setting?,settings,"{""action"": ""get"", ""target"": ""setting"", ""payload"": ""value""}"
ספר לי על setting,settings,"{""action"": ""get"", ""target"": ""setting"", ""payload"": ""value""}"
הראה לי setting,settings,"{""action"": ""get"", ""target"": ""setting"", ""payload"": ""value""}"
קבל setting,settings,"{""action"": ""get"", ""target"": ""setting"", ""payload"": ""value""}"
אני צריך setting,settings,"{""action"": ""get"", ""target"": ""setting"", ""payload"": ""value""}"
setting क्या है?,settings,"{""action"": ""get"", ""target"": ""setting"", ""payload"": ""value""}"
मुझे setting बताओ,settings,"{""action"": ""get"", ""target"": ""setting"", ""payload"": ""value""}"
setting दिखाओ,settings,"{""action"": ""get"", ""target"": ""setting"", ""payload"": ""value""}"
setting प्राप्त करो,settings,"{""action"": ""get"", ""target"": ""setting"", ""payload"": ""value""}"
मुझे setting चाहिए,settings,"{""action"": ""get"", ""target"": ""setting"", ""payload"": ""value""}"
Mi az a setting?,settings,"{""action"": ""get"", ""target"": ""setting"", ""payload"": ""value""}"
Mondd el a setting,settings,"{""action"": ""get"", ""target"": ""setting"", ""payload"": ""value""}"
Mutasd a setting,settings,"{""action"": ""get"", ""target"": ""setting"", ""payload"": ""value""}"
Szerezd be a setting,settings,"{""action"": ""get"", ""target"": ""setting"", ""payload"": ""value""}"
Szükségem van a setting,settings,"{""action"": ""get"", ""target"": ""setting"", ""payload"": ""value""}"
Apa itu setting?,settings,"{""action"": ""get"", ""target"": ""setting"", ""payload"": ""value""}"
Beritahu saya setting,settings,"{""action"": ""get"", ""target"": ""setting"", ""payload"": ""value""}"
Tunjukkan setting,settings,"{""action"": ""get"", ""target"": ""setting"", ""payload"": ""value""}"
Ambil setting,settings,"{""action"": ""get"", ""target"": ""setting"", ""payload"": ""value""}"
Saya butuh setting,settings,"{""action"": ""get"", ""target"": ""setting"", ""payload"": ""value""}"
Cos'è setting?,settings,"{""action"": ""get"", ""target"": ""setting"", ""payload"": ""value""}"
Dimmi setting,settings,"{""action"": ""get"", ""target"": ""setting"", ""payload"": ""value""}"
Mostrami setting,settings,"{""action"": ""get"", ""target"": ""setting"", ""payload"": ""value""}"
Ottieni setting,settings,"{""action"": ""get"", ""target"": ""setting"", ""payload"": ""value""}"
Ho bisogno di setting,settings,"{""action"": ""get"", ""target"": ""setting"", ""payload"": ""value""}"
settingは?,settings,"{""action"": ""get"", ""target"": ""setting"", ""payload"": ""value""}"
settingを教えて,settings,"{""action"": ""get"", ""target"": ""setting"", ""payload"": ""value""}"
settingを見せて,settings,"{""action"": ""get"", ""target"": ""setting"", ""payload"": ""value""}"
settingを取得,settings,"{""action"": ""get"", ""target"": ""setting"", ""payload"": ""value""}"
settingが必要,settings,"{""action"": ""get"", ""target"": ""setting"", ""payload"": ""value""}"
setting 뭐야?,settings,"{""action"": ""get"", ""target"": ""setting"", ""payload"": ""value""}"
setting 알려줘,settings,"{""action"": ""get"", ""target"": ""setting"", ""payload"": ""value""}"
setting 보여줘,settings,"{""action"": ""get"", ""target"": ""setting"", ""payload"": ""value""}"
setting 가져와,settings,"{""action"": ""get"", ""target"": ""setting"", ""payload"": ""value""}"
setting 필요해,settings,"{""action"": ""get"", ""target"": ""setting"", ""payload"": ""value""}"
setting काय आहे?,settings,"{""action"": ""get"", ""target"": ""setting"", ""payload"": ""value""}"
मला setting सांगा,settings,"{""action"": ""get"", ""target"": ""setting"", ""payload"": ""value""}"
setting दाखवा,settings,"{""action"": ""get"", ""target"": ""setting"", ""payload"": ""value""}"
setting मिळवा,settings,"{""action"": ""get"", ""target"": ""setting"", ""payload"": ""value""}"
मला setting हवा आहे,settings,"{""action"": ""get"", ""target"": ""setting"", ""payload"": ""value""}"
setting چیست؟,settings,"{""action"": ""get"", ""target"": ""setting"", ""payload"": ""value""}"
به من setting را بگو,settings,"{""action"": ""get"", ""target"": ""setting"", ""payload"": ""value""}"
setting را نشان بده,settings,"{""action"": ""get"", ""target"": ""setting"", ""payload"": ""value""}"
setting را بگیر,settings,"{""action"": ""get"", ""target"": ""setting"", ""payload"": ""value""}"
من setting نیاز دارم,settings,"{""action"": ""get"", ""target"": ""setting"", ""payload"": ""value""}"
Co to jest setting?,settings,"{""action"": ""get"", ""target"": ""setting"", ""payload"": ""value""}"
Powiedz mi setting,settings,"{""action"": ""get"", ""target"": ""setting"", ""payload"": ""value""}"
Pokaż setting,settings,"{""action"": ""get"", ""target"": ""setting"", ""payload"": ""value""}"
Pobierz setting,settings,"{""action"": ""get"", ""target"": ""setting"", ""payload"": ""value""}"
Potrzebuję setting,settings,"{""action"": ""get"", ""target"": ""setting"", ""payload"": ""value""}"
O que é setting?,settings,"{""action"": ""get"", ""target"": ""setting"", ""payload"": ""value""}"
Me diga setting,settings,"{""action"": ""get"", ""target"": ""setting"", ""payload"": ""value""}"
Mostre setting,settings,"{""action"": ""get"", ""target"": ""setting"", ""payload"": ""value""}"
Obtenha setting,settings,"{""action"": ""get"", ""target"": ""setting"", ""payload"": ""value""}"
Preciso de setting,settings,"{""action"": ""get"", ""target"": ""setting"", ""payload"": ""value""}"
Ce este setting?,settings,"{""action"": ""get"", ""target"": ""setting"", ""payload"": ""value""}"
Spune-mi setting,settings,"{""action"": ""get"", ""target"": ""setting"", ""payload"": ""value""}"
Arată-mi setting,settings,"{""action"": ""get"", ""target"": ""setting"", ""payload"": ""value""}"
Obține setting,settings,"{""action"": ""get"", ""target"": ""setting"", ""payload"": ""value""}"
Am nevoie de setting,settings,"{""action"": ""get"", ""target"": ""setting"", ""payload"": ""value""}"
Что такое setting?,settings,"{""action"": ""get"", ""target"": ""setting"", ""payload"": ""value""}"
Скажи setting,settings,"{""action"": ""get"", ""target"": ""setting"", ""payload"": ""value""}"
Покажи setting,settings,"{""action"": ""get"", ""target"": ""setting"", ""payload"": ""value""}"
Получи setting,settings,"{""action"": ""get"", ""target"": ""setting"", ""payload"": ""value""}"
Мне нужен setting,settings,"{""action"": ""get"", ""target"": ""setting"", ""payload"": ""value""}"
¿Qué es setting?,settings,"{""action"": ""get"", ""target"": ""setting"", ""payload"": ""value""}"
Dime setting,settings,"{""action"": ""get"", ""target"": ""setting"", ""payload"": ""value""}"
Muéstrame setting,settings,"{""action"": ""get"", ""target"": ""setting"", ""payload"": ""value""}"
Obtén setting,settings,"{""action"": ""get"", ""target"": ""setting"", ""payload"": ""value""}"
Necesito setting,settings,"{""action"": ""get"", ""target"": ""setting"", ""payload"": ""value""}"
Nini setting?,settings,"{""action"": ""get"", ""target"": ""setting"", ""payload"": ""value""}"
Niambie setting,settings,"{""action"": ""get"", ""target"": ""setting"", ""payload"": ""value""}"
Nionyeshe setting,settings,"{""action"": ""get"", ""target"": ""setting"", ""payload"": ""value""}"
Pata setting,settings,"{""action"": ""get"", ""target"": ""setting"", ""payload"": ""value""}"
Ninahitaji setting,settings,"{""action"": ""get"", ""target"": ""setting"", ""payload"": ""value""}"
setting என்ன?,settings,"{""action"": ""get"", ""target"": ""setting"", ""payload"": ""value""}"
எனக்கு setting சொல்,settings,"{""action"": ""get"", ""target"": ""setting"", ""payload"": ""value""}"
setting காட்டு,settings,"{""action"": ""get"", ""target"": ""setting"", ""payload"": ""value""}"
setting எடு,settings,"{""action"": ""get"", ""target"": ""setting"", ""payload"": ""value""}"
எனக்கு setting வேண்டும்,settings,"{""action"": ""get"", ""target"": ""setting"", ""payload"": ""value""}"
setting ఏమిటి?,settings,"{""action"": ""get"", ""target"": ""setting"", ""payload"": ""value""}"
నాకు setting చెప్పు,settings,"{""action"": ""get"", ""target"": ""setting"", ""payload"": ""value""}"
setting చూపించు,settings,"{""action"": ""get"", ""target"": ""setting"", ""payload"": ""value""}"
setting తీసుకో,settings,"{""action"": ""get"", ""target"": ""setting"", ""payload"": ""value""}"
నాకు setting కావాలి,settings,"{""action"": ""get"", ""target"": ""setting"", ""payload"": ""value""}"
setting คืออะไร?,settings,"{""action"": ""get"", ""target"": ""setting"", ""payload"": ""value""}"
บอกฉันเรื่อง setting,settings,"{""action"": ""get"", ""target"": ""setting"", ""payload"": ""value""}"
แสดง setting,settings,"{""action"": ""get"", ""target"": ""setting"", ""payload"": ""value""}"
เอา setting มา,settings,"{""action"": ""get"", ""target"": ""setting"", ""payload"": ""value""}"
ฉันต้องการ setting,settings,"{""action"": ""get"", ""target"": ""setting"", ""payload"": ""value""}"
setting nedir?,settings,"{""action"": ""get"", ""target"": ""setting"", ""payload"": ""value""}"
Bana setting söyle,settings,"{""action"": ""get"", ""target"": ""setting"", ""payload"": ""value""}"
setting göster,settings,"{""action"": ""get"", ""target"": ""setting"", ""payload"": ""value""}"
setting al,settings,"{""action"": ""get"", ""target"": ""setting"", ""payload"": ""value""}"
Bana setting lazım,settings,"{""action"": ""get"", ""target"": ""setting"", ""payload"": ""value""}"
setting کیا ہے؟,settings,"{""action"": ""get"", ""target"": ""setting"", ""payload"": ""value""}"
مجھے setting بتاؤ,settings,"{""action"": ""get"", ""target"": ""setting"", ""payload"": ""value""}"
setting دکھاؤ,settings,"{""action"": ""get"", ""target"": ""setting"", ""payload"": ""value""}"
setting حاصل کرو,settings,"{""action"": ""get"", ""target"": ""setting"", ""payload"": ""value""}"
مجھے setting چاہیے,settings,"{""action"": ""get"", ""target"": ""setting"", ""payload"": ""value""}"
setting là gì?,settings,"{""action"": ""get"", ""target"": ""setting"", ""payload"": ""value""}"
Cho tôi biết setting,settings,"{""action"": ""get"", ""target"": ""setting"", ""payload"": ""value""}"
Hiển thị setting,settings,"{""action"": ""get"", ""target"": ""setting"", ""payload"": ""value""}"
Lấy setting,settings,"{""action"": ""get"", ""target"": ""setting"", ""payload"": ""value""}"
Tôi cần setting,settings,"{""action"": ""get"", ""target"": ""setting"", ""payload"": ""value""}"
ما هو timezone؟,settings,"{""action"": ""get"", ""target"": ""timezone"", ""payload"": ""America/New_York""}"
أخبرني عن timezone,settings,"{""action"": ""get"", ""target"": ""timezone"", ""payload"": ""Europe/Berlin""}"
اعرض لي timezone,settings,"{""action"": ""get"", ""target"": ""timezone"", ""payload"": ""Australia/Sydney""}"
احصل على timezone,settings,"{""action"": ""get"", ""target"": ""timezone"", ""payload"": ""Asia/Dhaka""}"
أحتاج timezone,settings,"{""action"": ""get"", ""target"": ""timezone"", ""payload"": ""Asia/Tokyo""}"
timezone কি?,settings,"{""action"": ""get"", ""target"": ""timezone"", ""payload"": ""America/New_York""}"
আমাকে timezone বলো,settings,"{""action"": ""get"", ""target"": ""timezone"", ""payload"": ""Asia/Dhaka""}"
timezone দেখাও,settings,"{""action"": ""get"", ""target"": ""timezone"", ""payload"": ""Asia/Dhaka""}"
timezone নাও,settings,"{""action"": ""get"", ""target"": ""timezone"", ""payload"": ""Australia/Sydney""}"
আমার timezone দরকার,settings,"{""action"": ""get"", ""target"": ""timezone"", ""payload"": ""Asia/Tokyo""}"
timezone是什么？,settings,"{""action"": ""get"", ""target"": ""timezone"", ""payload"": ""Australia/Sydney""}"
告诉我timezone,settings,"{""action"": ""get"", ""target"": ""timezone"", ""payload"": ""America/New_York""}"
显示timezone,settings,"{""action"": ""get"", ""target"": ""timezone"", ""payload"": ""Europe/Berlin""}"
获取timezone,settings,"{""action"": ""get"", ""target"": ""timezone"", ""payload"": ""Asia/Dhaka""}"
我需要timezone,settings,"{""action"": ""get"", ""target"": ""timezone"", ""payload"": ""America/New_York""}"
Co je timezone?,settings,"{""action"": ""get"", ""target"": ""timezone"", ""payload"": ""America/New_York""}"
Řekni mi timezone,settings,"{""action"": ""get"", ""target"": ""timezone"", ""payload"": ""Asia/Tokyo""}"
Ukaž mi timezone,settings,"{""action"": ""get"", ""target"": ""timezone"", ""payload"": ""Asia/Dhaka""}"
Získej timezone,settings,"{""action"": ""get"", ""target"": ""timezone"", ""payload"": ""Australia/Sydney""}"
Potřebuji timezone,settings,"{""action"": ""get"", ""target"": ""timezone"", ""payload"": ""Europe/Berlin""}"
Wat is timezone?,settings,"{""action"": ""get"", ""target"": ""timezone"", ""payload"": ""Asia/Dhaka""}"
Vertel me timezone,settings,"{""action"": ""get"", ""target"": ""timezone"", ""payload"": ""Asia/Dhaka""}"
Laat timezone zien,settings,"{""action"": ""get"", ""target"": ""timezone"", ""payload"": ""Europe/Berlin""}"
Haal timezone,settings,"{""action"": ""get"", ""target"": ""timezone"", ""payload"": ""America/New_York""}"
Ik heb timezone nodig,settings,"{""action"": ""get"", ""target"": ""timezone"", ""payload"": ""Australia/Sydney""}"
What is the timezone?,settings,"{""action"": ""get"", ""target"": ""timezone"", ""payload"": ""Asia/Dhaka""}"
Tell me the timezone,settings,"{""action"": ""get"", ""target"": ""timezone"", ""payload"": ""America/New_York""}"
Show me timezone,settings,"{""action"": ""get"", ""target"": ""timezone"", ""payload"": ""Asia/Tokyo""}"
Get the timezone,settings,"{""action"": ""get"", ""target"": ""timezone"", ""payload"": ""America/New_York""}"
I need timezone,settings,"{""action"": ""get"", ""target"": ""timezone"", ""payload"": ""Europe/Berlin""}"
Quel est le timezone?,settings,"{""action"": ""get"", ""target"": ""timezone"", ""payload"": ""Australia/Sydney""}"
Dis-moi le timezone,settings,"{""action"": ""get"", ""target"": ""timezone"", ""payload"": ""Europe/Berlin""}"
Montre-moi timezone,settings,"{""action"": ""get"", ""target"": ""timezone"", ""payload"": ""Asia/Tokyo""}"
Donne-moi le timezone,settings,"{""action"": ""get"", ""target"": ""timezone"", ""payload"": ""America/New_York""}"
J'ai besoin du timezone,settings,"{""action"": ""get"", ""target"": ""timezone"", ""payload"": ""Asia/Dhaka""}"
Was ist timezone?,settings,"{""action"": ""get"", ""target"": ""timezone"", ""payload"": ""Asia/Tokyo""}"
Sag mir timezone,settings,"{""action"": ""get"", ""target"": ""timezone"", ""payload"": ""Europe/Berlin""}"
Zeig mir timezone,settings,"{""action"": ""get"", ""target"": ""timezone"", ""payload"": ""America/New_York""}"
Hol timezone,settings,"{""action"": ""get"", ""target"": ""timezone"", ""payload"": ""Europe/Berlin""}"
Ich brauche timezone,settings,"{""action"": ""get"", ""target"": ""timezone"", ""payload"": ""Asia/Dhaka""}"
Τι είναι το timezone;,settings,"{""action"": ""get"", ""target"": ""timezone"", ""payload"": ""Asia/Tokyo""}"
Πες μου το timezone,settings,"{""action"": ""get"", ""target"": ""timezone"", ""payload"": ""Asia/Tokyo""}"
Δείξε μου το timezone,settings,"{""action"": ""get"", ""target"": ""timezone"", ""payload"": ""Australia/Sydney""}"
Πάρε το timezone,settings,"{""action"": ""get"", ""target"": ""timezone"", ""payload"": ""Europe/Berlin""}"
Χρειάζομαι το timezone,settings,"{""action"": ""get"", ""target"": ""timezone"", ""payload"": ""Australia/Sydney""}"
מה זה timezone?,settings,"{""action"": ""get"", ""target"": ""timezone"", ""payload"": ""Asia/Tokyo""}"
ספר לי על timezone,settings,"{""action"": ""get"", ""target"": ""timezone"", ""payload"": ""America/New_York""}"
הראה לי timezone,settings,"{""action"": ""get"", ""target"": ""timezone"", ""payload"": ""Australia/Sydney""}"
קבל timezone,settings,"{""action"": ""get"", ""target"": ""timezone"", ""payload"": ""America/New_York""}"
אני צריך timezone,settings,"{""action"": ""get"", ""target"": ""timezone"", ""payload"": ""Australia/Sydney""}"
timezone क्या है?,settings,"{""action"": ""get"", ""target"": ""timezone"", ""payload"": ""Europe/Berlin""}"
मुझे timezone बताओ,settings,"{""action"": ""get"", ""target"": ""timezone"", ""payload"": ""Europe/Berlin""}"
timezone दिखाओ,settings,"{""action"": ""get"", ""target"": ""timezone"", ""payload"": ""Asia/Tokyo""}"
timezone प्राप्त करो,settings,"{""action"": ""get"", ""target"": ""timezone"", ""payload"": ""Europe/Berlin""}"
मुझे timezone चाहिए,settings,"{""action"": ""get"", ""target"": ""timezone"", ""payload"": ""Australia/Sydney""}"
Mi az a timezone?,settings,"{""action"": ""get"", ""target"": ""timezone"", ""payload"": ""Australia/Sydney""}"
Mondd el a timezone,settings,"{""action"": ""get"", ""target"": ""timezone"", ""payload"": ""America/New_York""}"
Mutasd a timezone,settings,"{""action"": ""get"", ""target"": ""timezone"", ""payload"": ""Asia/Dhaka""}"
Szerezd be a timezone,settings,"{""action"": ""get"", ""target"": ""timezone"", ""payload"": ""Australia/Sydney""}"
Szükségem van a timezone,settings,"{""action"": ""get"", ""target"": ""timezone"", ""payload"": ""America/New_York""}"
Apa itu timezone?,settings,"{""action"": ""get"", ""target"": ""timezone"", ""payload"": ""Asia/Tokyo""}"
Beritahu saya timezone,settings,"{""action"": ""get"", ""target"": ""timezone"", ""payload"": ""Europe/Berlin""}"
Tunjukkan timezone,settings,"{""action"": ""get"", ""target"": ""timezone"", ""payload"": ""Europe/Berlin""}"
Ambil timezone,settings,"{""action"": ""get"", ""target"": ""timezone"", ""payload"": ""Australia/Sydney""}"
Saya butuh timezone,settings,"{""action"": ""get"", ""target"": ""timezone"", ""payload"": ""Europe/Berlin""}"
Cos'è timezone?,settings,"{""action"": ""get"", ""target"": ""timezone"", ""payload"": ""Asia/Tokyo""}"
Dimmi timezone,settings,"{""action"": ""get"", ""target"": ""timezone"", ""payload"": ""Asia/Dhaka""}"
Mostrami timezone,settings,"{""action"": ""get"", ""target"": ""timezone"", ""payload"": ""Australia/Sydney""}"
Ottieni timezone,settings,"{""action"": ""get"", ""target"": ""timezone"", ""payload"": ""Asia/Tokyo""}"
Ho bisogno di timezone,settings,"{""action"": ""get"", ""target"": ""timezone"", ""payload"": ""America/New_York""}"
timezoneは?,settings,"{""action"": ""get"", ""target"": ""timezone"", ""payload"": ""Asia/Dhaka""}"
timezoneを教えて,settings,"{""action"": ""get"", ""target"": ""timezone"", ""payload"": ""Australia/Sydney""}"
timezoneを見せて,settings,"{""action"": ""get"", ""target"": ""timezone"", ""payload"": ""Europe/Berlin""}"
timezoneを取得,settings,"{""action"": ""get"", ""target"": ""timezone"", ""payload"": ""Australia/Sydney""}"
timezoneが必要,settings,"{""action"": ""get"", ""target"": ""timezone"", ""payload"": ""America/New_York""}"
timezone 뭐야?,settings,"{""action"": ""get"", ""target"": ""timezone"", ""payload"": ""Europe/Berlin""}"
timezone 알려줘,settings,"{""action"": ""get"", ""target"": ""timezone"", ""payload"": ""Asia/Dhaka""}"
timezone 보여줘,settings,"{""action"": ""get"", ""target"": ""timezone"", ""payload"": ""Australia/Sydney""}"
timezone 가져와,settings,"{""action"": ""get"", ""target"": ""timezone"", ""payload"": ""Asia/Tokyo""}"
timezone 필요해,settings,"{""action"": ""get"", ""target"": ""timezone"", ""payload"": ""America/New_York""}"
timezone काय आहे?,settings,"{""action"": ""get"", ""target"": ""timezone"", ""payload"": ""Australia/Sydney""}"
मला timezone सांगा,settings,"{""action"": ""get"", ""target"": ""timezone"", ""payload"": ""Asia/Tokyo""}"
timezone दाखवा,settings,"{""action"": ""get"", ""target"": ""timezone"", ""payload"": ""Australia/Sydney""}"
timezone मिळवा,settings,"{""action"": ""get"", ""target"": ""timezone"", ""payload"": ""America/New_York""}"
मला timezone हवा आहे,settings,"{""action"": ""get"", ""target"": ""timezone"", ""payload"": ""Australia/Sydney""}"
timezone چیست؟,settings,"{""action"": ""get"", ""target"": ""timezone"", ""payload"": ""Europe/Berlin""}"
به من timezone را بگو,settings,"{""action"": ""get"", ""target"": ""timezone"", ""payload"": ""Europe/Berlin""}"
timezone را نشان بده,settings,"{""action"": ""get"", ""target"": ""timezone"", ""payload"": ""Asia/Tokyo""}"
timezone را بگیر,settings,"{""action"": ""get"", ""target"": ""timezone"", ""payload"": ""Europe/Berlin""}"
من timezone نیاز دارم,settings,"{""action"": ""get"", ""target"": ""timezone"", ""payload"": ""Asia/Dhaka""}"
Co to jest timezone?,settings,"{""action"": ""get"", ""target"": ""timezone"", ""payload"": ""Asia/Dhaka""}"
Powiedz mi timezone,settings,"{""action"": ""get"", ""target"": ""timezone"", ""payload"": ""Australia/Sydney""}"
Pokaż timezone,settings,"{""action"": ""get"", ""target"": ""timezone"", ""payload"": ""Asia/Dhaka""}"
Pobierz timezone,settings,"{""action"": ""get"", ""target"": ""timezone"", ""payload"": ""Asia/Dhaka""}"
Potrzebuję timezone,settings,"{""action"": ""get"", ""target"": ""timezone"", ""payload"": ""America/New_York""}"
O que é timezone?,settings,"{""action"": ""get"", ""target"": ""timezone"", ""payload"": ""America/New_York""}"
Me diga timezone,settings,"{""action"": ""get"", ""target"": ""timezone"", ""payload"": ""Asia/Dhaka""}"
Mostre timezone,settings,"{""action"": ""get"", ""target"": ""timezone"", ""payload"": ""America/New_York""}"
Obtenha timezone,settings,"{""action"": ""get"", ""target"": ""timezone"", ""payload"": ""Asia/Dhaka""}"
Preciso de timezone,settings,"{""action"": ""get"", ""target"": ""timezone"", ""payload"": ""Asia/Tokyo""}"
Ce este timezone?,settings,"{""action"": ""get"", ""target"": ""timezone"", ""payload"": ""America/New_York""}"
Spune-mi timezone,settings,"{""action"": ""get"", ""target"": ""timezone"", ""payload"": ""Asia/Dhaka""}"
Arată-mi timezone,settings,"{""action"": ""get"", ""target"": ""timezone"", ""payload"": ""Asia/Dhaka""}"
Obține timezone,settings,"{""action"": ""get"", ""target"": ""timezone"", ""payload"": ""Australia/Sydney""}"
Am nevoie de timezone,settings,"{""action"": ""get"", ""target"": ""timezone"", ""payload"": ""Asia/Tokyo""}"
Что такое timezone?,settings,"{""action"": ""get"", ""target"": ""timezone"", ""payload"": ""Asia/Tokyo""}"
Скажи timezone,settings,"{""action"": ""get"", ""target"": ""timezone"", ""payload"": ""Australia/Sydney""}"
Покажи timezone,settings,"{""action"": ""get"", ""target"": ""timezone"", ""payload"": ""Australia/Sydney""}"
Получи timezone,settings,"{""action"": ""get"", ""target"": ""timezone"", ""payload"": ""Australia/Sydney""}"
Мне нужен timezone,settings,"{""action"": ""get"", ""target"": ""timezone"", ""payload"": ""Europe/Berlin""}"
¿Qué es timezone?,settings,"{""action"": ""get"", ""target"": ""timezone"", ""payload"": ""Asia/Dhaka""}"
Dime timezone,settings,"{""action"": ""get"", ""target"": ""timezone"", ""payload"": ""Europe/Berlin""}"
Muéstrame timezone,settings,"{""action"": ""get"", ""target"": ""timezone"", ""payload"": ""America/New_York""}"
Obtén timezone,settings,"{""action"": ""get"", ""target"": ""timezone"", ""payload"": ""Australia/Sydney""}"
Necesito timezone,settings,"{""action"": ""get"", ""target"": ""timezone"", ""payload"": ""Asia/Dhaka""}"
Nini timezone?,settings,"{""action"": ""get"", ""target"": ""timezone"", ""payload"": ""Asia/Dhaka""}"
Niambie timezone,settings,"{""action"": ""get"", ""target"": ""timezone"", ""payload"": ""America/New_York""}"
Nionyeshe timezone,settings,"{""action"": ""get"", ""target"": ""timezone"", ""payload"": ""Asia/Tokyo""}"
Pata timezone,settings,"{""action"": ""get"", ""target"": ""timezone"", ""payload"": ""Asia/Dhaka""}"
Ninahitaji timezone,settings,"{""action"": ""get"", ""target"": ""timezone"", ""payload"": ""Asia/Tokyo""}"
timezone என்ன?,settings,"{""action"": ""get"", ""target"": ""timezone"", ""payload"": ""Asia/Dhaka""}"
எனக்கு timezone சொல்,settings,"{""action"": ""get"", ""target"": ""timezone"", ""payload"": ""Europe/Berlin""}"
timezone காட்டு,settings,"{""action"": ""get"", ""target"": ""timezone"", ""payload"": ""Australia/Sydney""}"
timezone எடு,settings,"{""action"": ""get"", ""target"": ""timezone"", ""payload"": ""Asia/Tokyo""}"
எனக்கு timezone வேண்டும்,settings,"{""action"": ""get"", ""target"": ""timezone"", ""payload"": ""Europe/Berlin""}"
timezone ఏమిటి?,settings,"{""action"": ""get"", ""target"": ""timezone"", ""payload"": ""Asia/Dhaka""}"
నాకు timezone చెప్పు,settings,"{""action"": ""get"", ""target"": ""timezone"", ""payload"": ""Australia/Sydney""}"
timezone చూపించు,settings,"{""action"": ""get"", ""target"": ""timezone"", ""payload"": ""Europe/Berlin""}"
timezone తీసుకో,settings,"{""action"": ""get"", ""target"": ""timezone"", ""payload"": ""Australia/Sydney""}"
నాకు timezone కావాలి,settings,"{""action"": ""get"", ""target"": ""timezone"", ""payload"": ""Asia/Dhaka""}"
timezone คืออะไร?,settings,"{""action"": ""get"", ""target"": ""timezone"", ""payload"": ""Asia/Dhaka""}"
บอกฉันเรื่อง timezone,settings,"{""action"": ""get"", ""target"": ""timezone"", ""payload"": ""Europe/Berlin""}"
แสดง timezone,settings,"{""action"": ""get"", ""target"": ""timezone"", ""payload"": ""Asia/Dhaka""}"
เอา timezone มา,settings,"{""action"": ""get"", ""target"": ""timezone"", ""payload"": ""America/New_York""}"
ฉันต้องการ timezone,settings,"{""action"": ""get"", ""target"": ""timezone"", ""payload"": ""Australia/Sydney""}"
timezone nedir?,settings,"{""action"": ""get"", ""target"": ""timezone"", ""payload"": ""Asia/Dhaka""}"
Bana timezone söyle,settings,"{""action"": ""get"", ""target"": ""timezone"", ""payload"": ""Asia/Dhaka""}"
timezone göster,settings,"{""action"": ""get"", ""target"": ""timezone"", ""payload"": ""America/New_York""}"
timezone al,settings,"{""action"": ""get"", ""target"": ""timezone"", ""payload"": ""Australia/Sydney""}"
Bana timezone lazım,settings,"{""action"": ""get"", ""target"": ""timezone"", ""payload"": ""Asia/Tokyo""}"
timezone کیا ہے؟,settings,"{""action"": ""get"", ""target"": ""timezone"", ""payload"": ""America/New_York""}"
مجھے timezone بتاؤ,settings,"{""action"": ""get"", ""target"": ""timezone"", ""payload"": ""America/New_York""}"
timezone دکھاؤ,settings,"{""action"": ""get"", ""target"": ""timezone"", ""payload"": ""Australia/Sydney""}"
timezone حاصل کرو,settings,"{""action"": ""get"", ""target"": ""timezone"", ""payload"": ""America/New_York""}"
مجھے timezone چاہیے,settings,"{""action"": ""get"", ""target"": ""timezone"", ""payload"": ""Australia/Sydney""}"
timezone là gì?,settings,"{""action"": ""get"", ""target"": ""timezone"", ""payload"": ""America/New_York""}"
Cho tôi biết timezone,settings,"{""action"": ""get"", ""target"": ""timezone"", ""payload"": ""Australia/Sydney""}"
Hiển thị timezone,settings,"{""action"": ""get"", ""target"": ""timezone"", ""payload"": ""Australia/Sydney""}"
Lấy timezone,settings,"{""action"": ""get"", ""target"": ""timezone"", ""payload"": ""Asia/Tokyo""}"
Tôi cần timezone,settings,"{""action"": ""get"", ""target"": ""timezone"", ""payload"": ""Asia/Dhaka""}"
ما هو time_format؟,settings,"{""action"": ""get"", ""target"": ""time_format"", ""payload"": ""12h""}"
أخبرني عن time_format,settings,"{""action"": ""get"", ""target"": ""time_format"", ""payload"": ""12h""}"
اعرض لي time_format,settings,"{""action"": ""get"", ""target"": ""time_format"", ""payload"": ""12h""}"
احصل على time_format,settings,"{""action"": ""get"", ""target"": ""time_format"", ""payload"": ""24h""}"
أحتاج time_format,settings,"{""action"": ""get"", ""target"": ""time_format"", ""payload"": ""24h""}"
time_format কি?,settings,"{""action"": ""get"", ""target"": ""time_format"", ""payload"": ""24h""}"
আমাকে time_format বলো,settings,"{""action"": ""get"", ""target"": ""time_format"", ""payload"": ""12h""}"
time_format দেখাও,settings,"{""action"": ""get"", ""target"": ""time_format"", ""payload"": ""12h""}"
time_format নাও,settings,"{""action"": ""get"", ""target"": ""time_format"", ""payload"": ""24h""}"
আমার time_format দরকার,settings,"{""action"": ""get"", ""target"": ""time_format"", ""payload"": ""12h""}"
time_format是什么？,settings,"{""action"": ""get"", ""target"": ""time_format"", ""payload"": ""12h""}"
告诉我time_format,settings,"{""action"": ""get"", ""target"": ""time_format"", ""payload"": ""12h""}"
显示time_format,settings,"{""action"": ""get"", ""target"": ""time_format"", ""payload"": ""12h""}"
获取time_format,settings,"{""action"": ""get"", ""target"": ""time_format"", ""payload"": ""12h""}"
我需要time_format,settings,"{""action"": ""get"", ""target"": ""time_format"", ""payload"": ""12h""}"
Co je time_format?,settings,"{""action"": ""get"", ""target"": ""time_format"", ""payload"": ""12h""}"
Řekni mi time_format,settings,"{""action"": ""get"", ""target"": ""time_format"", ""payload"": ""12h""}"
Ukaž mi time_format,settings,"{""action"": ""get"", ""target"": ""time_format"", ""payload"": ""24h""}"
Získej time_format,settings,"{""action"": ""get"", ""target"": ""time_format"", ""payload"": ""24h""}"
Potřebuji time_format,settings,"{""action"": ""get"", ""target"": ""time_format"", ""payload"": ""12h""}"
Wat is time_format?,settings,"{""action"": ""get"", ""target"": ""time_format"", ""payload"": ""12h""}"
Vertel me time_format,settings,"{""action"": ""get"", ""target"": ""time_format"", ""payload"": ""12h""}"
Laat time_format zien,settings,"{""action"": ""get"", ""target"": ""time_format"", ""payload"": ""12h""}"
Haal time_format,settings,"{""action"": ""get"", ""target"": ""time_format"", ""payload"": ""12h""}"
Ik heb time_format nodig,settings,"{""action"": ""get"", ""target"": ""time_format"", ""payload"": ""12h""}"
What is the time_format?,settings,"{""action"": ""get"", ""target"": ""time_format"", ""payload"": ""24h""}"
Tell me the time_format,settings,"{""action"": ""get"", ""target"": ""time_format"", ""payload"": ""24h""}"
Show me time_format,settings,"{""action"": ""get"", ""target"": ""time_format"", ""payload"": ""12h""}"
Get the time_format,settings,"{""action"": ""get"", ""target"": ""time_format"", ""payload"": ""24h""}"
I need time_format,settings,"{""action"": ""get"", ""target"": ""time_format"", ""payload"": ""24h""}"
Quel est le time_format?,settings,"{""action"": ""get"", ""target"": ""time_format"", ""payload"": ""12h""}"
Dis-moi le time_format,settings,"{""action"": ""get"", ""target"": ""time_format"", ""payload"": ""24h""}"
Montre-moi time_format,settings,"{""action"": ""get"", ""target"": ""time_format"", ""payload"": ""12h""}"
Donne-moi le time_format,settings,"{""action"": ""get"", ""target"": ""time_format"", ""payload"": ""24h""}"
J'ai besoin du time_format,settings,"{""action"": ""get"", ""target"": ""time_format"", ""payload"": ""24h""}"
Was ist time_format?,settings,"{""action"": ""get"", ""target"": ""time_format"", ""payload"": ""12h""}"
Sag mir time_format,settings,"{""action"": ""get"", ""target"": ""time_format"", ""payload"": ""24h""}"
Zeig mir time_format,settings,"{""action"": ""get"", ""target"": ""time_format"", ""payload"": ""12h""}"
Hol time_format,settings,"{""action"": ""get"", ""target"": ""time_format"", ""payload"": ""24h""}"
Ich brauche time_format,settings,"{""action"": ""get"", ""target"": ""time_format"", ""payload"": ""24h""}"
Τι είναι το time_format;,settings,"{""action"": ""get"", ""target"": ""time_format"", ""payload"": ""24h""}"
Πες μου το time_format,settings,"{""action"": ""get"", ""target"": ""time_format"", ""payload"": ""12h""}"
Δείξε μου το time_format,settings,"{""action"": ""get"", ""target"": ""time_format"", ""payload"": ""12h""}"
Πάρε το time_format,settings,"{""action"": ""get"", ""target"": ""time_format"", ""payload"": ""24h""}"
Χρειάζομαι το time_format,settings,"{""action"": ""get"", ""target"": ""time_format"", ""payload"": ""24h""}"
מה זה time_format?,settings,"{""action"": ""get"", ""target"": ""time_format"", ""payload"": ""12h""}"
ספר לי על time_format,settings,"{""action"": ""get"", ""target"": ""time_format"", ""payload"": ""12h""}"
הראה לי time_format,settings,"{""action"": ""get"", ""target"": ""time_format"", ""payload"": ""24h""}"
קבל time_format,settings,"{""action"": ""get"", ""target"": ""time_format"", ""payload"": ""24h""}"
אני צריך time_format,settings,"{""action"": ""get"", ""target"": ""time_format"", ""payload"": ""12h""}"
time_format क्या है?,settings,"{""action"": ""get"", ""target"": ""time_format"", ""payload"": ""12h""}"
मुझे time_format बताओ,settings,"{""action"": ""get"", ""target"": ""time_format"", ""payload"": ""24h""}"
time_format दिखाओ,settings,"{""action"": ""get"", ""target"": ""time_format"", ""payload"": ""12h""}"
time_format प्राप्त करो,settings,"{""action"": ""get"", ""target"": ""time_format"", ""payload"": ""24h""}"
मुझे time_format चाहिए,settings,"{""action"": ""get"", ""target"": ""time_format"", ""payload"": ""24h""}"
Mi az a time_format?,settings,"{""action"": ""get"", ""target"": ""time_format"", ""payload"": ""12h""}"
Mondd el a time_format,settings,"{""action"": ""get"", ""target"": ""time_format"", ""payload"": ""12h""}"
Mutasd a time_format,settings,"{""action"": ""get"", ""target"": ""time_format"", ""payload"": ""24h""}"
Szerezd be a time_format,settings,"{""action"": ""get"", ""target"": ""time_format"", ""payload"": ""12h""}"
Szükségem van a time_format,settings,"{""action"": ""get"", ""target"": ""time_format"", ""payload"": ""24h""}"
Apa itu time_format?,settings,"{""action"": ""get"", ""target"": ""time_format"", ""payload"": ""12h""}"
Beritahu saya time_format,settings,"{""action"": ""get"", ""target"": ""time_format"", ""payload"": ""24h""}"
Tunjukkan time_format,settings,"{""action"": ""get"", ""target"": ""time_format"", ""payload"": ""12h""}"
Ambil time_format,settings,"{""action"": ""get"", ""target"": ""time_format"", ""payload"": ""24h""}"
Saya butuh time_format,settings,"{""action"": ""get"", ""target"": ""time_format"", ""payload"": ""24h""}"
Cos'è time_format?,settings,"{""action"": ""get"", ""target"": ""time_format"", ""payload"": ""12h""}"
Dimmi time_format,settings,"{""action"": ""get"", ""target"": ""time_format"", ""payload"": ""12h""}"
Mostrami time_format,settings,"{""action"": ""get"", ""target"": ""time_format"", ""payload"": ""12h""}"
Ottieni time_format,settings,"{""action"": ""get"", ""target"": ""time_format"", ""payload"": ""12h""}"
Ho bisogno di time_format,settings,"{""action"": ""get"", ""target"": ""time_format"", ""payload"": ""24h""}"
time_formatは?,settings,"{""action"": ""get"", ""target"": ""time_format"", ""payload"": ""24h""}"
time_formatを教えて,settings,"{""action"": ""get"", ""target"": ""time_format"", ""payload"": ""24h""}"
time_formatを見せて,settings,"{""action"": ""get"", ""target"": ""time_format"", ""payload"": ""12h""}"
time_formatを取得,settings,"{""action"": ""get"", ""target"": ""time_format"", ""payload"": ""24h""}"
time_formatが必要,settings,"{""action"": ""get"", ""target"": ""time_format"", ""payload"": ""12h""}"
time_format 뭐야?,settings,"{""action"": ""get"", ""target"": ""time_format"", ""payload"": ""24h""}"
time_format 알려줘,settings,"{""action"": ""get"", ""target"": ""time_format"", ""payload"": ""12h""}"
time_format 보여줘,settings,"{""action"": ""get"", ""target"": ""time_format"", ""payload"": ""24h""}"
time_format 가져와,settings,"{""action"": ""get"", ""target"": ""time_format"", ""payload"": ""12h""}"
time_format 필요해,settings,"{""action"": ""get"", ""target"": ""time_format"", ""payload"": ""24h""}"
time_format काय आहे?,settings,"{""action"": ""get"", ""target"": ""time_format"", ""payload"": ""24h""}"
मला time_format सांगा,settings,"{""action"": ""get"", ""target"": ""time_format"", ""payload"": ""24h""}"
time_format दाखवा,settings,"{""action"": ""get"", ""target"": ""time_format"", ""payload"": ""12h""}"
time_format मिळवा,settings,"{""action"": ""get"", ""target"": ""time_format"", ""payload"": ""12h""}"
मला time_format हवा आहे,settings,"{""action"": ""get"", ""target"": ""time_format"", ""payload"": ""24h""}"
time_format چیست؟,settings,"{""action"": ""get"", ""target"": ""time_format"", ""payload"": ""24h""}"
به من time_format را بگو,settings,"{""action"": ""get"", ""target"": ""time_format"", ""payload"": ""12h""}"
time_format را نشان بده,settings,"{""action"": ""get"", ""target"": ""time_format"", ""payload"": ""12h""}"
time_format را بگیر,settings,"{""action"": ""get"", ""target"": ""time_format"", ""payload"": ""12h""}"
من time_format نیاز دارم,settings,"{""action"": ""get"", ""target"": ""time_format"", ""payload"": ""24h""}"
Co to jest time_format?,settings,"{""action"": ""get"", ""target"": ""time_format"", ""payload"": ""24h""}"
Powiedz mi time_format,settings,"{""action"": ""get"", ""target"": ""time_format"", ""payload"": ""12h""}"
Pokaż time_format,settings,"{""action"": ""get"", ""target"": ""time_format"", ""payload"": ""24h""}"
Pobierz time_format,settings,"{""action"": ""get"", ""target"": ""time_format"", ""payload"": ""12h""}"
Potrzebuję time_format,settings,"{""action"": ""get"", ""target"": ""time_format"", ""payload"": ""24h""}"
O que é time_format?,settings,"{""action"": ""get"", ""target"": ""time_format"", ""payload"": ""12h""}"
Me diga time_format,settings,"{""action"": ""get"", ""target"": ""time_format"", ""payload"": ""12h""}"
Mostre time_format,settings,"{""action"": ""get"", ""target"": ""time_format"", ""payload"": ""24h""}"
Obtenha time_format,settings,"{""action"": ""get"", ""target"": ""time_format"", ""payload"": ""12h""}"
Preciso de time_format,settings,"{""action"": ""get"", ""target"": ""time_format"", ""payload"": ""12h""}"
Ce este time_format?,settings,"{""action"": ""get"", ""target"": ""time_format"", ""payload"": ""24h""}"
Spune-mi time_format,settings,"{""action"": ""get"", ""target"": ""time_format"", ""payload"": ""24h""}"
Arată-mi time_format,settings,"{""action"": ""get"", ""target"": ""time_format"", ""payload"": ""12h""}"
Obține time_format,settings,"{""action"": ""get"", ""target"": ""time_format"", ""payload"": ""24h""}"
Am nevoie de time_format,settings,"{""action"": ""get"", ""target"": ""time_format"", ""payload"": ""12h""}"
Что такое time_format?,settings,"{""action"": ""get"", ""target"": ""time_format"", ""payload"": ""12h""}"
Скажи time_format,settings,"{""action"": ""get"", ""target"": ""time_format"", ""payload"": ""24h""}"
Покажи time_format,settings,"{""action"": ""get"", ""target"": ""time_format"", ""payload"": ""24h""}"
Получи time_format,settings,"{""action"": ""get"", ""target"": ""time_format"", ""payload"": ""24h""}"
Мне нужен time_format,settings,"{""action"": ""get"", ""target"": ""time_format"", ""payload"": ""24h""}"
¿Qué es time_format?,settings,"{""action"": ""get"", ""target"": ""time_format"", ""payload"": ""12h""}"
Dime time_format,settings,"{""action"": ""get"", ""target"": ""time_format"", ""payload"": ""12h""}"
Muéstrame time_format,settings,"{""action"": ""get"", ""target"": ""time_format"", ""payload"": ""12h""}"
Obtén time_format,settings,"{""action"": ""get"", ""target"": ""time_format"", ""payload"": ""24h""}"
Necesito time_format,settings,"{""action"": ""get"", ""target"": ""time_format"", ""payload"": ""24h""}"
Nini time_format?,settings,"{""action"": ""get"", ""target"": ""time_format"", ""payload"": ""12h""}"
Niambie time_format,settings,"{""action"": ""get"", ""target"": ""time_format"", ""payload"": ""12h""}"
Nionyeshe time_format,settings,"{""action"": ""get"", ""target"": ""time_format"", ""payload"": ""12h""}"
Pata time_format,settings,"{""action"": ""get"", ""target"": ""time_format"", ""payload"": ""12h""}"
Ninahitaji time_format,settings,"{""action"": ""get"", ""target"": ""time_format"", ""payload"": ""24h""}"
time_format என்ன?,settings,"{""action"": ""get"", ""target"": ""time_format"", ""payload"": ""12h""}"
எனக்கு time_format சொல்,settings,"{""action"": ""get"", ""target"": ""time_format"", ""payload"": ""12h""}"
time_format காட்டு,settings,"{""action"": ""get"", ""target"": ""time_format"", ""payload"": ""24h""}"
time_format எடு,settings,"{""action"": ""get"", ""target"": ""time_format"", ""payload"": ""12h""}"
எனக்கு time_format வேண்டும்,settings,"{""action"": ""get"", ""target"": ""time_format"", ""payload"": ""24h""}"
time_format ఏమిటి?,settings,"{""action"": ""get"", ""target"": ""time_format"", ""payload"": ""12h""}"
నాకు time_format చెప్పు,settings,"{""action"": ""get"", ""target"": ""time_format"", ""payload"": ""12h""}"
time_format చూపించు,settings,"{""action"": ""get"", ""target"": ""time_format"", ""payload"": ""24h""}"
time_format తీసుకో,settings,"{""action"": ""get"", ""target"": ""time_format"", ""payload"": ""12h""}"
నాకు time_format కావాలి,settings,"{""action"": ""get"", ""target"": ""time_format"", ""payload"": ""24h""}"
time_format คืออะไร?,settings,"{""action"": ""get"", ""target"": ""time_format"", ""payload"": ""24h""}"
บอกฉันเรื่อง time_format,settings,"{""action"": ""get"", ""target"": ""time_format"", ""payload"": ""24h""}"
แสดง time_format,settings,"{""action"": ""get"", ""target"": ""time_format"", ""payload"": ""12h""}"
เอา time_format มา,settings,"{""action"": ""get"", ""target"": ""time_format"", ""payload"": ""24h""}"
ฉันต้องการ time_format,settings,"{""action"": ""get"", ""target"": ""time_format"", ""payload"": ""24h""}"
time_format nedir?,settings,"{""action"": ""get"", ""target"": ""time_format"", ""payload"": ""24h""}"
Bana time_format söyle,settings,"{""action"": ""get"", ""target"": ""time_format"", ""payload"": ""24h""}"
time_format göster,settings,"{""action"": ""get"", ""target"": ""time_format"", ""payload"": ""24h""}"
time_format al,settings,"{""action"": ""get"", ""target"": ""time_format"", ""payload"": ""24h""}"
Bana time_format lazım,settings,"{""action"": ""get"", ""target"": ""time_format"", ""payload"": ""12h""}"
time_format کیا ہے؟,settings,"{""action"": ""get"", ""target"": ""time_format"", ""payload"": ""24h""}"
مجھے time_format بتاؤ,settings,"{""action"": ""get"", ""target"": ""time_format"", ""payload"": ""12h""}"
time_format دکھاؤ,settings,"{""action"": ""get"", ""target"": ""time_format"", ""payload"": ""24h""}"
time_format حاصل کرو,settings,"{""action"": ""get"", ""target"": ""time_format"", ""payload"": ""12h""}"
مجھے time_format چاہیے,settings,"{""action"": ""get"", ""target"": ""time_format"", ""payload"": ""12h""}"
time_format là gì?,settings,"{""action"": ""get"", ""target"": ""time_format"", ""payload"": ""12h""}"
Cho tôi biết time_format,settings,"{""action"": ""get"", ""target"": ""time_format"", ""payload"": ""24h""}"
Hiển thị time_format,settings,"{""action"": ""get"", ""target"": ""time_format"", ""payload"": ""12h""}"
Lấy time_format,settings,"{""action"": ""get"", ""target"": ""time_format"", ""payload"": ""24h""}"
Tôi cần time_format,settings,"{""action"": ""get"", ""target"": ""time_format"", ""payload"": ""24h""}"
ما هو spoken_lang؟,settings,"{""action"": ""get"", ""target"": ""spoken_lang"", ""payload"": ""en""}"
أخبرني عن spoken_lang,settings,"{""action"": ""get"", ""target"": ""spoken_lang"", ""payload"": ""de""}"
اعرض لي spoken_lang,settings,"{""action"": ""get"", ""target"": ""spoken_lang"", ""payload"": ""de""}"
احصل على spoken_lang,settings,"{""action"": ""get"", ""target"": ""spoken_lang"", ""payload"": ""ar""}"
أحتاج spoken_lang,settings,"{""action"": ""get"", ""target"": ""spoken_lang"", ""payload"": ""es""}"
spoken_lang কি?,settings,"{""action"": ""get"", ""target"": ""spoken_lang"", ""payload"": ""de""}"
আমাকে spoken_lang বলো,settings,"{""action"": ""get"", ""target"": ""spoken_lang"", ""payload"": ""fr""}"
spoken_lang দেখাও,settings,"{""action"": ""get"", ""target"": ""spoken_lang"", ""payload"": ""de""}"
spoken_lang নাও,settings,"{""action"": ""get"", ""target"": ""spoken_lang"", ""payload"": ""ja""}"
আমার spoken_lang দরকার,settings,"{""action"": ""get"", ""target"": ""spoken_lang"", ""payload"": ""en""}"
spoken_lang是什么？,settings,"{""action"": ""get"", ""target"": ""spoken_lang"", ""payload"": ""ja""}"
告诉我spoken_lang,settings,"{""action"": ""get"", ""target"": ""spoken_lang"", ""payload"": ""ja""}"
显示spoken_lang,settings,"{""action"": ""get"", ""target"": ""spoken_lang"", ""payload"": ""ja""}"
获取spoken_lang,settings,"{""action"": ""get"", ""target"": ""spoken_lang"", ""payload"": ""bn""}"
我需要spoken_lang,settings,"{""action"": ""get"", ""target"": ""spoken_lang"", ""payload"": ""fr""}"
Co je spoken_lang?,settings,"{""action"": ""get"", ""target"": ""spoken_lang"", ""payload"": ""de""}"
Řekni mi spoken_lang,settings,"{""action"": ""get"", ""target"": ""spoken_lang"", ""payload"": ""ja""}"
Ukaž mi spoken_lang,settings,"{""action"": ""get"", ""target"": ""spoken_lang"", ""payload"": ""de""}"
Získej spoken_lang,settings,"{""action"": ""get"", ""target"": ""spoken_lang"", ""payload"": ""bn""}"
Potřebuji spoken_lang,settings,"{""action"": ""get"", ""target"": ""spoken_lang"", ""payload"": ""es""}"
Wat is spoken_lang?,settings,"{""action"": ""get"", ""target"": ""spoken_lang"", ""payload"": ""en""}"
Vertel me spoken_lang,settings,"{""action"": ""get"", ""target"": ""spoken_lang"", ""payload"": ""bn""}"
Laat spoken_lang zien,settings,"{""action"": ""get"", ""target"": ""spoken_lang"", ""payload"": ""es""}"
Haal spoken_lang,settings,"{""action"": ""get"", ""target"": ""spoken_lang"", ""payload"": ""en""}"
Ik heb spoken_lang nodig,settings,"{""action"": ""get"", ""target"": ""spoken_lang"", ""payload"": ""ar""}"
What is the spoken_lang?,settings,"{""action"": ""get"", ""target"": ""spoken_lang"", ""payload"": ""ja""}"
Tell me the spoken_lang,settings,"{""action"": ""get"", ""target"": ""spoken_lang"", ""payload"": ""de""}"
Show me spoken_lang,settings,"{""action"": ""get"", ""target"": ""spoken_lang"", ""payload"": ""es""}"
Get the spoken_lang,settings,"{""action"": ""get"", ""target"": ""spoken_lang"", ""payload"": ""bn""}"
I need spoken_lang,settings,"{""action"": ""get"", ""target"": ""spoken_lang"", ""payload"": ""fr""}"
Quel est le spoken_lang?,settings,"{""action"": ""get"", ""target"": ""spoken_lang"", ""payload"": ""ja""}"
Dis-moi le spoken_lang,settings,"{""action"": ""get"", ""target"": ""spoken_lang"", ""payload"": ""bn""}"
Montre-moi spoken_lang,settings,"{""action"": ""get"", ""target"": ""spoken_lang"", ""payload"": ""bn""}"
Donne-moi le spoken_lang,settings,"{""action"": ""get"", ""target"": ""spoken_lang"", ""payload"": ""fr""}"
J'ai besoin du spoken_lang,settings,"{""action"": ""get"", ""target"": ""spoken_lang"", ""payload"": ""ja""}"
Was ist spoken_lang?,settings,"{""action"": ""get"", ""target"": ""spoken_lang"", ""payload"": ""es""}"
Sag mir spoken_lang,settings,"{""action"": ""get"", ""target"": ""spoken_lang"", ""payload"": ""ja""}"
Zeig mir spoken_lang,settings,"{""action"": ""get"", ""target"": ""spoken_lang"", ""payload"": ""ar""}"
Hol spoken_lang,settings,"{""action"": ""get"", ""target"": ""spoken_lang"", ""payload"": ""ja""}"
Ich brauche spoken_lang,settings,"{""action"": ""get"", ""target"": ""spoken_lang"", ""payload"": ""es""}"
Τι είναι το spoken_lang;,settings,"{""action"": ""get"", ""target"": ""spoken_lang"", ""payload"": ""ar""}"
Πες μου το spoken_lang,settings,"{""action"": ""get"", ""target"": ""spoken_lang"", ""payload"": ""bn""}"
Δείξε μου το spoken_lang,settings,"{""action"": ""get"", ""target"": ""spoken_lang"", ""payload"": ""bn""}"
Πάρε το spoken_lang,settings,"{""action"": ""get"", ""target"": ""spoken_lang"", ""payload"": ""es""}"
Χρειάζομαι το spoken_lang,settings,"{""action"": ""get"", ""target"": ""spoken_lang"", ""payload"": ""ar""}"
מה זה spoken_lang?,settings,"{""action"": ""get"", ""target"": ""spoken_lang"", ""payload"": ""ja""}"
ספר לי על spoken_lang,settings,"{""action"": ""get"", ""target"": ""spoken_lang"", ""payload"": ""fr""}"
הראה לי spoken_lang,settings,"{""action"": ""get"", ""target"": ""spoken_lang"", ""payload"": ""en""}"
קבל spoken_lang,settings,"{""action"": ""get"", ""target"": ""spoken_lang"", ""payload"": ""fr""}"
אני צריך spoken_lang,settings,"{""action"": ""get"", ""target"": ""spoken_lang"", ""payload"": ""de""}"
spoken_lang क्या है?,settings,"{""action"": ""get"", ""target"": ""spoken_lang"", ""payload"": ""ja""}"
मुझे spoken_lang बताओ,settings,"{""action"": ""get"", ""target"": ""spoken_lang"", ""payload"": ""bn""}"
spoken_lang दिखाओ,settings,"{""action"": ""get"", ""target"": ""spoken_lang"", ""payload"": ""es""}"
spoken_lang प्राप्त करो,settings,"{""action"": ""get"", ""target"": ""spoken_lang"", ""payload"": ""fr""}"
मुझे spoken_lang चाहिए,settings,"{""action"": ""get"", ""target"": ""spoken_lang"", ""payload"": ""ar""}"
Mi az a spoken_lang?,settings,"{""action"": ""get"", ""target"": ""spoken_lang"", ""payload"": ""de""}"
Mondd el a spoken_lang,settings,"{""action"": ""get"", ""target"": ""spoken_lang"", ""payload"": ""de""}"
Mutasd a spoken_lang,settings,"{""action"": ""get"", ""target"": ""spoken_lang"", ""payload"": ""bn""}"
Szerezd be a spoken_lang,settings,"{""action"": ""get"", ""target"": ""spoken_lang"", ""payload"": ""en""}"
Szükségem van a spoken_lang,settings,"{""action"": ""get"", ""target"": ""spoken_lang"", ""payload"": ""en""}"
Apa itu spoken_lang?,settings,"{""action"": ""get"", ""target"": ""spoken_lang"", ""payload"": ""de""}"
Beritahu saya spoken_lang,settings,"{""action"": ""get"", ""target"": ""spoken_lang"", ""payload"": ""fr""}"
Tunjukkan spoken_lang,settings,"{""action"": ""get"", ""target"": ""spoken_lang"", ""payload"": ""de""}"
Ambil spoken_lang,settings,"{""action"": ""get"", ""target"": ""spoken_lang"", ""payload"": ""ja""}"
Saya butuh spoken_lang,settings,"{""action"": ""get"", ""target"": ""spoken_lang"", ""payload"": ""bn""}"
Cos'è spoken_lang?,settings,"{""action"": ""get"", ""target"": ""spoken_lang"", ""payload"": ""bn""}"
Dimmi spoken_lang,settings,"{""action"": ""get"", ""target"": ""spoken_lang"", ""payload"": ""en""}"
Mostrami spoken_lang,settings,"{""action"": ""get"", ""target"": ""spoken_lang"", ""payload"": ""de""}"
Ottieni spoken_lang,settings,"{""action"": ""get"", ""target"": ""spoken_lang"", ""payload"": ""es""}"
Ho bisogno di spoken_lang,settings,"{""action"": ""get"", ""target"": ""spoken_lang"", ""payload"": ""es""}"
spoken_langは?,settings,"{""action"": ""get"", ""target"": ""spoken_lang"", ""payload"": ""fr""}"
spoken_langを教えて,settings,"{""action"": ""get"", ""target"": ""spoken_lang"", ""payload"": ""fr""}"
spoken_langを見せて,settings,"{""action"": ""get"", ""target"": ""spoken_lang"", ""payload"": ""ja""}"
spoken_langを取得,settings,"{""action"": ""get"", ""target"": ""spoken_lang"", ""payload"": ""en""}"
spoken_langが必要,settings,"{""action"": ""get"", ""target"": ""spoken_lang"", ""payload"": ""bn""}"
spoken_lang 뭐야?,settings,"{""action"": ""get"", ""target"": ""spoken_lang"", ""payload"": ""es""}"
spoken_lang 알려줘,settings,"{""action"": ""get"", ""target"": ""spoken_lang"", ""payload"": ""ja""}"
spoken_lang 보여줘,settings,"{""action"": ""get"", ""target"": ""spoken_lang"", ""payload"": ""es""}"
spoken_lang 가져와,settings,"{""action"": ""get"", ""target"": ""spoken_lang"", ""payload"": ""es""}"
spoken_lang 필요해,settings,"{""action"": ""get"", ""target"": ""spoken_lang"", ""payload"": ""ja""}"
spoken_lang काय आहे?,settings,"{""action"": ""get"", ""target"": ""spoken_lang"", ""payload"": ""es""}"
मला spoken_lang सांगा,settings,"{""action"": ""get"", ""target"": ""spoken_lang"", ""payload"": ""en""}"
spoken_lang दाखवा,settings,"{""action"": ""get"", ""target"": ""spoken_lang"", ""payload"": ""de""}"
spoken_lang मिळवा,settings,"{""action"": ""get"", ""target"": ""spoken_lang"", ""payload"": ""es""}"
मला spoken_lang हवा आहे,settings,"{""action"": ""get"", ""target"": ""spoken_lang"", ""payload"": ""ar""}"
spoken_lang چیست؟,settings,"{""action"": ""get"", ""target"": ""spoken_lang"", ""payload"": ""bn""}"
به من spoken_lang را بگو,settings,"{""action"": ""get"", ""target"": ""spoken_lang"", ""payload"": ""ja""}"
spoken_lang را نشان بده,settings,"{""action"": ""get"", ""target"": ""spoken_lang"", ""payload"": ""es""}"
spoken_lang را بگیر,settings,"{""action"": ""get"", ""target"": ""spoken_lang"", ""payload"": ""fr""}"
من spoken_lang نیاز دارم,settings,"{""action"": ""get"", ""target"": ""spoken_lang"", ""payload"": ""ar""}"
Co to jest spoken_lang?,settings,"{""action"": ""get"", ""target"": ""spoken_lang"", ""payload"": ""bn""}"
Powiedz mi spoken_lang,settings,"{""action"": ""get"", ""target"": ""spoken_lang"", ""payload"": ""de""}"
Pokaż spoken_lang,settings,"{""action"": ""get"", ""target"": ""spoken_lang"", ""payload"": ""es""}"
Pobierz spoken_lang,settings,"{""action"": ""get"", ""target"": ""spoken_lang"", ""payload"": ""en""}"
Potrzebuję spoken_lang,settings,"{""action"": ""get"", ""target"": ""spoken_lang"", ""payload"": ""en""}"
O que é spoken_lang?,settings,"{""action"": ""get"", ""target"": ""spoken_lang"", ""payload"": ""es""}"
Me diga spoken_lang,settings,"{""action"": ""get"", ""target"": ""spoken_lang"", ""payload"": ""fr""}"
Mostre spoken_lang,settings,"{""action"": ""get"", ""target"": ""spoken_lang"", ""payload"": ""ja""}"
Obtenha spoken_lang,settings,"{""action"": ""get"", ""target"": ""spoken_lang"", ""payload"": ""en""}"
Preciso de spoken_lang,settings,"{""action"": ""get"", ""target"": ""spoken_lang"", ""payload"": ""bn""}"
Ce este spoken_lang?,settings,"{""action"": ""get"", ""target"": ""spoken_lang"", ""payload"": ""ja""}"
Spune-mi spoken_lang,settings,"{""action"": ""get"", ""target"": ""spoken_lang"", ""payload"": ""fr""}"
Arată-mi spoken_lang,settings,"{""action"": ""get"", ""target"": ""spoken_lang"", ""payload"": ""de""}"
Obține spoken_lang,settings,"{""action"": ""get"", ""target"": ""spoken_lang"", ""payload"": ""ja""}"
Am nevoie de spoken_lang,settings,"{""action"": ""get"", ""target"": ""spoken_lang"", ""payload"": ""de""}"
Что такое spoken_lang?,settings,"{""action"": ""get"", ""target"": ""spoken_lang"", ""payload"": ""ar""}"
Скажи spoken_lang,settings,"{""action"": ""get"", ""target"": ""spoken_lang"", ""payload"": ""ja""}"
Покажи spoken_lang,settings,"{""action"": ""get"", ""target"": ""spoken_lang"", ""payload"": ""ja""}"
Получи spoken_lang,settings,"{""action"": ""get"", ""target"": ""spoken_lang"", ""payload"": ""en""}"
Мне нужен spoken_lang,settings,"{""action"": ""get"", ""target"": ""spoken_lang"", ""payload"": ""fr""}"
¿Qué es spoken_lang?,settings,"{""action"": ""get"", ""target"": ""spoken_lang"", ""payload"": ""en""}"
Dime spoken_lang,settings,"{""action"": ""get"", ""target"": ""spoken_lang"", ""payload"": ""de""}"
Muéstrame spoken_lang,settings,"{""action"": ""get"", ""target"": ""spoken_lang"", ""payload"": ""en""}"
Obtén spoken_lang,settings,"{""action"": ""get"", ""target"": ""spoken_lang"", ""payload"": ""fr""}"
Necesito spoken_lang,settings,"{""action"": ""get"", ""target"": ""spoken_lang"", ""payload"": ""es""}"
Nini spoken_lang?,settings,"{""action"": ""get"", ""target"": ""spoken_lang"", ""payload"": ""de""}"
Niambie spoken_lang,settings,"{""action"": ""get"", ""target"": ""spoken_lang"", ""payload"": ""es""}"
Nionyeshe spoken_lang,settings,"{""action"": ""get"", ""target"": ""spoken_lang"", ""payload"": ""fr""}"
Pata spoken_lang,settings,"{""action"": ""get"", ""target"": ""spoken_lang"", ""payload"": ""de""}"
Ninahitaji spoken_lang,settings,"{""action"": ""get"", ""target"": ""spoken_lang"", ""payload"": ""en""}"
spoken_lang என்ன?,settings,"{""action"": ""get"", ""target"": ""spoken_lang"", ""payload"": ""en""}"
எனக்கு spoken_lang சொல்,settings,"{""action"": ""get"", ""target"": ""spoken_lang"", ""payload"": ""ja""}"
spoken_lang காட்டு,settings,"{""action"": ""get"", ""target"": ""spoken_lang"", ""payload"": ""en""}"
spoken_lang எடு,settings,"{""action"": ""get"", ""target"": ""spoken_lang"", ""payload"": ""de""}"
எனக்கு spoken_lang வேண்டும்,settings,"{""action"": ""get"", ""target"": ""spoken_lang"", ""payload"": ""de""}"
spoken_lang ఏమిటి?,settings,"{""action"": ""get"", ""target"": ""spoken_lang"", ""payload"": ""ja""}"
నాకు spoken_lang చెప్పు,settings,"{""action"": ""get"", ""target"": ""spoken_lang"", ""payload"": ""ar""}"
spoken_lang చూపించు,settings,"{""action"": ""get"", ""target"": ""spoken_lang"", ""payload"": ""en""}"
spoken_lang తీసుకో,settings,"{""action"": ""get"", ""target"": ""spoken_lang"", ""payload"": ""ar""}"
నాకు spoken_lang కావాలి,settings,"{""action"": ""get"", ""target"": ""spoken_lang"", ""payload"": ""en""}"
spoken_lang คืออะไร?,settings,"{""action"": ""get"", ""target"": ""spoken_lang"", ""payload"": ""es""}"
บอกฉันเรื่อง spoken_lang,settings,"{""action"": ""get"", ""target"": ""spoken_lang"", ""payload"": ""ja""}"
แสดง spoken_lang,settings,"{""action"": ""get"", ""target"": ""spoken_lang"", ""payload"": ""ja""}"
เอา spoken_lang มา,settings,"{""action"": ""get"", ""target"": ""spoken_lang"", ""payload"": ""de""}"
ฉันต้องการ spoken_lang,settings,"{""action"": ""get"", ""target"": ""spoken_lang"", ""payload"": ""en""}"
spoken_lang nedir?,settings,"{""action"": ""get"", ""target"": ""spoken_lang"", ""payload"": ""fr""}"
Bana spoken_lang söyle,settings,"{""action"": ""get"", ""target"": ""spoken_lang"", ""payload"": ""ar""}"
spoken_lang göster,settings,"{""action"": ""get"", ""target"": ""spoken_lang"", ""payload"": ""en""}"
spoken_lang al,settings,"{""action"": ""get"", ""target"": ""spoken_lang"", ""payload"": ""ja""}"
Bana spoken_lang lazım,settings,"{""action"": ""get"", ""target"": ""spoken_lang"", ""payload"": ""de""}"
spoken_lang کیا ہے؟,settings,"{""action"": ""get"", ""target"": ""spoken_lang"", ""payload"": ""en""}"
مجھے spoken_lang بتاؤ,settings,"{""action"": ""get"", ""target"": ""spoken_lang"", ""payload"": ""es""}"
spoken_lang دکھاؤ,settings,"{""action"": ""get"", ""target"": ""spoken_lang"", ""payload"": ""bn""}"
spoken_lang حاصل کرو,settings,"{""action"": ""get"", ""target"": ""spoken_lang"", ""payload"": ""de""}"
مجھے spoken_lang چاہیے,settings,"{""action"": ""get"", ""target"": ""spoken_lang"", ""payload"": ""de""}"
spoken_lang là gì?,settings,"{""action"": ""get"", ""target"": ""spoken_lang"", ""payload"": ""ja""}"
Cho tôi biết spoken_lang,settings,"{""action"": ""get"", ""target"": ""spoken_lang"", ""payload"": ""bn""}"
Hiển thị spoken_lang,settings,"{""action"": ""get"", ""target"": ""spoken_lang"", ""payload"": ""en""}"
Lấy spoken_lang,settings,"{""action"": ""get"", ""target"": ""spoken_lang"", ""payload"": ""es""}"
Tôi cần spoken_lang,settings,"{""action"": ""get"", ""target"": ""spoken_lang"", ""payload"": ""ar""}"
ما هو llm_enabled؟,settings,"{""action"": ""get"", ""target"": ""llm_enabled"", ""payload"": ""true""}"
أخبرني عن llm_enabled,settings,"{""action"": ""get"", ""target"": ""llm_enabled"", ""payload"": ""true""}"
اعرض لي llm_enabled,settings,"{""action"": ""get"", ""target"": ""llm_enabled"", ""payload"": ""false""}"
احصل على llm_enabled,settings,"{""action"": ""get"", ""target"": ""llm_enabled"", ""payload"": ""false""}"
أحتاج llm_enabled,settings,"{""action"": ""get"", ""target"": ""llm_enabled"", ""payload"": ""false""}"
llm_enabled কি?,settings,"{""action"": ""get"", ""target"": ""llm_enabled"", ""payload"": ""false""}"
আমাকে llm_enabled বলো,settings,"{""action"": ""get"", ""target"": ""llm_enabled"", ""payload"": ""false""}"
llm_enabled দেখাও,settings,"{""action"": ""get"", ""target"": ""llm_enabled"", ""payload"": ""false""}"
llm_enabled নাও,settings,"{""action"": ""get"", ""target"": ""llm_enabled"", ""payload"": ""true""}"
আমার llm_enabled দরকার,settings,"{""action"": ""get"", ""target"": ""llm_enabled"", ""payload"": ""true""}"
llm_enabled是什么？,settings,"{""action"": ""get"", ""target"": ""llm_enabled"", ""payload"": ""true""}"
告诉我llm_enabled,settings,"{""action"": ""get"", ""target"": ""llm_enabled"", ""payload"": ""true""}"
显示llm_enabled,settings,"{""action"": ""get"", ""target"": ""llm_enabled"", ""payload"": ""true""}"
获取llm_enabled,settings,"{""action"": ""get"", ""target"": ""llm_enabled"", ""payload"": ""true""}"
我需要llm_enabled,settings,"{""action"": ""get"", ""target"": ""llm_enabled"", ""payload"": ""false""}"
Co je llm_enabled?,settings,"{""action"": ""get"", ""target"": ""llm_enabled"", ""payload"": ""true""}"
Řekni mi llm_enabled,settings,"{""action"": ""get"", ""target"": ""llm_enabled"", ""payload"": ""true""}"
Ukaž mi llm_enabled,settings,"{""action"": ""get"", ""target"": ""llm_enabled"", ""payload"": ""true""}"
Získej llm_enabled,settings,"{""action"": ""get"", ""target"": ""llm_enabled"", ""payload"": ""true""}"
Potřebuji llm_enabled,settings,"{""action"": ""get"", ""target"": ""llm_enabled"", ""payload"": ""false""}"
Wat is llm_enabled?,settings,"{""action"": ""get"", ""target"": ""llm_enabled"", ""payload"": ""true""}"
Vertel me llm_enabled,settings,"{""action"": ""get"", ""target"": ""llm_enabled"", ""payload"": ""false""}"
Laat llm_enabled zien,settings,"{""action"": ""get"", ""target"": ""llm_enabled"", ""payload"": ""true""}"
Haal llm_enabled,settings,"{""action"": ""get"", ""target"": ""llm_enabled"", ""payload"": ""false""}"
Ik heb llm_enabled nodig,settings,"{""action"": ""get"", ""target"": ""llm_enabled"", ""payload"": ""false""}"
What is the llm_enabled?,settings,"{""action"": ""get"", ""target"": ""llm_enabled"", ""payload"": ""true""}"
Tell me the llm_enabled,settings,"{""action"": ""get"", ""target"": ""llm_enabled"", ""payload"": ""false""}"
Show me llm_enabled,settings,"{""action"": ""get"", ""target"": ""llm_enabled"", ""payload"": ""false""}"
Get the llm_enabled,settings,"{""action"": ""get"", ""target"": ""llm_enabled"", ""payload"": ""false""}"
I need llm_enabled,settings,"{""action"": ""get"", ""target"": ""llm_enabled"", ""payload"": ""true""}"
Quel est le llm_enabled?,settings,"{""action"": ""get"", ""target"": ""llm_enabled"", ""payload"": ""true""}"
Dis-moi le llm_enabled,settings,"{""action"": ""get"", ""target"": ""llm_enabled"", ""payload"": ""true""}"
Montre-moi llm_enabled,settings,"{""action"": ""get"", ""target"": ""llm_enabled"", ""payload"": ""true""}"
Donne-moi le llm_enabled,settings,"{""action"": ""get"", ""target"": ""llm_enabled"", ""payload"": ""true""}"
J'ai besoin du llm_enabled,settings,"{""action"": ""get"", ""target"": ""llm_enabled"", ""payload"": ""false""}"
Was ist llm_enabled?,settings,"{""action"": ""get"", ""target"": ""llm_enabled"", ""payload"": ""true""}"
Sag mir llm_enabled,settings,"{""action"": ""get"", ""target"": ""llm_enabled"", ""payload"": ""false""}"
Zeig mir llm_enabled,settings,"{""action"": ""get"", ""target"": ""llm_enabled"", ""payload"": ""false""}"
Hol llm_enabled,settings,"{""action"": ""get"", ""target"": ""llm_enabled"", ""payload"": ""true""}"
Ich brauche llm_enabled,settings,"{""action"": ""get"", ""target"": ""llm_enabled"", ""payload"": ""true""}"
Τι είναι το llm_enabled;,settings,"{""action"": ""get"", ""target"": ""llm_enabled"", ""payload"": ""true""}"
Πες μου το llm_enabled,settings,"{""action"": ""get"", ""target"": ""llm_enabled"", ""payload"": ""true""}"
Δείξε μου το llm_enabled,settings,"{""action"": ""get"", ""target"": ""llm_enabled"", ""payload"": ""true""}"
Πάρε το llm_enabled,settings,"{""action"": ""get"", ""target"": ""llm_enabled"", ""payload"": ""false""}"
Χρειάζομαι το llm_enabled,settings,"{""action"": ""get"", ""target"": ""llm_enabled"", ""payload"": ""false""}"
מה זה llm_enabled?,settings,"{""action"": ""get"", ""target"": ""llm_enabled"", ""payload"": ""false""}"
ספר לי על llm_enabled,settings,"{""action"": ""get"", ""target"": ""llm_enabled"", ""payload"": ""false""}"
הראה לי llm_enabled,settings,"{""action"": ""get"", ""target"": ""llm_enabled"", ""payload"": ""true""}"
קבל llm_enabled,settings,"{""action"": ""get"", ""target"": ""llm_enabled"", ""payload"": ""false""}"
אני צריך llm_enabled,settings,"{""action"": ""get"", ""target"": ""llm_enabled"", ""payload"": ""false""}"
llm_enabled क्या है?,settings,"{""action"": ""get"", ""target"": ""llm_enabled"", ""payload"": ""true""}"
मुझे llm_enabled बताओ,settings,"{""action"": ""get"", ""target"": ""llm_enabled"", ""payload"": ""false""}"
llm_enabled दिखाओ,settings,"{""action"": ""get"", ""target"": ""llm_enabled"", ""payload"": ""false""}"
llm_enabled प्राप्त करो,settings,"{""action"": ""get"", ""target"": ""llm_enabled"", ""payload"": ""false""}"
मुझे llm_enabled चाहिए,settings,"{""action"": ""get"", ""target"": ""llm_enabled"", ""payload"": ""true""}"
Mi az a llm_enabled?,settings,"{""action"": ""get"", ""target"": ""llm_enabled"", ""payload"": ""true""}"
Mondd el a llm_enabled,settings,"{""action"": ""get"", ""target"": ""llm_enabled"", ""payload"": ""false""}"
Mutasd a llm_enabled,settings,"{""action"": ""get"", ""target"": ""llm_enabled"", ""payload"": ""false""}"
Szerezd be a llm_enabled,settings,"{""action"": ""get"", ""target"": ""llm_enabled"", ""payload"": ""true""}"
Szükségem van a llm_enabled,settings,"{""action"": ""get"", ""target"": ""llm_enabled"", ""payload"": ""true""}"
Apa itu llm_enabled?,settings,"{""action"": ""get"", ""target"": ""llm_enabled"", ""payload"": ""false""}"
Beritahu saya llm_enabled,settings,"{""action"": ""get"", ""target"": ""llm_enabled"", ""payload"": ""true""}"
Tunjukkan llm_enabled,settings,"{""action"": ""get"", ""target"": ""llm_enabled"", ""payload"": ""false""}"
Ambil llm_enabled,settings,"{""action"": ""get"", ""target"": ""llm_enabled"", ""payload"": ""true""}"
Saya butuh llm_enabled,settings,"{""action"": ""get"", ""target"": ""llm_enabled"", ""payload"": ""true""}"
Cos'è llm_enabled?,settings,"{""action"": ""get"", ""target"": ""llm_enabled"", ""payload"": ""false""}"
Dimmi llm_enabled,settings,"{""action"": ""get"", ""target"": ""llm_enabled"", ""payload"": ""false""}"
Mostrami llm_enabled,settings,"{""action"": ""get"", ""target"": ""llm_enabled"", ""payload"": ""false""}"
Ottieni llm_enabled,settings,"{""action"": ""get"", ""target"": ""llm_enabled"", ""payload"": ""false""}"
Ho bisogno di llm_enabled,settings,"{""action"": ""get"", ""target"": ""llm_enabled"", ""payload"": ""false""}"
llm_enabledは?,settings,"{""action"": ""get"", ""target"": ""llm_enabled"", ""payload"": ""false""}"
llm_enabledを教えて,settings,"{""action"": ""get"", ""target"": ""llm_enabled"", ""payload"": ""true""}"
llm_enabledを見せて,settings,"{""action"": ""get"", ""target"": ""llm_enabled"", ""payload"": ""false""}"
llm_enabledを取得,settings,"{""action"": ""get"", ""target"": ""llm_enabled"", ""payload"": ""false""}"
llm_enabledが必要,settings,"{""action"": ""get"", ""target"": ""llm_enabled"", ""payload"": ""true""}"
llm_enabled 뭐야?,settings,"{""action"": ""get"", ""target"": ""llm_enabled"", ""payload"": ""true""}"
llm_enabled 알려줘,settings,"{""action"": ""get"", ""target"": ""llm_enabled"", ""payload"": ""false""}"
llm_enabled 보여줘,settings,"{""action"": ""get"", ""target"": ""llm_enabled"", ""payload"": ""false""}"
llm_enabled 가져와,settings,"{""action"": ""get"", ""target"": ""llm_enabled"", ""payload"": ""true""}"
llm_enabled 필요해,settings,"{""action"": ""get"", ""target"": ""llm_enabled"", ""payload"": ""true""}"
llm_enabled काय आहे?,settings,"{""action"": ""get"", ""target"": ""llm_enabled"", ""payload"": ""true""}"
मला llm_enabled सांगा,settings,"{""action"": ""get"", ""target"": ""llm_enabled"", ""payload"": ""true""}"
llm_enabled दाखवा,settings,"{""action"": ""get"", ""target"": ""llm_enabled"", ""payload"": ""false""}"
llm_enabled मिळवा,settings,"{""action"": ""get"", ""target"": ""llm_enabled"", ""payload"": ""false""}"
मला llm_enabled हवा आहे,settings,"{""action"": ""get"", ""target"": ""llm_enabled"", ""payload"": ""false""}"
llm_enabled چیست؟,settings,"{""action"": ""get"", ""target"": ""llm_enabled"", ""payload"": ""false""}"
به من llm_enabled را بگو,settings,"{""action"": ""get"", ""target"": ""llm_enabled"", ""payload"": ""true""}"
llm_enabled را نشان بده,settings,"{""action"": ""get"", ""target"": ""llm_enabled"", ""payload"": ""true""}"
llm_enabled را بگیر,settings,"{""action"": ""get"", ""target"": ""llm_enabled"", ""payload"": ""false""}"
من llm_enabled نیاز دارم,settings,"{""action"": ""get"", ""target"": ""llm_enabled"", ""payload"": ""true""}"
Co to jest llm_enabled?,settings,"{""action"": ""get"", ""target"": ""llm_enabled"", ""payload"": ""false""}"
Powiedz mi llm_enabled,settings,"{""action"": ""get"", ""target"": ""llm_enabled"", ""payload"": ""true""}"
Pokaż llm_enabled,settings,"{""action"": ""get"", ""target"": ""llm_enabled"", ""payload"": ""false""}"
Pobierz llm_enabled,settings,"{""action"": ""get"", ""target"": ""llm_enabled"", ""payload"": ""false""}"
Potrzebuję llm_enabled,settings,"{""action"": ""get"", ""target"": ""llm_enabled"", ""payload"": ""true""}"
O que é llm_enabled?,settings,"{""action"": ""get"", ""target"": ""llm_enabled"", ""payload"": ""true""}"
Me diga llm_enabled,settings,"{""action"": ""get"", ""target"": ""llm_enabled"", ""payload"": ""true""}"
Mostre llm_enabled,settings,"{""action"": ""get"", ""target"": ""llm_enabled"", ""payload"": ""true""}"
Obtenha llm_enabled,settings,"{""action"": ""get"", ""target"": ""llm_enabled"", ""payload"": ""false""}"
Preciso de llm_enabled,settings,"{""action"": ""get"", ""target"": ""llm_enabled"", ""payload"": ""false""}"
Ce este llm_enabled?,settings,"{""action"": ""get"", ""target"": ""llm_enabled"", ""payload"": ""true""}"
Spune-mi llm_enabled,settings,"{""action"": ""get"", ""target"": ""llm_enabled"", ""payload"": ""false""}"
Arată-mi llm_enabled,settings,"{""action"": ""get"", ""target"": ""llm_enabled"", ""payload"": ""true""}"
Obține llm_enabled,settings,"{""action"": ""get"", ""target"": ""llm_enabled"", ""payload"": ""false""}"
Am nevoie de llm_enabled,settings,"{""action"": ""get"", ""target"": ""llm_enabled"", ""payload"": ""false""}"
Что такое llm_enabled?,settings,"{""action"": ""get"", ""target"": ""llm_enabled"", ""payload"": ""true""}"
Скажи llm_enabled,settings,"{""action"": ""get"", ""target"": ""llm_enabled"", ""payload"": ""true""}"
Покажи llm_enabled,settings,"{""action"": ""get"", ""target"": ""llm_enabled"", ""payload"": ""false""}"
Получи llm_enabled,settings,"{""action"": ""get"", ""target"": ""llm_enabled"", ""payload"": ""true""}"
Мне нужен llm_enabled,settings,"{""action"": ""get"", ""target"": ""llm_enabled"", ""payload"": ""true""}"
¿Qué es llm_enabled?,settings,"{""action"": ""get"", ""target"": ""llm_enabled"", ""payload"": ""true""}"
Dime llm_enabled,settings,"{""action"": ""get"", ""target"": ""llm_enabled"", ""payload"": ""true""}"
Muéstrame llm_enabled,settings,"{""action"": ""get"", ""target"": ""llm_enabled"", ""payload"": ""true""}"
Obtén llm_enabled,settings,"{""action"": ""get"", ""target"": ""llm_enabled"", ""payload"": ""false""}"
Necesito llm_enabled,settings,"{""action"": ""get"", ""target"": ""llm_enabled"", ""payload"": ""false""}"
Nini llm_enabled?,settings,"{""action"": ""get"", ""target"": ""llm_enabled"", ""payload"": ""false""}"
Niambie llm_enabled,settings,"{""action"": ""get"", ""target"": ""llm_enabled"", ""payload"": ""false""}"
Nionyeshe llm_enabled,settings,"{""action"": ""get"", ""target"": ""llm_enabled"", ""payload"": ""false""}"
Pata llm_enabled,settings,"{""action"": ""get"", ""target"": ""llm_enabled"", ""payload"": ""true""}"
Ninahitaji llm_enabled,settings,"{""action"": ""get"", ""target"": ""llm_enabled"", ""payload"": ""true""}"
llm_enabled என்ன?,settings,"{""action"": ""get"", ""target"": ""llm_enabled"", ""payload"": ""true""}"
எனக்கு llm_enabled சொல்,settings,"{""action"": ""get"", ""target"": ""llm_enabled"", ""payload"": ""true""}"
llm_enabled காட்டு,settings,"{""action"": ""get"", ""target"": ""llm_enabled"", ""payload"": ""true""}"
llm_enabled எடு,settings,"{""action"": ""get"", ""target"": ""llm_enabled"", ""payload"": ""false""}"
எனக்கு llm_enabled வேண்டும்,settings,"{""action"": ""get"", ""target"": ""llm_enabled"", ""payload"": ""true""}"
llm_enabled ఏమిటి?,settings,"{""action"": ""get"", ""target"": ""llm_enabled"", ""payload"": ""false""}"
నాకు llm_enabled చెప్పు,settings,"{""action"": ""get"", ""target"": ""llm_enabled"", ""payload"": ""false""}"
llm_enabled చూపించు,settings,"{""action"": ""get"", ""target"": ""llm_enabled"", ""payload"": ""false""}"
llm_enabled తీసుకో,settings,"{""action"": ""get"", ""target"": ""llm_enabled"", ""payload"": ""true""}"
నాకు llm_enabled కావాలి,settings,"{""action"": ""get"", ""target"": ""llm_enabled"", ""payload"": ""false""}"
llm_enabled คืออะไร?,settings,"{""action"": ""get"", ""target"": ""llm_enabled"", ""payload"": ""true""}"
บอกฉันเรื่อง llm_enabled,settings,"{""action"": ""get"", ""target"": ""llm_enabled"", ""payload"": ""true""}"
แสดง llm_enabled,settings,"{""action"": ""get"", ""target"": ""llm_enabled"", ""payload"": ""false""}"
เอา llm_enabled มา,settings,"{""action"": ""get"", ""target"": ""llm_enabled"", ""payload"": ""false""}"
ฉันต้องการ llm_enabled,settings,"{""action"": ""get"", ""target"": ""llm_enabled"", ""payload"": ""false""}"
llm_enabled nedir?,settings,"{""action"": ""get"", ""target"": ""llm_enabled"", ""payload"": ""false""}"
Bana llm_enabled söyle,settings,"{""action"": ""get"", ""target"": ""llm_enabled"", ""payload"": ""true""}"
llm_enabled göster,settings,"{""action"": ""get"", ""target"": ""llm_enabled"", ""payload"": ""true""}"
llm_enabled al,settings,"{""action"": ""get"", ""target"": ""llm_enabled"", ""payload"": ""true""}"
Bana llm_enabled lazım,settings,"{""action"": ""get"", ""target"": ""llm_enabled"", ""payload"": ""false""}"
llm_enabled کیا ہے؟,settings,"{""action"": ""get"", ""target"": ""llm_enabled"", ""payload"": ""true""}"
مجھے llm_enabled بتاؤ,settings,"{""action"": ""get"", ""target"": ""llm_enabled"", ""payload"": ""true""}"
llm_enabled دکھاؤ,settings,"{""action"": ""get"", ""target"": ""llm_enabled"", ""payload"": ""true""}"
llm_enabled حاصل کرو,settings,"{""action"": ""get"", ""target"": ""llm_enabled"", ""payload"": ""true""}"
مجھے llm_enabled چاہیے,settings,"{""action"": ""get"", ""target"": ""llm_enabled"", ""payload"": ""true""}"
llm_enabled là gì?,settings,"{""action"": ""get"", ""target"": ""llm_enabled"", ""payload"": ""false""}"
Cho tôi biết llm_enabled,settings,"{""action"": ""get"", ""target"": ""llm_enabled"", ""payload"": ""true""}"
Hiển thị llm_enabled,settings,"{""action"": ""get"", ""target"": ""llm_enabled"", ""payload"": ""true""}"
Lấy llm_enabled,settings,"{""action"": ""get"", ""target"": ""llm_enabled"", ""payload"": ""true""}"
Tôi cần llm_enabled,settings,"{""action"": ""get"", ""target"": ""llm_enabled"", ""payload"": ""false""}"
ما هو llm_provider؟,settings,"{""action"": ""get"", ""target"": ""llm_provider"", ""payload"": ""lmstudio""}"
أخبرني عن llm_provider,settings,"{""action"": ""get"", ""target"": ""llm_provider"", ""payload"": ""openrouter""}"
اعرض لي llm_provider,settings,"{""action"": ""get"", ""target"": ""llm_provider"", ""payload"": ""openrouter""}"
احصل على llm_provider,settings,"{""action"": ""get"", ""target"": ""llm_provider"", ""payload"": ""openrouter""}"
أحتاج llm_provider,settings,"{""action"": ""get"", ""target"": ""llm_provider"", ""payload"": ""custom""}"
llm_provider কি?,settings,"{""action"": ""get"", ""target"": ""llm_provider"", ""payload"": ""openai""}"
আমাকে llm_provider বলো,settings,"{""action"": ""get"", ""target"": ""llm_provider"", ""payload"": ""openai""}"
llm_provider দেখাও,settings,"{""action"": ""get"", ""target"": ""llm_provider"", ""payload"": ""lmstudio""}"
llm_provider নাও,settings,"{""action"": ""get"", ""target"": ""llm_provider"", ""payload"": ""openai""}"
আমার llm_provider দরকার,settings,"{""action"": ""get"", ""target"": ""llm_provider"", ""payload"": ""custom""}"
llm_provider是什么？,settings,"{""action"": ""get"", ""target"": ""llm_provider"", ""payload"": ""lmstudio""}"
告诉我llm_provider,settings,"{""action"": ""get"", ""target"": ""llm_provider"", ""payload"": ""openrouter""}"
显示llm_provider,settings,"{""action"": ""get"", ""target"": ""llm_provider"", ""payload"": ""openrouter""}"
获取llm_provider,settings,"{""action"": ""get"", ""target"": ""llm_provider"", ""payload"": ""lmstudio""}"
我需要llm_provider,settings,"{""action"": ""get"", ""target"": ""llm_provider"", ""payload"": ""lmstudio""}"
Co je llm_provider?,settings,"{""action"": ""get"", ""target"": ""llm_provider"", ""payload"": ""lmstudio""}"
Řekni mi llm_provider,settings,"{""action"": ""get"", ""target"": ""llm_provider"", ""payload"": ""custom""}"
Ukaž mi llm_provider,settings,"{""action"": ""get"", ""target"": ""llm_provider"", ""payload"": ""openrouter""}"
Získej llm_provider,settings,"{""action"": ""get"", ""target"": ""llm_provider"", ""payload"": ""custom""}"
Potřebuji llm_provider,settings,"{""action"": ""get"", ""target"": ""llm_provider"", ""payload"": ""openrouter""}"
Wat is llm_provider?,settings,"{""action"": ""get"", ""target"": ""llm_provider"", ""payload"": ""lmstudio""}"
Vertel me llm_provider,settings,"{""action"": ""get"", ""target"": ""llm_provider"", ""payload"": ""custom""}"
Laat llm_provider zien,settings,"{""action"": ""get"", ""target"": ""llm_provider"", ""payload"": ""openai""}"
Haal llm_provider,settings,"{""action"": ""get"", ""target"": ""llm_provider"", ""payload"": ""openrouter""}"
Ik heb llm_provider nodig,settings,"{""action"": ""get"", ""target"": ""llm_provider"", ""payload"": ""lmstudio""}"
What is the llm_provider?,settings,"{""action"": ""get"", ""target"": ""llm_provider"", ""payload"": ""lmstudio""}"
Tell me the llm_provider,settings,"{""action"": ""get"", ""target"": ""llm_provider"", ""payload"": ""custom""}"
Show me llm_provider,settings,"{""action"": ""get"", ""target"": ""llm_provider"", ""payload"": ""openai""}"
Get the llm_provider,settings,"{""action"": ""get"", ""target"": ""llm_provider"", ""payload"": ""openai""}"
I need llm_provider,settings,"{""action"": ""get"", ""target"": ""llm_provider"", ""payload"": ""openrouter""}"
Quel est le llm_provider?,settings,"{""action"": ""get"", ""target"": ""llm_provider"", ""payload"": ""openrouter""}"
Dis-moi le llm_provider,settings,"{""action"": ""get"", ""target"": ""llm_provider"", ""payload"": ""openrouter""}"
Montre-moi llm_provider,settings,"{""action"": ""get"", ""target"": ""llm_provider"", ""payload"": ""custom""}"
Donne-moi le llm_provider,settings,"{""action"": ""get"", ""target"": ""llm_provider"", ""payload"": ""lmstudio""}"
J'ai besoin du llm_provider,settings,"{""action"": ""get"", ""target"": ""llm_provider"", ""payload"": ""custom""}"
Was ist llm_provider?,settings,"{""action"": ""get"", ""target"": ""llm_provider"", ""payload"": ""lmstudio""}"
Sag mir llm_provider,settings,"{""action"": ""get"", ""target"": ""llm_provider"", ""payload"": ""lmstudio""}"
Zeig mir llm_provider,settings,"{""action"": ""get"", ""target"": ""llm_provider"", ""payload"": ""lmstudio""}"
Hol llm_provider,settings,"{""action"": ""get"", ""target"": ""llm_provider"", ""payload"": ""openai""}"
Ich brauche llm_provider,settings,"{""action"": ""get"", ""target"": ""llm_provider"", ""payload"": ""custom""}"
Τι είναι το llm_provider;,settings,"{""action"": ""get"", ""target"": ""llm_provider"", ""payload"": ""custom""}"
Πες μου το llm_provider,settings,"{""action"": ""get"", ""target"": ""llm_provider"", ""payload"": ""custom""}"
Δείξε μου το llm_provider,settings,"{""action"": ""get"", ""target"": ""llm_provider"", ""payload"": ""openai""}"
Πάρε το llm_provider,settings,"{""action"": ""get"", ""target"": ""llm_provider"", ""payload"": ""openai""}"
Χρειάζομαι το llm_provider,settings,"{""action"": ""get"", ""target"": ""llm_provider"", ""payload"": ""lmstudio""}"
מה זה llm_provider?,settings,"{""action"": ""get"", ""target"": ""llm_provider"", ""payload"": ""openai""}"
ספר לי על llm_provider,settings,"{""action"": ""get"", ""target"": ""llm_provider"", ""payload"": ""openrouter""}"
הראה לי llm_provider,settings,"{""action"": ""get"", ""target"": ""llm_provider"", ""payload"": ""openrouter""}"
קבל llm_provider,settings,"{""action"": ""get"", ""target"": ""llm_provider"", ""payload"": ""openrouter""}"
אני צריך llm_provider,settings,"{""action"": ""get"", ""target"": ""llm_provider"", ""payload"": ""custom""}"
llm_provider क्या है?,settings,"{""action"": ""get"", ""target"": ""llm_provider"", ""payload"": ""openrouter""}"
मुझे llm_provider बताओ,settings,"{""action"": ""get"", ""target"": ""llm_provider"", ""payload"": ""openai""}"
llm_provider दिखाओ,settings,"{""action"": ""get"", ""target"": ""llm_provider"", ""payload"": ""custom""}"
llm_provider प्राप्त करो,settings,"{""action"": ""get"", ""target"": ""llm_provider"", ""payload"": ""custom""}"
मुझे llm_provider चाहिए,settings,"{""action"": ""get"", ""target"": ""llm_provider"", ""payload"": ""openrouter""}"
Mi az a llm_provider?,settings,"{""action"": ""get"", ""target"": ""llm_provider"", ""payload"": ""lmstudio""}"
Mondd el a llm_provider,settings,"{""action"": ""get"", ""target"": ""llm_provider"", ""payload"": ""lmstudio""}"
Mutasd a llm_provider,settings,"{""action"": ""get"", ""target"": ""llm_provider"", ""payload"": ""openai""}"
Szerezd be a llm_provider,settings,"{""action"": ""get"", ""target"": ""llm_provider"", ""payload"": ""openrouter""}"
Szükségem van a llm_provider,settings,"{""action"": ""get"", ""target"": ""llm_provider"", ""payload"": ""openai""}"
Apa itu llm_provider?,settings,"{""action"": ""get"", ""target"": ""llm_provider"", ""payload"": ""lmstudio""}"
Beritahu saya llm_provider,settings,"{""action"": ""get"", ""target"": ""llm_provider"", ""payload"": ""lmstudio""}"
Tunjukkan llm_provider,settings,"{""action"": ""get"", ""target"": ""llm_provider"", ""payload"": ""openrouter""}"
Ambil llm_provider,settings,"{""action"": ""get"", ""target"": ""llm_provider"", ""payload"": ""lmstudio""}"
Saya butuh llm_provider,settings,"{""action"": ""get"", ""target"": ""llm_provider"", ""payload"": ""lmstudio""}"
Cos'è llm_provider?,settings,"{""action"": ""get"", ""target"": ""llm_provider"", ""payload"": ""lmstudio""}"
Dimmi llm_provider,settings,"{""action"": ""get"", ""target"": ""llm_provider"", ""payload"": ""openrouter""}"
Mostrami llm_provider,settings,"{""action"": ""get"", ""target"": ""llm_provider"", ""payload"": ""openrouter""}"
Ottieni llm_provider,settings,"{""action"": ""get"", ""target"": ""llm_provider"", ""payload"": ""lmstudio""}"
Ho bisogno di llm_provider,settings,"{""action"": ""get"", ""target"": ""llm_provider"", ""payload"": ""lmstudio""}"
llm_providerは?,settings,"{""action"": ""get"", ""target"": ""llm_provider"", ""payload"": ""custom""}"
llm_providerを教えて,settings,"{""action"": ""get"", ""target"": ""llm_provider"", ""payload"": ""openrouter""}"
llm_providerを見せて,settings,"{""action"": ""get"", ""target"": ""llm_provider"", ""payload"": ""openai""}"
llm_providerを取得,settings,"{""action"": ""get"", ""target"": ""llm_provider"", ""payload"": ""openai""}"
llm_providerが必要,settings,"{""action"": ""get"", ""target"": ""llm_provider"", ""payload"": ""lmstudio""}"
llm_provider 뭐야?,settings,"{""action"": ""get"", ""target"": ""llm_provider"", ""payload"": ""lmstudio""}"
llm_provider 알려줘,settings,"{""action"": ""get"", ""target"": ""llm_provider"", ""payload"": ""custom""}"
llm_provider 보여줘,settings,"{""action"": ""get"", ""target"": ""llm_provider"", ""payload"": ""custom""}"
llm_provider 가져와,settings,"{""action"": ""get"", ""target"": ""llm_provider"", ""payload"": ""openrouter""}"
llm_provider 필요해,settings,"{""action"": ""get"", ""target"": ""llm_provider"", ""payload"": ""openai""}"
llm_provider काय आहे?,settings,"{""action"": ""get"", ""target"": ""llm_provider"", ""payload"": ""custom""}"
मला llm_provider सांगा,settings,"{""action"": ""get"", ""target"": ""llm_provider"", ""payload"": ""openai""}"
llm_provider दाखवा,settings,"{""action"": ""get"", ""target"": ""llm_provider"", ""payload"": ""custom""}"
llm_provider मिळवा,settings,"{""action"": ""get"", ""target"": ""llm_provider"", ""payload"": ""lmstudio""}"
मला llm_provider हवा आहे,settings,"{""action"": ""get"", ""target"": ""llm_provider"", ""payload"": ""custom""}"
llm_provider چیست؟,settings,"{""action"": ""get"", ""target"": ""llm_provider"", ""payload"": ""custom""}"
به من llm_provider را بگو,settings,"{""action"": ""get"", ""target"": ""llm_provider"", ""payload"": ""openrouter""}"
llm_provider را نشان بده,settings,"{""action"": ""get"", ""target"": ""llm_provider"", ""payload"": ""lmstudio""}"
llm_provider را بگیر,settings,"{""action"": ""get"", ""target"": ""llm_provider"", ""payload"": ""lmstudio""}"
من llm_provider نیاز دارم,settings,"{""action"": ""get"", ""target"": ""llm_provider"", ""payload"": ""openrouter""}"
Co to jest llm_provider?,settings,"{""action"": ""get"", ""target"": ""llm_provider"", ""payload"": ""openai""}"
Powiedz mi llm_provider,settings,"{""action"": ""get"", ""target"": ""llm_provider"", ""payload"": ""lmstudio""}"
Pokaż llm_provider,settings,"{""action"": ""get"", ""target"": ""llm_provider"", ""payload"": ""lmstudio""}"
Pobierz llm_provider,settings,"{""action"": ""get"", ""target"": ""llm_provider"", ""payload"": ""openrouter""}"
Potrzebuję llm_provider,settings,"{""action"": ""get"", ""target"": ""llm_provider"", ""payload"": ""openai""}"
O que é llm_provider?,settings,"{""action"": ""get"", ""target"": ""llm_provider"", ""payload"": ""lmstudio""}"
Me diga llm_provider,settings,"{""action"": ""get"", ""target"": ""llm_provider"", ""payload"": ""openrouter""}"
Mostre llm_provider,settings,"{""action"": ""get"", ""target"": ""llm_provider"", ""payload"": ""lmstudio""}"
Obtenha llm_provider,settings,"{""action"": ""get"", ""target"": ""llm_provider"", ""payload"": ""custom""}"
Preciso de llm_provider,settings,"{""action"": ""get"", ""target"": ""llm_provider"", ""payload"": ""openai""}"
Ce este llm_provider?,settings,"{""action"": ""get"", ""target"": ""llm_provider"", ""payload"": ""custom""}"
Spune-mi llm_provider,settings,"{""action"": ""get"", ""target"": ""llm_provider"", ""payload"": ""openai""}"
Arată-mi llm_provider,settings,"{""action"": ""get"", ""target"": ""llm_provider"", ""payload"": ""openrouter""}"
Obține llm_provider,settings,"{""action"": ""get"", ""target"": ""llm_provider"", ""payload"": ""lmstudio""}"
Am nevoie de llm_provider,settings,"{""action"": ""get"", ""target"": ""llm_provider"", ""payload"": ""lmstudio""}"
Что такое llm_provider?,settings,"{""action"": ""get"", ""target"": ""llm_provider"", ""payload"": ""openrouter""}"
Скажи llm_provider,settings,"{""action"": ""get"", ""target"": ""llm_provider"", ""payload"": ""lmstudio""}"
Покажи llm_provider,settings,"{""action"": ""get"", ""target"": ""llm_provider"", ""payload"": ""custom""}"
Получи llm_provider,settings,"{""action"": ""get"", ""target"": ""llm_provider"", ""payload"": ""openrouter""}"
Мне нужен llm_provider,settings,"{""action"": ""get"", ""target"": ""llm_provider"", ""payload"": ""custom""}"
¿Qué es llm_provider?,settings,"{""action"": ""get"", ""target"": ""llm_provider"", ""payload"": ""openai""}"
Dime llm_provider,settings,"{""action"": ""get"", ""target"": ""llm_provider"", ""payload"": ""lmstudio""}"
Muéstrame llm_provider,settings,"{""action"": ""get"", ""target"": ""llm_provider"", ""payload"": ""custom""}"
Obtén llm_provider,settings,"{""action"": ""get"", ""target"": ""llm_provider"", ""payload"": ""lmstudio""}"
Necesito llm_provider,settings,"{""action"": ""get"", ""target"": ""llm_provider"", ""payload"": ""openai""}"
Nini llm_provider?,settings,"{""action"": ""get"", ""target"": ""llm_provider"", ""payload"": ""lmstudio""}"
Niambie llm_provider,settings,"{""action"": ""get"", ""target"": ""llm_provider"", ""payload"": ""openai""}"
Nionyeshe llm_provider,settings,"{""action"": ""get"", ""target"": ""llm_provider"", ""payload"": ""openrouter""}"
Pata llm_provider,settings,"{""action"": ""get"", ""target"": ""llm_provider"", ""payload"": ""lmstudio""}"
Ninahitaji llm_provider,settings,"{""action"": ""get"", ""target"": ""llm_provider"", ""payload"": ""openrouter""}"
llm_provider என்ன?,settings,"{""action"": ""get"", ""target"": ""llm_provider"", ""payload"": ""openai""}"
எனக்கு llm_provider சொல்,settings,"{""action"": ""get"", ""target"": ""llm_provider"", ""payload"": ""openrouter""}"
llm_provider காட்டு,settings,"{""action"": ""get"", ""target"": ""llm_provider"", ""payload"": ""custom""}"
llm_provider எடு,settings,"{""action"": ""get"", ""target"": ""llm_provider"", ""payload"": ""openrouter""}"
எனக்கு llm_provider வேண்டும்,settings,"{""action"": ""get"", ""target"": ""llm_provider"", ""payload"": ""custom""}"
llm_provider ఏమిటి?,settings,"{""action"": ""get"", ""target"": ""llm_provider"", ""payload"": ""openai""}"
నాకు llm_provider చెప్పు,settings,"{""action"": ""get"", ""target"": ""llm_provider"", ""payload"": ""openai""}"
llm_provider చూపించు,settings,"{""action"": ""get"", ""target"": ""llm_provider"", ""payload"": ""lmstudio""}"
llm_provider తీసుకో,settings,"{""action"": ""get"", ""target"": ""llm_provider"", ""payload"": ""custom""}"
నాకు llm_provider కావాలి,settings,"{""action"": ""get"", ""target"": ""llm_provider"", ""payload"": ""lmstudio""}"
llm_provider คืออะไร?,settings,"{""action"": ""get"", ""target"": ""llm_provider"", ""payload"": ""lmstudio""}"
บอกฉันเรื่อง llm_provider,settings,"{""action"": ""get"", ""target"": ""llm_provider"", ""payload"": ""openai""}"
แสดง llm_provider,settings,"{""action"": ""get"", ""target"": ""llm_provider"", ""payload"": ""openrouter""}"
เอา llm_provider มา,settings,"{""action"": ""get"", ""target"": ""llm_provider"", ""payload"": ""openai""}"
ฉันต้องการ llm_provider,settings,"{""action"": ""get"", ""target"": ""llm_provider"", ""payload"": ""openai""}"
llm_provider nedir?,settings,"{""action"": ""get"", ""target"": ""llm_provider"", ""payload"": ""openrouter""}"
Bana llm_provider söyle,settings,"{""action"": ""get"", ""target"": ""llm_provider"", ""payload"": ""custom""}"
llm_provider göster,settings,"{""action"": ""get"", ""target"": ""llm_provider"", ""payload"": ""custom""}"
llm_provider al,settings,"{""action"": ""get"", ""target"": ""llm_provider"", ""payload"": ""openrouter""}"
Bana llm_provider lazım,settings,"{""action"": ""get"", ""target"": ""llm_provider"", ""payload"": ""openrouter""}"
llm_provider کیا ہے؟,settings,"{""action"": ""get"", ""target"": ""llm_provider"", ""payload"": ""lmstudio""}"
مجھے llm_provider بتاؤ,settings,"{""action"": ""get"", ""target"": ""llm_provider"", ""payload"": ""openrouter""}"
llm_provider دکھاؤ,settings,"{""action"": ""get"", ""target"": ""llm_provider"", ""payload"": ""openrouter""}"
llm_provider حاصل کرو,settings,"{""action"": ""get"", ""target"": ""llm_provider"", ""payload"": ""lmstudio""}"
مجھے llm_provider چاہیے,settings,"{""action"": ""get"", ""target"": ""llm_provider"", ""payload"": ""custom""}"
llm_provider là gì?,settings,"{""action"": ""get"", ""target"": ""llm_provider"", ""payload"": ""openrouter""}"
Cho tôi biết llm_provider,settings,"{""action"": ""get"", ""target"": ""llm_provider"", ""payload"": ""openrouter""}"
Hiển thị llm_provider,settings,"{""action"": ""get"", ""target"": ""llm_provider"", ""payload"": ""lmstudio""}"
Lấy llm_provider,settings,"{""action"": ""get"", ""target"": ""llm_provider"", ""payload"": ""openrouter""}"
Tôi cần llm_provider,settings,"{""action"": ""get"", ""target"": ""llm_provider"", ""payload"": ""lmstudio""}"
ما هو llm_model؟,settings,"{""action"": ""get"", ""target"": ""llm_model"", ""payload"": ""openai/gpt-4o""}"
أخبرني عن llm_model,settings,"{""action"": ""get"", ""target"": ""llm_model"", ""payload"": ""google/gemma-3-270m-it""}"
اعرض لي llm_model,settings,"{""action"": ""get"", ""target"": ""llm_model"", ""payload"": ""openai/gpt-4o""}"
احصل على llm_model,settings,"{""action"": ""get"", ""target"": ""llm_model"", ""payload"": ""openai/gpt-4o""}"
أحتاج llm_model,settings,"{""action"": ""get"", ""target"": ""llm_model"", ""payload"": ""google/gemma-3-270m-it""}"
llm_model কি?,settings,"{""action"": ""get"", ""target"": ""llm_model"", ""payload"": ""google/gemma-3-270m-it""}"
আমাকে llm_model বলো,settings,"{""action"": ""get"", ""target"": ""llm_model"", ""payload"": ""google/gemma-3-270m-it""}"
llm_model দেখাও,settings,"{""action"": ""get"", ""target"": ""llm_model"", ""payload"": ""meta-llama/llama-3-70b""}"
llm_model নাও,settings,"{""action"": ""get"", ""target"": ""llm_model"", ""payload"": ""anthropic/claude-3-haiku""}"
আমার llm_model দরকার,settings,"{""action"": ""get"", ""target"": ""llm_model"", ""payload"": ""google/gemma-3-270m-it""}"
llm_model是什么？,settings,"{""action"": ""get"", ""target"": ""llm_model"", ""payload"": ""openai/gpt-4o""}"
告诉我llm_model,settings,"{""action"": ""get"", ""target"": ""llm_model"", ""payload"": ""openai/gpt-4o""}"
显示llm_model,settings,"{""action"": ""get"", ""target"": ""llm_model"", ""payload"": ""google/gemma-3-270m-it""}"
获取llm_model,settings,"{""action"": ""get"", ""target"": ""llm_model"", ""payload"": ""anthropic/claude-3-haiku""}"
我需要llm_model,settings,"{""action"": ""get"", ""target"": ""llm_model"", ""payload"": ""anthropic/claude-3-haiku""}"
Co je llm_model?,settings,"{""action"": ""get"", ""target"": ""llm_model"", ""payload"": ""anthropic/claude-3-haiku""}"
Řekni mi llm_model,settings,"{""action"": ""get"", ""target"": ""llm_model"", ""payload"": ""openai/gpt-4o""}"
Ukaž mi llm_model,settings,"{""action"": ""get"", ""target"": ""llm_model"", ""payload"": ""google/gemma-3-270m-it""}"
Získej llm_model,settings,"{""action"": ""get"", ""target"": ""llm_model"", ""payload"": ""google/gemma-3-270m-it""}"
Potřebuji llm_model,settings,"{""action"": ""get"", ""target"": ""llm_model"", ""payload"": ""google/gemma-3-270m-it""}"
Wat is llm_model?,settings,"{""action"": ""get"", ""target"": ""llm_model"", ""payload"": ""openai/gpt-4o""}"
Vertel me llm_model,settings,"{""action"": ""get"", ""target"": ""llm_model"", ""payload"": ""google/gemma-3-270m-it""}"
Laat llm_model zien,settings,"{""action"": ""get"", ""target"": ""llm_model"", ""payload"": ""openai/gpt-4o""}"
Haal llm_model,settings,"{""action"": ""get"", ""target"": ""llm_model"", ""payload"": ""openai/gpt-4o""}"
Ik heb llm_model nodig,settings,"{""action"": ""get"", ""target"": ""llm_model"", ""payload"": ""anthropic/claude-3-haiku""}"
What is the llm_model?,settings,"{""action"": ""get"", ""target"": ""llm_model"", ""payload"": ""google/gemma-3-270m-it""}"
Tell me the llm_model,settings,"{""action"": ""get"", ""target"": ""llm_model"", ""payload"": ""google/gemma-3-270m-it""}"
Show me llm_model,settings,"{""action"": ""get"", ""target"": ""llm_model"", ""payload"": ""meta-llama/llama-3-70b""}"
Get the llm_model,settings,"{""action"": ""get"", ""target"": ""llm_model"", ""payload"": ""anthropic/claude-3-haiku""}"
I need llm_model,settings,"{""action"": ""get"", ""target"": ""llm_model"", ""payload"": ""openai/gpt-4o""}"
Quel est le llm_model?,settings,"{""action"": ""get"", ""target"": ""llm_model"", ""payload"": ""anthropic/claude-3-haiku""}"
Dis-moi le llm_model,settings,"{""action"": ""get"", ""target"": ""llm_model"", ""payload"": ""meta-llama/llama-3-70b""}"
Montre-moi llm_model,settings,"{""action"": ""get"", ""target"": ""llm_model"", ""payload"": ""anthropic/claude-3-haiku""}"
Donne-moi le llm_model,settings,"{""action"": ""get"", ""target"": ""llm_model"", ""payload"": ""anthropic/claude-3-haiku""}"
J'ai besoin du llm_model,settings,"{""action"": ""get"", ""target"": ""llm_model"", ""payload"": ""meta-llama/llama-3-70b""}"
Was ist llm_model?,settings,"{""action"": ""get"", ""target"": ""llm_model"", ""payload"": ""anthropic/claude-3-haiku""}"
Sag mir llm_model,settings,"{""action"": ""get"", ""target"": ""llm_model"", ""payload"": ""anthropic/claude-3-haiku""}"
Zeig mir llm_model,settings,"{""action"": ""get"", ""target"": ""llm_model"", ""payload"": ""meta-llama/llama-3-70b""}"
Hol llm_model,settings,"{""action"": ""get"", ""target"": ""llm_model"", ""payload"": ""meta-llama/llama-3-70b""}"
Ich brauche llm_model,settings,"{""action"": ""get"", ""target"": ""llm_model"", ""payload"": ""openai/gpt-4o""}"
Τι είναι το llm_model;,settings,"{""action"": ""get"", ""target"": ""llm_model"", ""payload"": ""meta-llama/llama-3-70b""}"
Πες μου το llm_model,settings,"{""action"": ""get"", ""target"": ""llm_model"", ""payload"": ""google/gemma-3-270m-it""}"
Δείξε μου το llm_model,settings,"{""action"": ""get"", ""target"": ""llm_model"", ""payload"": ""google/gemma-3-270m-it""}"
Πάρε το llm_model,settings,"{""action"": ""get"", ""target"": ""llm_model"", ""payload"": ""google/gemma-3-270m-it""}"
Χρειάζομαι το llm_model,settings,"{""action"": ""get"", ""target"": ""llm_model"", ""payload"": ""openai/gpt-4o""}"
מה זה llm_model?,settings,"{""action"": ""get"", ""target"": ""llm_model"", ""payload"": ""anthropic/claude-3-haiku""}"
ספר לי על llm_model,settings,"{""action"": ""get"", ""target"": ""llm_model"", ""payload"": ""meta-llama/llama-3-70b""}"
הראה לי llm_model,settings,"{""action"": ""get"", ""target"": ""llm_model"", ""payload"": ""openai/gpt-4o""}"
קבל llm_model,settings,"{""action"": ""get"", ""target"": ""llm_model"", ""payload"": ""anthropic/claude-3-haiku""}"
אני צריך llm_model,settings,"{""action"": ""get"", ""target"": ""llm_model"", ""payload"": ""meta-llama/llama-3-70b""}"
llm_model क्या है?,settings,"{""action"": ""get"", ""target"": ""llm_model"", ""payload"": ""anthropic/claude-3-haiku""}"
मुझे llm_model बताओ,settings,"{""action"": ""get"", ""target"": ""llm_model"", ""payload"": ""meta-llama/llama-3-70b""}"
llm_model दिखाओ,settings,"{""action"": ""get"", ""target"": ""llm_model"", ""payload"": ""google/gemma-3-270m-it""}"
llm_model प्राप्त करो,settings,"{""action"": ""get"", ""target"": ""llm_model"", ""payload"": ""meta-llama/llama-3-70b""}"
मुझे llm_model चाहिए,settings,"{""action"": ""get"", ""target"": ""llm_model"", ""payload"": ""meta-llama/llama-3-70b""}"
Mi az a llm_model?,settings,"{""action"": ""get"", ""target"": ""llm_model"", ""payload"": ""openai/gpt-4o""}"
Mondd el a llm_model,settings,"{""action"": ""get"", ""target"": ""llm_model"", ""payload"": ""openai/gpt-4o""}"
Mutasd a llm_model,settings,"{""action"": ""get"", ""target"": ""llm_model"", ""payload"": ""openai/gpt-4o""}"
Szerezd be a llm_model,settings,"{""action"": ""get"", ""target"": ""llm_model"", ""payload"": ""google/gemma-3-270m-it""}"
Szükségem van a llm_model,settings,"{""action"": ""get"", ""target"": ""llm_model"", ""payload"": ""google/gemma-3-270m-it""}"
Apa itu llm_model?,settings,"{""action"": ""get"", ""target"": ""llm_model"", ""payload"": ""meta-llama/llama-3-70b""}"
Beritahu saya llm_model,settings,"{""action"": ""get"", ""target"": ""llm_model"", ""payload"": ""openai/gpt-4o""}"
Tunjukkan llm_model,settings,"{""action"": ""get"", ""target"": ""llm_model"", ""payload"": ""google/gemma-3-270m-it""}"
Ambil llm_model,settings,"{""action"": ""get"", ""target"": ""llm_model"", ""payload"": ""google/gemma-3-270m-it""}"
Saya butuh llm_model,settings,"{""action"": ""get"", ""target"": ""llm_model"", ""payload"": ""meta-llama/llama-3-70b""}"
Cos'è llm_model?,settings,"{""action"": ""get"", ""target"": ""llm_model"", ""payload"": ""meta-llama/llama-3-70b""}"
Dimmi llm_model,settings,"{""action"": ""get"", ""target"": ""llm_model"", ""payload"": ""anthropic/claude-3-haiku""}"
Mostrami llm_model,settings,"{""action"": ""get"", ""target"": ""llm_model"", ""payload"": ""anthropic/claude-3-haiku""}"
Ottieni llm_model,settings,"{""action"": ""get"", ""target"": ""llm_model"", ""payload"": ""meta-llama/llama-3-70b""}"
Ho bisogno di llm_model,settings,"{""action"": ""get"", ""target"": ""llm_model"", ""payload"": ""anthropic/claude-3-haiku""}"
llm_modelは?,settings,"{""action"": ""get"", ""target"": ""llm_model"", ""payload"": ""google/gemma-3-270m-it""}"
llm_modelを教えて,settings,"{""action"": ""get"", ""target"": ""llm_model"", ""payload"": ""meta-llama/llama-3-70b""}"
llm_modelを見せて,settings,"{""action"": ""get"", ""target"": ""llm_model"", ""payload"": ""meta-llama/llama-3-70b""}"
llm_modelを取得,settings,"{""action"": ""get"", ""target"": ""llm_model"", ""payload"": ""openai/gpt-4o""}"
llm_modelが必要,settings,"{""action"": ""get"", ""target"": ""llm_model"", ""payload"": ""google/gemma-3-270m-it""}"
llm_model 뭐야?,settings,"{""action"": ""get"", ""target"": ""llm_model"", ""payload"": ""google/gemma-3-270m-it""}"
llm_model 알려줘,settings,"{""action"": ""get"", ""target"": ""llm_model"", ""payload"": ""openai/gpt-4o""}"
llm_model 보여줘,settings,"{""action"": ""get"", ""target"": ""llm_model"", ""payload"": ""anthropic/claude-3-haiku""}"
llm_model 가져와,settings,"{""action"": ""get"", ""target"": ""llm_model"", ""payload"": ""meta-llama/llama-3-70b""}"
llm_model 필요해,settings,"{""action"": ""get"", ""target"": ""llm_model"", ""payload"": ""anthropic/claude-3-haiku""}"
llm_model काय आहे?,settings,"{""action"": ""get"", ""target"": ""llm_model"", ""payload"": ""google/gemma-3-270m-it""}"
मला llm_model सांगा,settings,"{""action"": ""get"", ""target"": ""llm_model"", ""payload"": ""anthropic/claude-3-haiku""}"
llm_model दाखवा,settings,"{""action"": ""get"", ""target"": ""llm_model"", ""payload"": ""google/gemma-3-270m-it""}"
llm_model मिळवा,settings,"{""action"": ""get"", ""target"": ""llm_model"", ""payload"": ""meta-llama/llama-3-70b""}"
मला llm_model हवा आहे,settings,"{""action"": ""get"", ""target"": ""llm_model"", ""payload"": ""meta-llama/llama-3-70b""}"
llm_model چیست؟,settings,"{""action"": ""get"", ""target"": ""llm_model"", ""payload"": ""meta-llama/llama-3-70b""}"
به من llm_model را بگو,settings,"{""action"": ""get"", ""target"": ""llm_model"", ""payload"": ""openai/gpt-4o""}"
llm_model را نشان بده,settings,"{""action"": ""get"", ""target"": ""llm_model"", ""payload"": ""openai/gpt-4o""}"
llm_model را بگیر,settings,"{""action"": ""get"", ""target"": ""llm_model"", ""payload"": ""openai/gpt-4o""}"
من llm_model نیاز دارم,settings,"{""action"": ""get"", ""target"": ""llm_model"", ""payload"": ""meta-llama/llama-3-70b""}"
Co to jest llm_model?,settings,"{""action"": ""get"", ""target"": ""llm_model"", ""payload"": ""meta-llama/llama-3-70b""}"
Powiedz mi llm_model,settings,"{""action"": ""get"", ""target"": ""llm_model"", ""payload"": ""anthropic/claude-3-haiku""}"
Pokaż llm_model,settings,"{""action"": ""get"", ""target"": ""llm_model"", ""payload"": ""google/gemma-3-270m-it""}"
Pobierz llm_model,settings,"{""action"": ""get"", ""target"": ""llm_model"", ""payload"": ""openai/gpt-4o""}"
Potrzebuję llm_model,settings,"{""action"": ""get"", ""target"": ""llm_model"", ""payload"": ""meta-llama/llama-3-70b""}"
O que é llm_model?,settings,"{""action"": ""get"", ""target"": ""llm_model"", ""payload"": ""meta-llama/llama-3-70b""}"
Me diga llm_model,settings,"{""action"": ""get"", ""target"": ""llm_model"", ""payload"": ""google/gemma-3-270m-it""}"
Mostre llm_model,settings,"{""action"": ""get"", ""target"": ""llm_model"", ""payload"": ""openai/gpt-4o""}"
Obtenha llm_model,settings,"{""action"": ""get"", ""target"": ""llm_model"", ""payload"": ""openai/gpt-4o""}"
Preciso de llm_model,settings,"{""action"": ""get"", ""target"": ""llm_model"", ""payload"": ""anthropic/claude-3-haiku""}"
Ce este llm_model?,settings,"{""action"": ""get"", ""target"": ""llm_model"", ""payload"": ""meta-llama/llama-3-70b""}"
Spune-mi llm_model,settings,"{""action"": ""get"", ""target"": ""llm_model"", ""payload"": ""anthropic/claude-3-haiku""}"
Arată-mi llm_model,settings,"{""action"": ""get"", ""target"": ""llm_model"", ""payload"": ""meta-llama/llama-3-70b""}"
Obține llm_model,settings,"{""action"": ""get"", ""target"": ""llm_model"", ""payload"": ""google/gemma-3-270m-it""}"
Am nevoie de llm_model,settings,"{""action"": ""get"", ""target"": ""llm_model"", ""payload"": ""anthropic/claude-3-haiku""}"
Что такое llm_model?,settings,"{""action"": ""get"", ""target"": ""llm_model"", ""payload"": ""meta-llama/llama-3-70b""}"
Скажи llm_model,settings,"{""action"": ""get"", ""target"": ""llm_model"", ""payload"": ""openai/gpt-4o""}"
Покажи llm_model,settings,"{""action"": ""get"", ""target"": ""llm_model"", ""payload"": ""google/gemma-3-270m-it""}"
Получи llm_model,settings,"{""action"": ""get"", ""target"": ""llm_model"", ""payload"": ""meta-llama/llama-3-70b""}"
Мне нужен llm_model,settings,"{""action"": ""get"", ""target"": ""llm_model"", ""payload"": ""anthropic/claude-3-haiku""}"
¿Qué es llm_model?,settings,"{""action"": ""get"", ""target"": ""llm_model"", ""payload"": ""anthropic/claude-3-haiku""}"
Dime llm_model,settings,"{""action"": ""get"", ""target"": ""llm_model"", ""payload"": ""meta-llama/llama-3-70b""}"
Muéstrame llm_model,settings,"{""action"": ""get"", ""target"": ""llm_model"", ""payload"": ""google/gemma-3-270m-it""}"
Obtén llm_model,settings,"{""action"": ""get"", ""target"": ""llm_model"", ""payload"": ""meta-llama/llama-3-70b""}"
Necesito llm_model,settings,"{""action"": ""get"", ""target"": ""llm_model"", ""payload"": ""anthropic/claude-3-haiku""}"
Nini llm_model?,settings,"{""action"": ""get"", ""target"": ""llm_model"", ""payload"": ""anthropic/claude-3-haiku""}"
Niambie llm_model,settings,"{""action"": ""get"", ""target"": ""llm_model"", ""payload"": ""openai/gpt-4o""}"
Nionyeshe llm_model,settings,"{""action"": ""get"", ""target"": ""llm_model"", ""payload"": ""openai/gpt-4o""}"
Pata llm_model,settings,"{""action"": ""get"", ""target"": ""llm_model"", ""payload"": ""anthropic/claude-3-haiku""}"
Ninahitaji llm_model,settings,"{""action"": ""get"", ""target"": ""llm_model"", ""payload"": ""openai/gpt-4o""}"
llm_model என்ன?,settings,"{""action"": ""get"", ""target"": ""llm_model"", ""payload"": ""openai/gpt-4o""}"
எனக்கு llm_model சொல்,settings,"{""action"": ""get"", ""target"": ""llm_model"", ""payload"": ""meta-llama/llama-3-70b""}"
llm_model காட்டு,settings,"{""action"": ""get"", ""target"": ""llm_model"", ""payload"": ""google/gemma-3-270m-it""}"
llm_model எடு,settings,"{""action"": ""get"", ""target"": ""llm_model"", ""payload"": ""meta-llama/llama-3-70b""}"
எனக்கு llm_model வேண்டும்,settings,"{""action"": ""get"", ""target"": ""llm_model"", ""payload"": ""meta-llama/llama-3-70b""}"
llm_model ఏమిటి?,settings,"{""action"": ""get"", ""target"": ""llm_model"", ""payload"": ""openai/gpt-4o""}"
నాకు llm_model చెప్పు,settings,"{""action"": ""get"", ""target"": ""llm_model"", ""payload"": ""openai/gpt-4o""}"
llm_model చూపించు,settings,"{""action"": ""get"", ""target"": ""llm_model"", ""payload"": ""google/gemma-3-270m-it""}"
llm_model తీసుకో,settings,"{""action"": ""get"", ""target"": ""llm_model"", ""payload"": ""google/gemma-3-270m-it""}"
నాకు llm_model కావాలి,settings,"{""action"": ""get"", ""target"": ""llm_model"", ""payload"": ""google/gemma-3-270m-it""}"
llm_model คืออะไร?,settings,"{""action"": ""get"", ""target"": ""llm_model"", ""payload"": ""meta-llama/llama-3-70b""}"
บอกฉันเรื่อง llm_model,settings,"{""action"": ""get"", ""target"": ""llm_model"", ""payload"": ""google/gemma-3-270m-it""}"
แสดง llm_model,settings,"{""action"": ""get"", ""target"": ""llm_model"", ""payload"": ""anthropic/claude-3-haiku""}"
เอา llm_model มา,settings,"{""action"": ""get"", ""target"": ""llm_model"", ""payload"": ""anthropic/claude-3-haiku""}"
ฉันต้องการ llm_model,settings,"{""action"": ""get"", ""target"": ""llm_model"", ""payload"": ""meta-llama/llama-3-70b""}"
llm_model nedir?,settings,"{""action"": ""get"", ""target"": ""llm_model"", ""payload"": ""openai/gpt-4o""}"
Bana llm_model söyle,settings,"{""action"": ""get"", ""target"": ""llm_model"", ""payload"": ""google/gemma-3-270m-it""}"
llm_model göster,settings,"{""action"": ""get"", ""target"": ""llm_model"", ""payload"": ""anthropic/claude-3-haiku""}"
llm_model al,settings,"{""action"": ""get"", ""target"": ""llm_model"", ""payload"": ""google/gemma-3-270m-it""}"
Bana llm_model lazım,settings,"{""action"": ""get"", ""target"": ""llm_model"", ""payload"": ""anthropic/claude-3-haiku""}"
llm_model کیا ہے؟,settings,"{""action"": ""get"", ""target"": ""llm_model"", ""payload"": ""anthropic/claude-3-haiku""}"
مجھے llm_model بتاؤ,settings,"{""action"": ""get"", ""target"": ""llm_model"", ""payload"": ""google/gemma-3-270m-it""}"
llm_model دکھاؤ,settings,"{""action"": ""get"", ""target"": ""llm_model"", ""payload"": ""anthropic/claude-3-haiku""}"
llm_model حاصل کرو,settings,"{""action"": ""get"", ""target"": ""llm_model"", ""payload"": ""google/gemma-3-270m-it""}"
مجھے llm_model چاہیے,settings,"{""action"": ""get"", ""target"": ""llm_model"", ""payload"": ""anthropic/claude-3-haiku""}"
llm_model là gì?,settings,"{""action"": ""get"", ""target"": ""llm_model"", ""payload"": ""openai/gpt-4o""}"
Cho tôi biết llm_model,settings,"{""action"": ""get"", ""target"": ""llm_model"", ""payload"": ""meta-llama/llama-3-70b""}"
Hiển thị llm_model,settings,"{""action"": ""get"", ""target"": ""llm_model"", ""payload"": ""meta-llama/llama-3-70b""}"
Lấy llm_model,settings,"{""action"": ""get"", ""target"": ""llm_model"", ""payload"": ""google/gemma-3-270m-it""}"
Tôi cần llm_model,settings,"{""action"": ""get"", ""target"": ""llm_model"", ""payload"": ""meta-llama/llama-3-70b""}"
ما هو llm_base_url؟,settings,"{""action"": ""get"", ""target"": ""llm_base_url""}"
أخبرني عن llm_base_url,settings,"{""action"": ""get"", ""target"": ""llm_base_url""}"
اعرض لي llm_base_url,settings,"{""action"": ""get"", ""target"": ""llm_base_url""}"
احصل على llm_base_url,settings,"{""action"": ""get"", ""target"": ""llm_base_url""}"
أحتاج llm_base_url,settings,"{""action"": ""get"", ""target"": ""llm_base_url""}"
llm_base_url কি?,settings,"{""action"": ""get"", ""target"": ""llm_base_url""}"
আমাকে llm_base_url বলো,settings,"{""action"": ""get"", ""target"": ""llm_base_url""}"
llm_base_url দেখাও,settings,"{""action"": ""get"", ""target"": ""llm_base_url""}"
llm_base_url নাও,settings,"{""action"": ""get"", ""target"": ""llm_base_url""}"
আমার llm_base_url দরকার,settings,"{""action"": ""get"", ""target"": ""llm_base_url""}"
llm_base_url是什么？,settings,"{""action"": ""get"", ""target"": ""llm_base_url""}"
告诉我llm_base_url,settings,"{""action"": ""get"", ""target"": ""llm_base_url""}"
显示llm_base_url,settings,"{""action"": ""get"", ""target"": ""llm_base_url""}"
获取llm_base_url,settings,"{""action"": ""get"", ""target"": ""llm_base_url""}"
我需要llm_base_url,settings,"{""action"": ""get"", ""target"": ""llm_base_url""}"
Co je llm_base_url?,settings,"{""action"": ""get"", ""target"": ""llm_base_url""}"
Řekni mi llm_base_url,settings,"{""action"": ""get"", ""target"": ""llm_base_url""}"
Ukaž mi llm_base_url,settings,"{""action"": ""get"", ""target"": ""llm_base_url""}"
Získej llm_base_url,settings,"{""action"": ""get"", ""target"": ""llm_base_url""}"
Potřebuji llm_base_url,settings,"{""action"": ""get"", ""target"": ""llm_base_url""}"
Wat is llm_base_url?,settings,"{""action"": ""get"", ""target"": ""llm_base_url""}"
Vertel me llm_base_url,settings,"{""action"": ""get"", ""target"": ""llm_base_url""}"
Laat llm_base_url zien,settings,"{""action"": ""get"", ""target"": ""llm_base_url""}"
Haal llm_base_url,settings,"{""action"": ""get"", ""target"": ""llm_base_url""}"
Ik heb llm_base_url nodig,settings,"{""action"": ""get"", ""target"": ""llm_base_url""}"
What is the llm_base_url?,settings,"{""action"": ""get"", ""target"": ""llm_base_url""}"
Tell me the llm_base_url,settings,"{""action"": ""get"", ""target"": ""llm_base_url""}"
Show me llm_base_url,settings,"{""action"": ""get"", ""target"": ""llm_base_url""}"
Get the llm_base_url,settings,"{""action"": ""get"", ""target"": ""llm_base_url""}"
I need llm_base_url,settings,"{""action"": ""get"", ""target"": ""llm_base_url""}"
Quel est le llm_base_url?,settings,"{""action"": ""get"", ""target"": ""llm_base_url""}"
Dis-moi le llm_base_url,settings,"{""action"": ""get"", ""target"": ""llm_base_url""}"
Montre-moi llm_base_url,settings,"{""action"": ""get"", ""target"": ""llm_base_url""}"
Donne-moi le llm_base_url,settings,"{""action"": ""get"", ""target"": ""llm_base_url""}"
J'ai besoin du llm_base_url,settings,"{""action"": ""get"", ""target"": ""llm_base_url""}"
Was ist llm_base_url?,settings,"{""action"": ""get"", ""target"": ""llm_base_url""}"
Sag mir llm_base_url,settings,"{""action"": ""get"", ""target"": ""llm_base_url""}"
Zeig mir llm_base_url,settings,"{""action"": ""get"", ""target"": ""llm_base_url""}"
Hol llm_base_url,settings,"{""action"": ""get"", ""target"": ""llm_base_url""}"
Ich brauche llm_base_url,settings,"{""action"": ""get"", ""target"": ""llm_base_url""}"
Τι είναι το llm_base_url;,settings,"{""action"": ""get"", ""target"": ""llm_base_url""}"
Πες μου το llm_base_url,settings,"{""action"": ""get"", ""target"": ""llm_base_url""}"
Δείξε μου το llm_base_url,settings,"{""action"": ""get"", ""target"": ""llm_base_url""}"
Πάρε το llm_base_url,settings,"{""action"": ""get"", ""target"": ""llm_base_url""}"
Χρειάζομαι το llm_base_url,settings,"{""action"": ""get"", ""target"": ""llm_base_url""}"
מה זה llm_base_url?,settings,"{""action"": ""get"", ""target"": ""llm_base_url""}"
ספר לי על llm_base_url,settings,"{""action"": ""get"", ""target"": ""llm_base_url""}"
הראה לי llm_base_url,settings,"{""action"": ""get"", ""target"": ""llm_base_url""}"
קבל llm_base_url,settings,"{""action"": ""get"", ""target"": ""llm_base_url""}"
אני צריך llm_base_url,settings,"{""action"": ""get"", ""target"": ""llm_base_url""}"
llm_base_url क्या है?,settings,"{""action"": ""get"", ""target"": ""llm_base_url""}"
मुझे llm_base_url बताओ,settings,"{""action"": ""get"", ""target"": ""llm_base_url""}"
llm_base_url दिखाओ,settings,"{""action"": ""get"", ""target"": ""llm_base_url""}"
llm_base_url प्राप्त करो,settings,"{""action"": ""get"", ""target"": ""llm_base_url""}"
मुझे llm_base_url चाहिए,settings,"{""action"": ""get"", ""target"": ""llm_base_url""}"
Mi az a llm_base_url?,settings,"{""action"": ""get"", ""target"": ""llm_base_url""}"
Mondd el a llm_base_url,settings,"{""action"": ""get"", ""target"": ""llm_base_url""}"
Mutasd a llm_base_url,settings,"{""action"": ""get"", ""target"": ""llm_base_url""}"
Szerezd be a llm_base_url,settings,"{""action"": ""get"", ""target"": ""llm_base_url""}"
Szükségem van a llm_base_url,settings,"{""action"": ""get"", ""target"": ""llm_base_url""}"
Apa itu llm_base_url?,settings,"{""action"": ""get"", ""target"": ""llm_base_url""}"
Beritahu saya llm_base_url,settings,"{""action"": ""get"", ""target"": ""llm_base_url""}"
Tunjukkan llm_base_url,settings,"{""action"": ""get"", ""target"": ""llm_base_url""}"
Ambil llm_base_url,settings,"{""action"": ""get"", ""target"": ""llm_base_url""}"
Saya butuh llm_base_url,settings,"{""action"": ""get"", ""target"": ""llm_base_url""}"
Cos'è llm_base_url?,settings,"{""action"": ""get"", ""target"": ""llm_base_url""}"
Dimmi llm_base_url,settings,"{""action"": ""get"", ""target"": ""llm_base_url""}"
Mostrami llm_base_url,settings,"{""action"": ""get"", ""target"": ""llm_base_url""}"
Ottieni llm_base_url,settings,"{""action"": ""get"", ""target"": ""llm_base_url""}"
Ho bisogno di llm_base_url,settings,"{""action"": ""get"", ""target"": ""llm_base_url""}"
llm_base_urlは?,settings,"{""action"": ""get"", ""target"": ""llm_base_url""}"
llm_base_urlを教えて,settings,"{""action"": ""get"", ""target"": ""llm_base_url""}"
llm_base_urlを見せて,settings,"{""action"": ""get"", ""target"": ""llm_base_url""}"
llm_base_urlを取得,settings,"{""action"": ""get"", ""target"": ""llm_base_url""}"
llm_base_urlが必要,settings,"{""action"": ""get"", ""target"": ""llm_base_url""}"
llm_base_url 뭐야?,settings,"{""action"": ""get"", ""target"": ""llm_base_url""}"
llm_base_url 알려줘,settings,"{""action"": ""get"", ""target"": ""llm_base_url""}"
llm_base_url 보여줘,settings,"{""action"": ""get"", ""target"": ""llm_base_url""}"
llm_base_url 가져와,settings,"{""action"": ""get"", ""target"": ""llm_base_url""}"
llm_base_url 필요해,settings,"{""action"": ""get"", ""target"": ""llm_base_url""}"
llm_base_url काय आहे?,settings,"{""action"": ""get"", ""target"": ""llm_base_url""}"
मला llm_base_url सांगा,settings,"{""action"": ""get"", ""target"": ""llm_base_url""}"
llm_base_url दाखवा,settings,"{""action"": ""get"", ""target"": ""llm_base_url""}"
llm_base_url मिळवा,settings,"{""action"": ""get"", ""target"": ""llm_base_url""}"
मला llm_base_url हवा आहे,settings,"{""action"": ""get"", ""target"": ""llm_base_url""}"
llm_base_url چیست؟,settings,"{""action"": ""get"", ""target"": ""llm_base_url""}"
به من llm_base_url را بگو,settings,"{""action"": ""get"", ""target"": ""llm_base_url""}"
llm_base_url را نشان بده,settings,"{""action"": ""get"", ""target"": ""llm_base_url""}"
llm_base_url را بگیر,settings,"{""action"": ""get"", ""target"": ""llm_base_url""}"
من llm_base_url نیاز دارم,settings,"{""action"": ""get"", ""target"": ""llm_base_url""}"
Co to jest llm_base_url?,settings,"{""action"": ""get"", ""target"": ""llm_base_url""}"
Powiedz mi llm_base_url,settings,"{""action"": ""get"", ""target"": ""llm_base_url""}"
Pokaż llm_base_url,settings,"{""action"": ""get"", ""target"": ""llm_base_url""}"
Pobierz llm_base_url,settings,"{""action"": ""get"", ""target"": ""llm_base_url""}"
Potrzebuję llm_base_url,settings,"{""action"": ""get"", ""target"": ""llm_base_url""}"
O que é llm_base_url?,settings,"{""action"": ""get"", ""target"": ""llm_base_url""}"
Me diga llm_base_url,settings,"{""action"": ""get"", ""target"": ""llm_base_url""}"
Mostre llm_base_url,settings,"{""action"": ""get"", ""target"": ""llm_base_url""}"
Obtenha llm_base_url,settings,"{""action"": ""get"", ""target"": ""llm_base_url""}"
Preciso de llm_base_url,settings,"{""action"": ""get"", ""target"": ""llm_base_url""}"
Ce este llm_base_url?,settings,"{""action"": ""get"", ""target"": ""llm_base_url""}"
Spune-mi llm_base_url,settings,"{""action"": ""get"", ""target"": ""llm_base_url""}"
Arată-mi llm_base_url,settings,"{""action"": ""get"", ""target"": ""llm_base_url""}"
Obține llm_base_url,settings,"{""action"": ""get"", ""target"": ""llm_base_url""}"
Am nevoie de llm_base_url,settings,"{""action"": ""get"", ""target"": ""llm_base_url""}"
Что такое llm_base_url?,settings,"{""action"": ""get"", ""target"": ""llm_base_url""}"
Скажи llm_base_url,settings,"{""action"": ""get"", ""target"": ""llm_base_url""}"
Покажи llm_base_url,settings,"{""action"": ""get"", ""target"": ""llm_base_url""}"
Получи llm_base_url,settings,"{""action"": ""get"", ""target"": ""llm_base_url""}"
Мне нужен llm_base_url,settings,"{""action"": ""get"", ""target"": ""llm_base_url""}"
¿Qué es llm_base_url?,settings,"{""action"": ""get"", ""target"": ""llm_base_url""}"
Dime llm_base_url,settings,"{""action"": ""get"", ""target"": ""llm_base_url""}"
Muéstrame llm_base_url,settings,"{""action"": ""get"", ""target"": ""llm_base_url""}"
Obtén llm_base_url,settings,"{""action"": ""get"", ""target"": ""llm_base_url""}"
Necesito llm_base_url,settings,"{""action"": ""get"", ""target"": ""llm_base_url""}"
Nini llm_base_url?,settings,"{""action"": ""get"", ""target"": ""llm_base_url""}"
Niambie llm_base_url,settings,"{""action"": ""get"", ""target"": ""llm_base_url""}"
Nionyeshe llm_base_url,settings,"{""action"": ""get"", ""target"": ""llm_base_url""}"
Pata llm_base_url,settings,"{""action"": ""get"", ""target"": ""llm_base_url""}"
Ninahitaji llm_base_url,settings,"{""action"": ""get"", ""target"": ""llm_base_url""}"
llm_base_url என்ன?,settings,"{""action"": ""get"", ""target"": ""llm_base_url""}"
எனக்கு llm_base_url சொல்,settings,"{""action"": ""get"", ""target"": ""llm_base_url""}"
llm_base_url காட்டு,settings,"{""action"": ""get"", ""target"": ""llm_base_url""}"
llm_base_url எடு,settings,"{""action"": ""get"", ""target"": ""llm_base_url""}"
எனக்கு llm_base_url வேண்டும்,settings,"{""action"": ""get"", ""target"": ""llm_base_url""}"
llm_base_url ఏమిటి?,settings,"{""action"": ""get"", ""target"": ""llm_base_url""}"
నాకు llm_base_url చెప్పు,settings,"{""action"": ""get"", ""target"": ""llm_base_url""}"
llm_base_url చూపించు,settings,"{""action"": ""get"", ""target"": ""llm_base_url""}"
llm_base_url తీసుకో,settings,"{""action"": ""get"", ""target"": ""llm_base_url""}"
నాకు llm_base_url కావాలి,settings,"{""action"": ""get"", ""target"": ""llm_base_url""}"
llm_base_url คืออะไร?,settings,"{""action"": ""get"", ""target"": ""llm_base_url""}"
บอกฉันเรื่อง llm_base_url,settings,"{""action"": ""get"", ""target"": ""llm_base_url""}"
แสดง llm_base_url,settings,"{""action"": ""get"", ""target"": ""llm_base_url""}"
เอา llm_base_url มา,settings,"{""action"": ""get"", ""target"": ""llm_base_url""}"
ฉันต้องการ llm_base_url,settings,"{""action"": ""get"", ""target"": ""llm_base_url""}"
llm_base_url nedir?,settings,"{""action"": ""get"", ""target"": ""llm_base_url""}"
Bana llm_base_url söyle,settings,"{""action"": ""get"", ""target"": ""llm_base_url""}"
llm_base_url göster,settings,"{""action"": ""get"", ""target"": ""llm_base_url""}"
llm_base_url al,settings,"{""action"": ""get"", ""target"": ""llm_base_url""}"
Bana llm_base_url lazım,settings,"{""action"": ""get"", ""target"": ""llm_base_url""}"
llm_base_url کیا ہے؟,settings,"{""action"": ""get"", ""target"": ""llm_base_url""}"
مجھے llm_base_url بتاؤ,settings,"{""action"": ""get"", ""target"": ""llm_base_url""}"
llm_base_url دکھاؤ,settings,"{""action"": ""get"", ""target"": ""llm_base_url""}"
llm_base_url حاصل کرو,settings,"{""action"": ""get"", ""target"": ""llm_base_url""}"
مجھے llm_base_url چاہیے,settings,"{""action"": ""get"", ""target"": ""llm_base_url""}"
llm_base_url là gì?,settings,"{""action"": ""get"", ""target"": ""llm_base_url""}"
Cho tôi biết llm_base_url,settings,"{""action"": ""get"", ""target"": ""llm_base_url""}"
Hiển thị llm_base_url,settings,"{""action"": ""get"", ""target"": ""llm_base_url""}"
Lấy llm_base_url,settings,"{""action"": ""get"", ""target"": ""llm_base_url""}"
Tôi cần llm_base_url,settings,"{""action"": ""get"", ""target"": ""llm_base_url""}"
ما هو list؟,settings,"{""action"": ""get"", ""target"": ""list"", ""payload"": ""value""}"
أخبرني عن list,settings,"{""action"": ""get"", ""target"": ""list"", ""payload"": ""value""}"
اعرض لي list,settings,"{""action"": ""get"", ""target"": ""list"", ""payload"": ""value""}"
احصل على list,settings,"{""action"": ""get"", ""target"": ""list"", ""payload"": ""value""}"
أحتاج list,settings,"{""action"": ""get"", ""target"": ""list"", ""payload"": ""value""}"
list কি?,settings,"{""action"": ""get"", ""target"": ""list"", ""payload"": ""value""}"
আমাকে list বলো,settings,"{""action"": ""get"", ""target"": ""list"", ""payload"": ""value""}"
list দেখাও,settings,"{""action"": ""get"", ""target"": ""list"", ""payload"": ""value""}"
list নাও,settings,"{""action"": ""get"", ""target"": ""list"", ""payload"": ""value""}"
আমার list দরকার,settings,"{""action"": ""get"", ""target"": ""list"", ""payload"": ""value""}"
list是什么？,settings,"{""action"": ""get"", ""target"": ""list"", ""payload"": ""value""}"
告诉我list,settings,"{""action"": ""get"", ""target"": ""list"", ""payload"": ""value""}"
显示list,settings,"{""action"": ""get"", ""target"": ""list"", ""payload"": ""value""}"
获取list,settings,"{""action"": ""get"", ""target"": ""list"", ""payload"": ""value""}"
我需要list,settings,"{""action"": ""get"", ""target"": ""list"", ""payload"": ""value""}"
Co je list?,settings,"{""action"": ""get"", ""target"": ""list"", ""payload"": ""value""}"
Řekni mi list,settings,"{""action"": ""get"", ""target"": ""list"", ""payload"": ""value""}"
Ukaž mi list,settings,"{""action"": ""get"", ""target"": ""list"", ""payload"": ""value""}"
Získej list,settings,"{""action"": ""get"", ""target"": ""list"", ""payload"": ""value""}"
Potřebuji list,settings,"{""action"": ""get"", ""target"": ""list"", ""payload"": ""value""}"
Wat is list?,settings,"{""action"": ""get"", ""target"": ""list"", ""payload"": ""value""}"
Vertel me list,settings,"{""action"": ""get"", ""target"": ""list"", ""payload"": ""value""}"
Laat list zien,settings,"{""action"": ""get"", ""target"": ""list"", ""payload"": ""value""}"
Haal list,settings,"{""action"": ""get"", ""target"": ""list"", ""payload"": ""value""}"
Ik heb list nodig,settings,"{""action"": ""get"", ""target"": ""list"", ""payload"": ""value""}"
What is the list?,settings,"{""action"": ""get"", ""target"": ""list"", ""payload"": ""value""}"
Tell me the list,settings,"{""action"": ""get"", ""target"": ""list"", ""payload"": ""value""}"
Show me list,settings,"{""action"": ""get"", ""target"": ""list"", ""payload"": ""value""}"
Get the list,settings,"{""action"": ""get"", ""target"": ""list"", ""payload"": ""value""}"
I need list,settings,"{""action"": ""get"", ""target"": ""list"", ""payload"": ""value""}"
Quel est le list?,settings,"{""action"": ""get"", ""target"": ""list"", ""payload"": ""value""}"
Dis-moi le list,settings,"{""action"": ""get"", ""target"": ""list"", ""payload"": ""value""}"
Montre-moi list,settings,"{""action"": ""get"", ""target"": ""list"", ""payload"": ""value""}"
Donne-moi le list,settings,"{""action"": ""get"", ""target"": ""list"", ""payload"": ""value""}"
J'ai besoin du list,settings,"{""action"": ""get"", ""target"": ""list"", ""payload"": ""value""}"
Was ist list?,settings,"{""action"": ""get"", ""target"": ""list"", ""payload"": ""value""}"
Sag mir list,settings,"{""action"": ""get"", ""target"": ""list"", ""payload"": ""value""}"
Zeig mir list,settings,"{""action"": ""get"", ""target"": ""list"", ""payload"": ""value""}"
Hol list,settings,"{""action"": ""get"", ""target"": ""list"", ""payload"": ""value""}"
Ich brauche list,settings,"{""action"": ""get"", ""target"": ""list"", ""payload"": ""value""}"
Τι είναι το list;,settings,"{""action"": ""get"", ""target"": ""list"", ""payload"": ""value""}"
Πες μου το list,settings,"{""action"": ""get"", ""target"": ""list"", ""payload"": ""value""}"
Δείξε μου το list,settings,"{""action"": ""get"", ""target"": ""list"", ""payload"": ""value""}"
Πάρε το list,settings,"{""action"": ""get"", ""target"": ""list"", ""payload"": ""value""}"
Χρειάζομαι το list,settings,"{""action"": ""get"", ""target"": ""list"", ""payload"": ""value""}"
מה זה list?,settings,"{""action"": ""get"", ""target"": ""list"", ""payload"": ""value""}"
ספר לי על list,settings,"{""action"": ""get"", ""target"": ""list"", ""payload"": ""value""}"
הראה לי list,settings,"{""action"": ""get"", ""target"": ""list"", ""payload"": ""value""}"
קבל list,settings,"{""action"": ""get"", ""target"": ""list"", ""payload"": ""value""}"
אני צריך list,settings,"{""action"": ""get"", ""target"": ""list"", ""payload"": ""value""}"
list क्या है?,settings,"{""action"": ""get"", ""target"": ""list"", ""payload"": ""value""}"
मुझे list बताओ,settings,"{""action"": ""get"", ""target"": ""list"", ""payload"": ""value""}"
list दिखाओ,settings,"{""action"": ""get"", ""target"": ""list"", ""payload"": ""value""}"
list प्राप्त करो,settings,"{""action"": ""get"", ""target"": ""list"", ""payload"": ""value""}"
मुझे list चाहिए,settings,"{""action"": ""get"", ""target"": ""list"", ""payload"": ""value""}"
Mi az a list?,settings,"{""action"": ""get"", ""target"": ""list"", ""payload"": ""value""}"
Mondd el a list,settings,"{""action"": ""get"", ""target"": ""list"", ""payload"": ""value""}"
Mutasd a list,settings,"{""action"": ""get"", ""target"": ""list"", ""payload"": ""value""}"
Szerezd be a list,settings,"{""action"": ""get"", ""target"": ""list"", ""payload"": ""value""}"
Szükségem van a list,settings,"{""action"": ""get"", ""target"": ""list"", ""payload"": ""value""}"
Apa itu list?,settings,"{""action"": ""get"", ""target"": ""list"", ""payload"": ""value""}"
Beritahu saya list,settings,"{""action"": ""get"", ""target"": ""list"", ""payload"": ""value""}"
Tunjukkan list,settings,"{""action"": ""get"", ""target"": ""list"", ""payload"": ""value""}"
Ambil list,settings,"{""action"": ""get"", ""target"": ""list"", ""payload"": ""value""}"
Saya butuh list,settings,"{""action"": ""get"", ""target"": ""list"", ""payload"": ""value""}"
Cos'è list?,settings,"{""action"": ""get"", ""target"": ""list"", ""payload"": ""value""}"
Dimmi list,settings,"{""action"": ""get"", ""target"": ""list"", ""payload"": ""value""}"
Mostrami list,settings,"{""action"": ""get"", ""target"": ""list"", ""payload"": ""value""}"
Ottieni list,settings,"{""action"": ""get"", ""target"": ""list"", ""payload"": ""value""}"
Ho bisogno di list,settings,"{""action"": ""get"", ""target"": ""list"", ""payload"": ""value""}"
listは?,settings,"{""action"": ""get"", ""target"": ""list"", ""payload"": ""value""}"
listを教えて,settings,"{""action"": ""get"", ""target"": ""list"", ""payload"": ""value""}"
listを見せて,settings,"{""action"": ""get"", ""target"": ""list"", ""payload"": ""value""}"
listを取得,settings,"{""action"": ""get"", ""target"": ""list"", ""payload"": ""value""}"
listが必要,settings,"{""action"": ""get"", ""target"": ""list"", ""payload"": ""value""}"
list 뭐야?,settings,"{""action"": ""get"", ""target"": ""list"", ""payload"": ""value""}"
list 알려줘,settings,"{""action"": ""get"", ""target"": ""list"", ""payload"": ""value""}"
list 보여줘,settings,"{""action"": ""get"", ""target"": ""list"", ""payload"": ""value""}"
list 가져와,settings,"{""action"": ""get"", ""target"": ""list"", ""payload"": ""value""}"
list 필요해,settings,"{""action"": ""get"", ""target"": ""list"", ""payload"": ""value""}"
list काय आहे?,settings,"{""action"": ""get"", ""target"": ""list"", ""payload"": ""value""}"
मला list सांगा,settings,"{""action"": ""get"", ""target"": ""list"", ""payload"": ""value""}"
list दाखवा,settings,"{""action"": ""get"", ""target"": ""list"", ""payload"": ""value""}"
list मिळवा,settings,"{""action"": ""get"", ""target"": ""list"", ""payload"": ""value""}"
मला list हवा आहे,settings,"{""action"": ""get"", ""target"": ""list"", ""payload"": ""value""}"
list چیست؟,settings,"{""action"": ""get"", ""target"": ""list"", ""payload"": ""value""}"
به من list را بگو,settings,"{""action"": ""get"", ""target"": ""list"", ""payload"": ""value""}"
list را نشان بده,settings,"{""action"": ""get"", ""target"": ""list"", ""payload"": ""value""}"
list را بگیر,settings,"{""action"": ""get"", ""target"": ""list"", ""payload"": ""value""}"
من list نیاز دارم,settings,"{""action"": ""get"", ""target"": ""list"", ""payload"": ""value""}"
Co to jest list?,settings,"{""action"": ""get"", ""target"": ""list"", ""payload"": ""value""}"
Powiedz mi list,settings,"{""action"": ""get"", ""target"": ""list"", ""payload"": ""value""}"
Pokaż list,settings,"{""action"": ""get"", ""target"": ""list"", ""payload"": ""value""}"
Pobierz list,settings,"{""action"": ""get"", ""target"": ""list"", ""payload"": ""value""}"
Potrzebuję list,settings,"{""action"": ""get"", ""target"": ""list"", ""payload"": ""value""}"
O que é list?,settings,"{""action"": ""get"", ""target"": ""list"", ""payload"": ""value""}"
Me diga list,settings,"{""action"": ""get"", ""target"": ""list"", ""payload"": ""value""}"
Mostre list,settings,"{""action"": ""get"", ""target"": ""list"", ""payload"": ""value""}"
Obtenha list,settings,"{""action"": ""get"", ""target"": ""list"", ""payload"": ""value""}"
Preciso de list,settings,"{""action"": ""get"", ""target"": ""list"", ""payload"": ""value""}"
Ce este list?,settings,"{""action"": ""get"", ""target"": ""list"", ""payload"": ""value""}"
Spune-mi list,settings,"{""action"": ""get"", ""target"": ""list"", ""payload"": ""value""}"
Arată-mi list,settings,"{""action"": ""get"", ""target"": ""list"", ""payload"": ""value""}"
Obține list,settings,"{""action"": ""get"", ""target"": ""list"", ""payload"": ""value""}"
Am nevoie de list,settings,"{""action"": ""get"", ""target"": ""list"", ""payload"": ""value""}"
Что такое list?,settings,"{""action"": ""get"", ""target"": ""list"", ""payload"": ""value""}"
Скажи list,settings,"{""action"": ""get"", ""target"": ""list"", ""payload"": ""value""}"
Покажи list,settings,"{""action"": ""get"", ""target"": ""list"", ""payload"": ""value""}"
Получи list,settings,"{""action"": ""get"", ""target"": ""list"", ""payload"": ""value""}"
Мне нужен list,settings,"{""action"": ""get"", ""target"": ""list"", ""payload"": ""value""}"
¿Qué es list?,settings,"{""action"": ""get"", ""target"": ""list"", ""payload"": ""value""}"
Dime list,settings,"{""action"": ""get"", ""target"": ""list"", ""payload"": ""value""}"
Muéstrame list,settings,"{""action"": ""get"", ""target"": ""list"", ""payload"": ""value""}"
Obtén list,settings,"{""action"": ""get"", ""target"": ""list"", ""payload"": ""value""}"
Necesito list,settings,"{""action"": ""get"", ""target"": ""list"", ""payload"": ""value""}"
Nini list?,settings,"{""action"": ""get"", ""target"": ""list"", ""payload"": ""value""}"
Niambie list,settings,"{""action"": ""get"", ""target"": ""list"", ""payload"": ""value""}"
Nionyeshe list,settings,"{""action"": ""get"", ""target"": ""list"", ""payload"": ""value""}"
Pata list,settings,"{""action"": ""get"", ""target"": ""list"", ""payload"": ""value""}"
Ninahitaji list,settings,"{""action"": ""get"", ""target"": ""list"", ""payload"": ""value""}"
list என்ன?,settings,"{""action"": ""get"", ""target"": ""list"", ""payload"": ""value""}"
எனக்கு list சொல்,settings,"{""action"": ""get"", ""target"": ""list"", ""payload"": ""value""}"
list காட்டு,settings,"{""action"": ""get"", ""target"": ""list"", ""payload"": ""value""}"
list எடு,settings,"{""action"": ""get"", ""target"": ""list"", ""payload"": ""value""}"
எனக்கு list வேண்டும்,settings,"{""action"": ""get"", ""target"": ""list"", ""payload"": ""value""}"
list ఏమిటి?,settings,"{""action"": ""get"", ""target"": ""list"", ""payload"": ""value""}"
నాకు list చెప్పు,settings,"{""action"": ""get"", ""target"": ""list"", ""payload"": ""value""}"
list చూపించు,settings,"{""action"": ""get"", ""target"": ""list"", ""payload"": ""value""}"
list తీసుకో,settings,"{""action"": ""get"", ""target"": ""list"", ""payload"": ""value""}"
నాకు list కావాలి,settings,"{""action"": ""get"", ""target"": ""list"", ""payload"": ""value""}"
list คืออะไร?,settings,"{""action"": ""get"", ""target"": ""list"", ""payload"": ""value""}"
บอกฉันเรื่อง list,settings,"{""action"": ""get"", ""target"": ""list"", ""payload"": ""value""}"
แสดง list,settings,"{""action"": ""get"", ""target"": ""list"", ""payload"": ""value""}"
เอา list มา,settings,"{""action"": ""get"", ""target"": ""list"", ""payload"": ""value""}"
ฉันต้องการ list,settings,"{""action"": ""get"", ""target"": ""list"", ""payload"": ""value""}"
list nedir?,settings,"{""action"": ""get"", ""target"": ""list"", ""payload"": ""value""}"
Bana list söyle,settings,"{""action"": ""get"", ""target"": ""list"", ""payload"": ""value""}"
list göster,settings,"{""action"": ""get"", ""target"": ""list"", ""payload"": ""value""}"
list al,settings,"{""action"": ""get"", ""target"": ""list"", ""payload"": ""value""}"
Bana list lazım,settings,"{""action"": ""get"", ""target"": ""list"", ""payload"": ""value""}"
list کیا ہے؟,settings,"{""action"": ""get"", ""target"": ""list"", ""payload"": ""value""}"
مجھے list بتاؤ,settings,"{""action"": ""get"", ""target"": ""list"", ""payload"": ""value""}"
list دکھاؤ,settings,"{""action"": ""get"", ""target"": ""list"", ""payload"": ""value""}"
list حاصل کرو,settings,"{""action"": ""get"", ""target"": ""list"", ""payload"": ""value""}"
مجھے list چاہیے,settings,"{""action"": ""get"", ""target"": ""list"", ""payload"": ""value""}"
list là gì?,settings,"{""action"": ""get"", ""target"": ""list"", ""payload"": ""value""}"
Cho tôi biết list,settings,"{""action"": ""get"", ""target"": ""list"", ""payload"": ""value""}"
Hiển thị list,settings,"{""action"": ""get"", ""target"": ""list"", ""payload"": ""value""}"
Lấy list,settings,"{""action"": ""get"", ""target"": ""list"", ""payload"": ""value""}"
Tôi cần list,settings,"{""action"": ""get"", ""target"": ""list"", ""payload"": ""value""}"
عيّن setting إلى value,settings,"{""action"": ""set"", ""target"": ""setting"", ""payload"": ""value""}"
أنشئ setting: value,settings,"{""action"": ""set"", ""target"": ""setting"", ""payload"": ""value""}"
أضف setting value,settings,"{""action"": ""set"", ""target"": ""setting"", ""payload"": ""value""}"
جدول setting value,settings,"{""action"": ""set"", ""target"": ""setting"", ""payload"": ""value""}"
حدّث setting إلى value,settings,"{""action"": ""set"", ""target"": ""setting"", ""payload"": ""value""}"
setting value সেট করো,settings,"{""action"": ""set"", ""target"": ""setting"", ""payload"": ""value""}"
setting তৈরি করো: value,settings,"{""action"": ""set"", ""target"": ""setting"", ""payload"": ""value""}"
setting যোগ করো value,settings,"{""action"": ""set"", ""target"": ""setting"", ""payload"": ""value""}"
setting value শিডিউল করো,settings,"{""action"": ""set"", ""target"": ""setting"", ""payload"": ""value""}"
setting value আপডেট করো,settings,"{""action"": ""set"", ""target"": ""setting"", ""payload"": ""value""}"
设置setting为value,settings,"{""action"": ""set"", ""target"": ""setting"", ""payload"": ""value""}"
创建setting: value,settings,"{""action"": ""set"", ""target"": ""setting"", ""payload"": ""value""}"
添加setting value,settings,"{""action"": ""set"", ""target"": ""setting"", ""payload"": ""value""}"
安排setting value,settings,"{""action"": ""set"", ""target"": ""setting"", ""payload"": ""value""}"
更新setting为value,settings,"{""action"": ""set"", ""target"": ""setting"", ""payload"": ""value""}"
Nastav setting na value,settings,"{""action"": ""set"", ""target"": ""setting"", ""payload"": ""value""}"
Vytvoř setting: value,settings,"{""action"": ""set"", ""target"": ""setting"", ""payload"": ""value""}"
Přidej setting value,settings,"{""action"": ""set"", ""target"": ""setting"", ""payload"": ""value""}"
Naplánuj setting value,settings,"{""action"": ""set"", ""target"": ""setting"", ""payload"": ""value""}"
Aktualizuj setting na value,settings,"{""action"": ""set"", ""target"": ""setting"", ""payload"": ""value""}"
Zet setting op value,settings,"{""action"": ""set"", ""target"": ""setting"", ""payload"": ""value""}"
Maak setting: value,settings,"{""action"": ""set"", ""target"": ""setting"", ""payload"": ""value""}"
Voeg setting value toe,settings,"{""action"": ""set"", ""target"": ""setting"", ""payload"": ""value""}"
Plan setting value,settings,"{""action"": ""set"", ""target"": ""setting"", ""payload"": ""value""}"
Werk setting bij naar value,settings,"{""action"": ""set"", ""target"": ""setting"", ""payload"": ""value""}"
Set setting to value,settings,"{""action"": ""set"", ""target"": ""setting"", ""payload"": ""value""}"
Create setting: value,settings,"{""action"": ""set"", ""target"": ""setting"", ""payload"": ""value""}"
Add setting value,settings,"{""action"": ""set"", ""target"": ""setting"", ""payload"": ""value""}"
Schedule setting value,settings,"{""action"": ""set"", ""target"": ""setting"", ""payload"": ""value""}"
Update setting to value,settings,"{""action"": ""set"", ""target"": ""setting"", ""payload"": ""value""}"
Définir setting à value,settings,"{""action"": ""set"", ""target"": ""setting"", ""payload"": ""value""}"
Créer setting: value,settings,"{""action"": ""set"", ""target"": ""setting"", ""payload"": ""value""}"
Ajouter setting value,settings,"{""action"": ""set"", ""target"": ""setting"", ""payload"": ""value""}"
Planifier setting value,settings,"{""action"": ""set"", ""target"": ""setting"", ""payload"": ""value""}"
Mettre à jour setting en value,settings,"{""action"": ""set"", ""target"": ""setting"", ""payload"": ""value""}"
Setze setting auf value,settings,"{""action"": ""set"", ""target"": ""setting"", ""payload"": ""value""}"
Erstelle setting: value,settings,"{""action"": ""set"", ""target"": ""setting"", ""payload"": ""value""}"
Füge setting value hinzu,settings,"{""action"": ""set"", ""target"": ""setting"", ""payload"": ""value""}"
Plane setting value,settings,"{""action"": ""set"", ""target"": ""setting"", ""payload"": ""value""}"
Aktualisiere setting zu value,settings,"{""action"": ""set"", ""target"": ""setting"", ""payload"": ""value""}"
Όρισε setting σε value,settings,"{""action"": ""set"", ""target"": ""setting"", ""payload"": ""value""}"
Δημιούργησε setting: value,settings,"{""action"": ""set"", ""target"": ""setting"", ""payload"": ""value""}"
Πρόσθεσε setting value,settings,"{""action"": ""set"", ""target"": ""setting"", ""payload"": ""value""}"
Προγραμμάτισε setting value,settings,"{""action"": ""set"", ""target"": ""setting"", ""payload"": ""value""}"
Ενημέρωσε setting σε value,settings,"{""action"": ""set"", ""target"": ""setting"", ""payload"": ""value""}"
הגדר setting כ-value,settings,"{""action"": ""set"", ""target"": ""setting"", ""payload"": ""value""}"
צור setting: value,settings,"{""action"": ""set"", ""target"": ""setting"", ""payload"": ""value""}"
הוסף setting value,settings,"{""action"": ""set"", ""target"": ""setting"", ""payload"": ""value""}"
תזמן setting value,settings,"{""action"": ""set"", ""target"": ""setting"", ""payload"": ""value""}"
עדכן setting ל-value,settings,"{""action"": ""set"", ""target"": ""setting"", ""payload"": ""value""}"
setting को value सेट करो,settings,"{""action"": ""set"", ""target"": ""setting"", ""payload"": ""value""}"
setting बनाओ: value,settings,"{""action"": ""set"", ""target"": ""setting"", ""payload"": ""value""}"
setting में value जोड़ो,settings,"{""action"": ""set"", ""target"": ""setting"", ""payload"": ""value""}"
setting को value शेड्यूल करो,settings,"{""action"": ""set"", ""target"": ""setting"", ""payload"": ""value""}"
setting को value अपडेट करो,settings,"{""action"": ""set"", ""target"": ""setting"", ""payload"": ""value""}"
Állítsd be setting-et value-re,settings,"{""action"": ""set"", ""target"": ""setting"", ""payload"": ""value""}"
Hozd létre setting: value,settings,"{""action"": ""set"", ""target"": ""setting"", ""payload"": ""value""}"
Adj hozzá setting value,settings,"{""action"": ""set"", ""target"": ""setting"", ""payload"": ""value""}"
Ütemezd setting value,settings,"{""action"": ""set"", ""target"": ""setting"", ""payload"": ""value""}"
Frissítsd setting value-re,settings,"{""action"": ""set"", ""target"": ""setting"", ""payload"": ""value""}"
Atur setting ke value,settings,"{""action"": ""set"", ""target"": ""setting"", ""payload"": ""value""}"
Buat setting: value,settings,"{""action"": ""set"", ""target"": ""setting"", ""payload"": ""value""}"
Tambah setting value,settings,"{""action"": ""set"", ""target"": ""setting"", ""payload"": ""value""}"
Jadwalkan setting value,settings,"{""action"": ""set"", ""target"": ""setting"", ""payload"": ""value""}"
Perbarui setting ke value,settings,"{""action"": ""set"", ""target"": ""setting"", ""payload"": ""value""}"
Imposta setting a value,settings,"{""action"": ""set"", ""target"": ""setting"", ""payload"": ""value""}"
Crea setting: value,settings,"{""action"": ""set"", ""target"": ""setting"", ""payload"": ""value""}"
Aggiungi setting value,settings,"{""action"": ""set"", ""target"": ""setting"", ""payload"": ""value""}"
Pianifica setting value,settings,"{""action"": ""set"", ""target"": ""setting"", ""payload"": ""value""}"
Aggiorna setting a value,settings,"{""action"": ""set"", ""target"": ""setting"", ""payload"": ""value""}"
settingをvalueに設定,settings,"{""action"": ""set"", ""target"": ""setting"", ""payload"": ""value""}"
settingを作成: value,settings,"{""action"": ""set"", ""target"": ""setting"", ""payload"": ""value""}"
settingにvalueを追加,settings,"{""action"": ""set"", ""target"": ""setting"", ""payload"": ""value""}"
settingをvalueにスケジュール,settings,"{""action"": ""set"", ""target"": ""setting"", ""payload"": ""value""}"
settingをvalueに更新,settings,"{""action"": ""set"", ""target"": ""setting"", ""payload"": ""value""}"
setting를 value로 설정,settings,"{""action"": ""set"", ""target"": ""setting"", ""payload"": ""value""}"
setting 만들기: value,settings,"{""action"": ""set"", ""target"": ""setting"", ""payload"": ""value""}"
setting에 value 추가,settings,"{""action"": ""set"", ""target"": ""setting"", ""payload"": ""value""}"
setting를 value로 예약,settings,"{""action"": ""set"", ""target"": ""setting"", ""payload"": ""value""}"
setting를 value로 업데이트,settings,"{""action"": ""set"", ""target"": ""setting"", ""payload"": ""value""}"
setting value वर सेट करा,settings,"{""action"": ""set"", ""target"": ""setting"", ""payload"": ""value""}"
setting तयार करा: value,settings,"{""action"": ""set"", ""target"": ""setting"", ""payload"": ""value""}"
setting मध्ये value जोडा,settings,"{""action"": ""set"", ""target"": ""setting"", ""payload"": ""value""}"
setting value शेड्यूल करा,settings,"{""action"": ""set"", ""target"": ""setting"", ""payload"": ""value""}"
setting value वर अपडेट करा,settings,"{""action"": ""set"", ""target"": ""setting"", ""payload"": ""value""}"
setting را روی value تنظیم کن,settings,"{""action"": ""set"", ""target"": ""setting"", ""payload"": ""value""}"
setting را بساز: value,settings,"{""action"": ""set"", ""target"": ""setting"", ""payload"": ""value""}"
setting اضافه کن value,settings,"{""action"": ""set"", ""target"": ""setting"", ""payload"": ""value""}"
setting را برنامه‌ریزی کن value,settings,"{""action"": ""set"", ""target"": ""setting"", ""payload"": ""value""}"
setting را به value به‌روز کن,settings,"{""action"": ""set"", ""target"": ""setting"", ""payload"": ""value""}"
Ustaw setting na value,settings,"{""action"": ""set"", ""target"": ""setting"", ""payload"": ""value""}"
Utwórz setting: value,settings,"{""action"": ""set"", ""target"": ""setting"", ""payload"": ""value""}"
Dodaj setting value,settings,"{""action"": ""set"", ""target"": ""setting"", ""payload"": ""value""}"
Zaplanuj setting value,settings,"{""action"": ""set"", ""target"": ""setting"", ""payload"": ""value""}"
Zaktualizuj setting do value,settings,"{""action"": ""set"", ""target"": ""setting"", ""payload"": ""value""}"
Defina setting como value,settings,"{""action"": ""set"", ""target"": ""setting"", ""payload"": ""value""}"
Crie setting: value,settings,"{""action"": ""set"", ""target"": ""setting"", ""payload"": ""value""}"
Adicione setting value,settings,"{""action"": ""set"", ""target"": ""setting"", ""payload"": ""value""}"
Agende setting value,settings,"{""action"": ""set"", ""target"": ""setting"", ""payload"": ""value""}"
Atualize setting para value,settings,"{""action"": ""set"", ""target"": ""setting"", ""payload"": ""value""}"
Setează setting la value,settings,"{""action"": ""set"", ""target"": ""setting"", ""payload"": ""value""}"
Creează setting: value,settings,"{""action"": ""set"", ""target"": ""setting"", ""payload"": ""value""}"
Adaugă setting value,settings,"{""action"": ""set"", ""target"": ""setting"", ""payload"": ""value""}"
Programează setting value,settings,"{""action"": ""set"", ""target"": ""setting"", ""payload"": ""value""}"
Actualizează setting la value,settings,"{""action"": ""set"", ""target"": ""setting"", ""payload"": ""value""}"
Установи setting на value,settings,"{""action"": ""set"", ""target"": ""setting"", ""payload"": ""value""}"
Создай setting: value,settings,"{""action"": ""set"", ""target"": ""setting"", ""payload"": ""value""}"
Добавь setting value,settings,"{""action"": ""set"", ""target"": ""setting"", ""payload"": ""value""}"
Запланируй setting value,settings,"{""action"": ""set"", ""target"": ""setting"", ""payload"": ""value""}"
Обнови setting до value,settings,"{""action"": ""set"", ""target"": ""setting"", ""payload"": ""value""}"
Establece setting a value,settings,"{""action"": ""set"", ""target"": ""setting"", ""payload"": ""value""}"
Crea setting: value,settings,"{""action"": ""set"", ""target"": ""setting"", ""payload"": ""value""}"
Añade setting value,settings,"{""action"": ""set"", ""target"": ""setting"", ""payload"": ""value""}"
Programa setting value,settings,"{""action"": ""set"", ""target"": ""setting"", ""payload"": ""value""}"
Actualiza setting a value,settings,"{""action"": ""set"", ""target"": ""setting"", ""payload"": ""value""}"
Weka setting kuwa value,settings,"{""action"": ""set"", ""target"": ""setting"", ""payload"": ""value""}"
Unda setting: value,settings,"{""action"": ""set"", ""target"": ""setting"", ""payload"": ""value""}"
Ongeza setting value,settings,"{""action"": ""set"", ""target"": ""setting"", ""payload"": ""value""}"
Panga setting value,settings,"{""action"": ""set"", ""target"": ""setting"", ""payload"": ""value""}"
Sasisha setting kuwa value,settings,"{""action"": ""set"", ""target"": ""setting"", ""payload"": ""value""}"
setting ஐ value ஆக அமை,settings,"{""action"": ""set"", ""target"": ""setting"", ""payload"": ""value""}"
setting உருவாக்கு: value,settings,"{""action"": ""set"", ""target"": ""setting"", ""payload"": ""value""}"
setting சேர் value,settings,"{""action"": ""set"", ""target"": ""setting"", ""payload"": ""value""}"
setting திட்டமிடு value,settings,"{""action"": ""set"", ""target"": ""setting"", ""payload"": ""value""}"
setting ஐ value ஆக புதுப்பி,settings,"{""action"": ""set"", ""target"": ""setting"", ""payload"": ""value""}"
setting ని value గా సెట్ చేయి,settings,"{""action"": ""set"", ""target"": ""setting"", ""payload"": ""value""}"
setting సృష్టించు: value,settings,"{""action"": ""set"", ""target"": ""setting"", ""payload"": ""value""}"
setting చేర్చు value,settings,"{""action"": ""set"", ""target"": ""setting"", ""payload"": ""value""}"
setting షెడ్యూల్ చేయి value,settings,"{""action"": ""set"", ""target"": ""setting"", ""payload"": ""value""}"
setting ని value గా అప్‌డేట్ చేయి,settings,"{""action"": ""set"", ""target"": ""setting"", ""payload"": ""value""}"
ตั้ง setting เป็น value,settings,"{""action"": ""set"", ""target"": ""setting"", ""payload"": ""value""}"
สร้าง setting: value,settings,"{""action"": ""set"", ""target"": ""setting"", ""payload"": ""value""}"
เพิ่ม setting value,settings,"{""action"": ""set"", ""target"": ""setting"", ""payload"": ""value""}"
กำหนดเวลา setting value,settings,"{""action"": ""set"", ""target"": ""setting"", ""payload"": ""value""}"
อัปเดต setting เป็น value,settings,"{""action"": ""set"", ""target"": ""setting"", ""payload"": ""value""}"
setting'i value olarak ayarla,settings,"{""action"": ""set"", ""target"": ""setting"", ""payload"": ""value""}"
setting oluştur: value,settings,"{""action"": ""set"", ""target"": ""setting"", ""payload"": ""value""}"
setting'e value ekle,settings,"{""action"": ""set"", ""target"": ""setting"", ""payload"": ""value""}"
setting'i value olarak planla,settings,"{""action"": ""set"", ""target"": ""setting"", ""payload"": ""value""}"
setting'i value olarak güncelle,settings,"{""action"": ""set"", ""target"": ""setting"", ""payload"": ""value""}"
setting کو value پر سیٹ کرو,settings,"{""action"": ""set"", ""target"": ""setting"", ""payload"": ""value""}"
setting بناؤ: value,settings,"{""action"": ""set"", ""target"": ""setting"", ""payload"": ""value""}"
setting میں value شامل کرو,settings,"{""action"": ""set"", ""target"": ""setting"", ""payload"": ""value""}"
setting کو value شیڈول کرو,settings,"{""action"": ""set"", ""target"": ""setting"", ""payload"": ""value""}"
setting کو value اپ ڈیٹ کرو,settings,"{""action"": ""set"", ""target"": ""setting"", ""payload"": ""value""}"
Đặt setting thành value,settings,"{""action"": ""set"", ""target"": ""setting"", ""payload"": ""value""}"
Tạo setting: value,settings,"{""action"": ""set"", ""target"": ""setting"", ""payload"": ""value""}"
Thêm setting value,settings,"{""action"": ""set"", ""target"": ""setting"", ""payload"": ""value""}"
Lên lịch setting value,settings,"{""action"": ""set"", ""target"": ""setting"", ""payload"": ""value""}"
Cập nhật setting thành value,settings,"{""action"": ""set"", ""target"": ""setting"", ""payload"": ""value""}"
عيّن timezone إلى Australia/Sydney,settings,"{""action"": ""set"", ""target"": ""timezone"", ""payload"": ""Europe/Berlin""}"
أنشئ timezone: America/New_York,settings,"{""action"": ""set"", ""target"": ""timezone"", ""payload"": ""Europe/Berlin""}"
أضف timezone Australia/Sydney,settings,"{""action"": ""set"", ""target"": ""timezone"", ""payload"": ""Asia/Dhaka""}"
جدول timezone Asia/Dhaka,settings,"{""action"": ""set"", ""target"": ""timezone"", ""payload"": ""Asia/Dhaka""}"
حدّث timezone إلى Asia/Dhaka,settings,"{""action"": ""set"", ""target"": ""timezone"", ""payload"": ""Asia/Tokyo""}"
timezone Asia/Dhaka সেট করো,settings,"{""action"": ""set"", ""target"": ""timezone"", ""payload"": ""Australia/Sydney""}"
timezone তৈরি করো: Asia/Dhaka,settings,"{""action"": ""set"", ""target"": ""timezone"", ""payload"": ""Asia/Tokyo""}"
timezone যোগ করো Europe/Berlin,settings,"{""action"": ""set"", ""target"": ""timezone"", ""payload"": ""America/New_York""}"
timezone Europe/Berlin শিডিউল করো,settings,"{""action"": ""set"", ""target"": ""timezone"", ""payload"": ""Europe/Berlin""}"
timezone America/New_York আপডেট করো,settings,"{""action"": ""set"", ""target"": ""timezone"", ""payload"": ""Asia/Dhaka""}"
设置timezone为Asia/Dhaka,settings,"{""action"": ""set"", ""target"": ""timezone"", ""payload"": ""Australia/Sydney""}"
创建timezone: Asia/Dhaka,settings,"{""action"": ""set"", ""target"": ""timezone"", ""payload"": ""Asia/Dhaka""}"
添加timezone Australia/Sydney,settings,"{""action"": ""set"", ""target"": ""timezone"", ""payload"": ""America/New_York""}"
安排timezone Australia/Sydney,settings,"{""action"": ""set"", ""target"": ""timezone"", ""payload"": ""Asia/Dhaka""}"
更新timezone为Asia/Dhaka,settings,"{""action"": ""set"", ""target"": ""timezone"", ""payload"": ""Asia/Dhaka""}"
Nastav timezone na Australia/Sydney,settings,"{""action"": ""set"", ""target"": ""timezone"", ""payload"": ""America/New_York""}"
Vytvoř timezone: Asia/Tokyo,settings,"{""action"": ""set"", ""target"": ""timezone"", ""payload"": ""Australia/Sydney""}"
Přidej timezone America/New_York,settings,"{""action"": ""set"", ""target"": ""timezone"", ""payload"": ""Asia/Dhaka""}"
Naplánuj timezone America/New_York,settings,"{""action"": ""set"", ""target"": ""timezone"", ""payload"": ""Europe/Berlin""}"
Aktualizuj timezone na Europe/Berlin,settings,"{""action"": ""set"", ""target"": ""timezone"", ""payload"": ""Asia/Tokyo""}"
Zet timezone op Asia/Dhaka,settings,"{""action"": ""set"", ""target"": ""timezone"", ""payload"": ""Asia/Tokyo""}"
Maak timezone: Europe/Berlin,settings,"{""action"": ""set"", ""target"": ""timezone"", ""payload"": ""Asia/Tokyo""}"
Voeg timezone Europe/Berlin toe,settings,"{""action"": ""set"", ""target"": ""timezone"", ""payload"": ""Europe/Berlin""}"
Plan timezone America/New_York,settings,"{""action"": ""set"", ""target"": ""timezone"", ""payload"": ""Asia/Dhaka""}"
Werk timezone bij naar Europe/Berlin,settings,"{""action"": ""set"", ""target"": ""timezone"", ""payload"": ""Asia/Dhaka""}"
Set timezone to Asia/Tokyo,settings,"{""action"": ""set"", ""target"": ""timezone"", ""payload"": ""Asia/Tokyo""}"
Create timezone: Europe/Berlin,settings,"{""action"": ""set"", ""target"": ""timezone"", ""payload"": ""Asia/Dhaka""}"
Add timezone Europe/Berlin,settings,"{""action"": ""set"", ""target"": ""timezone"", ""payload"": ""Europe/Berlin""}"
Schedule timezone America/New_York,settings,"{""action"": ""set"", ""target"": ""timezone"", ""payload"": ""Asia/Tokyo""}"
Update timezone to Asia/Dhaka,settings,"{""action"": ""set"", ""target"": ""timezone"", ""payload"": ""Asia/Tokyo""}"
Définir timezone à America/New_York,settings,"{""action"": ""set"", ""target"": ""timezone"", ""payload"": ""Australia/Sydney""}"
Créer timezone: Asia/Tokyo,settings,"{""action"": ""set"", ""target"": ""timezone"", ""payload"": ""America/New_York""}"
Ajouter timezone Asia/Tokyo,settings,"{""action"": ""set"", ""target"": ""timezone"", ""payload"": ""Asia/Dhaka""}"
Planifier timezone America/New_York,settings,"{""action"": ""set"", ""target"": ""timezone"", ""payload"": ""Australia/Sydney""}"
Mettre à jour timezone en Asia/Tokyo,settings,"{""action"": ""set"", ""target"": ""timezone"", ""payload"": ""America/New_York""}"
Setze timezone auf Australia/Sydney,settings,"{""action"": ""set"", ""target"": ""timezone"", ""payload"": ""Asia/Dhaka""}"
Erstelle timezone: Asia/Tokyo,settings,"{""action"": ""set"", ""target"": ""timezone"", ""payload"": ""Europe/Berlin""}"
Füge timezone Asia/Dhaka hinzu,settings,"{""action"": ""set"", ""target"": ""timezone"", ""payload"": ""Asia/Dhaka""}"
Plane timezone Asia/Dhaka,settings,"{""action"": ""set"", ""target"": ""timezone"", ""payload"": ""Asia/Dhaka""}"
Aktualisiere timezone zu Australia/Sydney,settings,"{""action"": ""set"", ""target"": ""timezone"", ""payload"": ""Europe/Berlin""}"
Όρισε timezone σε Asia/Tokyo,settings,"{""action"": ""set"", ""target"": ""timezone"", ""payload"": ""Asia/Dhaka""}"
Δημιούργησε timezone: Asia/Tokyo,settings,"{""action"": ""set"", ""target"": ""timezone"", ""payload"": ""America/New_York""}"
Πρόσθεσε timezone Asia/Dhaka,settings,"{""action"": ""set"", ""target"": ""timezone"", ""payload"": ""Asia/Dhaka""}"
Προγραμμάτισε timezone Asia/Tokyo,settings,"{""action"": ""set"", ""target"": ""timezone"", ""payload"": ""Europe/Berlin""}"
Ενημέρωσε timezone σε America/New_York,settings,"{""action"": ""set"", ""target"": ""timezone"", ""payload"": ""Europe/Berlin""}"
הגדר timezone כ-Asia/Tokyo,settings,"{""action"": ""set"", ""target"": ""timezone"", ""payload"": ""Australia/Sydney""}"
צור timezone: Asia/Dhaka,settings,"{""action"": ""set"", ""target"": ""timezone"", ""payload"": ""Australia/Sydney""}"
הוסף timezone Asia/Tokyo,settings,"{""action"": ""set"", ""target"": ""timezone"", ""payload"": ""Asia/Tokyo""}"
תזמן timezone Asia/Tokyo,settings,"{""action"": ""set"", ""target"": ""timezone"", ""payload"": ""Asia/Tokyo""}"
עדכן timezone ל-Asia/Dhaka,settings,"{""action"": ""set"", ""target"": ""timezone"", ""payload"": ""Australia/Sydney""}"
timezone को America/New_York सेट करो,settings,"{""action"": ""set"", ""target"": ""timezone"", ""payload"": ""Asia/Dhaka""}"
timezone बनाओ: Asia/Tokyo,settings,"{""action"": ""set"", ""target"": ""timezone"", ""payload"": ""Asia/Tokyo""}"
timezone में Asia/Dhaka जोड़ो,settings,"{""action"": ""set"", ""target"": ""timezone"", ""payload"": ""Australia/Sydney""}"
timezone को Australia/Sydney शेड्यूल करो,settings,"{""action"": ""set"", ""target"": ""timezone"", ""payload"": ""Europe/Berlin""}"
timezone को Europe/Berlin अपडेट करो,settings,"{""action"": ""set"", ""target"": ""timezone"", ""payload"": ""Europe/Berlin""}"
Állítsd be timezone-et Asia/Tokyo-re,settings,"{""action"": ""set"", ""target"": ""timezone"", ""payload"": ""Asia/Dhaka""}"
Hozd létre timezone: Asia/Dhaka,settings,"{""action"": ""set"", ""target"": ""timezone"", ""payload"": ""Europe/Berlin""}"
Adj hozzá timezone Australia/Sydney,settings,"{""action"": ""set"", ""target"": ""timezone"", ""payload"": ""Europe/Berlin""}"
Ütemezd timezone Asia/Dhaka,settings,"{""action"": ""set"", ""target"": ""timezone"", ""payload"": ""Asia/Tokyo""}"
Frissítsd timezone Europe/Berlin-re,settings,"{""action"": ""set"", ""target"": ""timezone"", ""payload"": ""America/New_York""}"
Atur timezone ke America/New_York,settings,"{""action"": ""set"", ""target"": ""timezone"", ""payload"": ""Australia/Sydney""}"
Buat timezone: Asia/Dhaka,settings,"{""action"": ""set"", ""target"": ""timezone"", ""payload"": ""Asia/Tokyo""}"
Tambah timezone America/New_York,settings,"{""action"": ""set"", ""target"": ""timezone"", ""payload"": ""Europe/Berlin""}"
Jadwalkan timezone Asia/Tokyo,settings,"{""action"": ""set"", ""target"": ""timezone"", ""payload"": ""Asia/Dhaka""}"
Perbarui timezone ke Europe/Berlin,settings,"{""action"": ""set"", ""target"": ""timezone"", ""payload"": ""Asia/Tokyo""}"
Imposta timezone a Asia/Dhaka,settings,"{""action"": ""set"", ""target"": ""timezone"", ""payload"": ""Asia/Tokyo""}"
Crea timezone: America/New_York,settings,"{""action"": ""set"", ""target"": ""timezone"", ""payload"": ""America/New_York""}"
Aggiungi timezone Asia/Dhaka,settings,"{""action"": ""set"", ""target"": ""timezone"", ""payload"": ""America/New_York""}"
Pianifica timezone Asia/Dhaka,settings,"{""action"": ""set"", ""target"": ""timezone"", ""payload"": ""Australia/Sydney""}"
Aggiorna timezone a America/New_York,settings,"{""action"": ""set"", ""target"": ""timezone"", ""payload"": ""Asia/Tokyo""}"
timezoneをAsia/Tokyoに設定,settings,"{""action"": ""set"", ""target"": ""timezone"", ""payload"": ""Asia/Dhaka""}"
timezoneを作成: Australia/Sydney,settings,"{""action"": ""set"", ""target"": ""timezone"", ""payload"": ""Europe/Berlin""}"
timezoneにAsia/Tokyoを追加,settings,"{""action"": ""set"", ""target"": ""timezone"", ""payload"": ""Australia/Sydney""}"
timezoneをAsia/Tokyoにスケジュール,settings,"{""action"": ""set"", ""target"": ""timezone"", ""payload"": ""Asia/Dhaka""}"
timezoneをAsia/Dhakaに更新,settings,"{""action"": ""set"", ""target"": ""timezone"", ""payload"": ""Europe/Berlin""}"
timezone를 Asia/Dhaka로 설정,settings,"{""action"": ""set"", ""target"": ""timezone"", ""payload"": ""Europe/Berlin""}"
timezone 만들기: Asia/Dhaka,settings,"{""action"": ""set"", ""target"": ""timezone"", ""payload"": ""Asia/Tokyo""}"
timezone에 Asia/Dhaka 추가,settings,"{""action"": ""set"", ""target"": ""timezone"", ""payload"": ""America/New_York""}"
timezone를 Australia/Sydney로 예약,settings,"{""action"": ""set"", ""target"": ""timezone"", ""payload"": ""Asia/Tokyo""}"
timezone를 Australia/Sydney로 업데이트,settings,"{""action"": ""set"", ""target"": ""timezone"", ""payload"": ""America/New_York""}"
timezone Australia/Sydney वर सेट करा,settings,"{""action"": ""set"", ""target"": ""timezone"", ""payload"": ""America/New_York""}"
timezone तयार करा: Asia/Dhaka,settings,"{""action"": ""set"", ""target"": ""timezone"", ""payload"": ""Asia/Dhaka""}"
timezone मध्ये America/New_York जोडा,settings,"{""action"": ""set"", ""target"": ""timezone"", ""payload"": ""Asia/Tokyo""}"
timezone Asia/Dhaka शेड्यूल करा,settings,"{""action"": ""set"", ""target"": ""timezone"", ""payload"": ""Asia/Tokyo""}"
timezone Australia/Sydney वर अपडेट करा,settings,"{""action"": ""set"", ""target"": ""timezone"", ""payload"": ""Asia/Dhaka""}"
timezone را روی America/New_York تنظیم کن,settings,"{""action"": ""set"", ""target"": ""timezone"", ""payload"": ""America/New_York""}"
timezone را بساز: Asia/Dhaka,settings,"{""action"": ""set"", ""target"": ""timezone"", ""payload"": ""America/New_York""}"
timezone اضافه کن Asia/Dhaka,settings,"{""action"": ""set"", ""target"": ""timezone"", ""payload"": ""Europe/Berlin""}"
timezone را برنامه‌ریزی کن Asia/Dhaka,settings,"{""action"": ""set"", ""target"": ""timezone"", ""payload"": ""Asia/Tokyo""}"
timezone را به Australia/Sydney به‌روز کن,settings,"{""action"": ""set"", ""target"": ""timezone"", ""payload"": ""America/New_York""}"
Ustaw timezone na Australia/Sydney,settings,"{""action"": ""set"", ""target"": ""timezone"", ""payload"": ""Asia/Dhaka""}"
Utwórz timezone: Asia/Dhaka,settings,"{""action"": ""set"", ""target"": ""timezone"", ""payload"": ""Asia/Dhaka""}"
Dodaj timezone Asia/Tokyo,settings,"{""action"": ""set"", ""target"": ""timezone"", ""payload"": ""Australia/Sydney""}"
Zaplanuj timezone Australia/Sydney,settings,"{""action"": ""set"", ""target"": ""timezone"", ""payload"": ""America/New_York""}"
Zaktualizuj timezone do Asia/Dhaka,settings,"{""action"": ""set"", ""target"": ""timezone"", ""payload"": ""America/New_York""}"
Defina timezone como Asia/Tokyo,settings,"{""action"": ""set"", ""target"": ""timezone"", ""payload"": ""Europe/Berlin""}"
Crie timezone: Asia/Tokyo,settings,"{""action"": ""set"", ""target"": ""timezone"", ""payload"": ""Europe/Berlin""}"
Adicione timezone Asia/Dhaka,settings,"{""action"": ""set"", ""target"": ""timezone"", ""payload"": ""Australia/Sydney""}"
Agende timezone Australia/Sydney,settings,"{""action"": ""set"", ""target"": ""timezone"", ""payload"": ""America/New_York""}"
Atualize timezone para Europe/Berlin,settings,"{""action"": ""set"", ""target"": ""timezone"", ""payload"": ""America/New_York""}"
Setează timezone la Asia/Dhaka,settings,"{""action"": ""set"", ""target"": ""timezone"", ""payload"": ""Australia/Sydney""}"
Creează timezone: America/New_York,settings,"{""action"": ""set"", ""target"": ""timezone"", ""payload"": ""Europe/Berlin""}"
Adaugă timezone Asia/Dhaka,settings,"{""action"": ""set"", ""target"": ""timezone"", ""payload"": ""Asia/Dhaka""}"
Programează timezone Europe/Berlin,settings,"{""action"": ""set"", ""target"": ""timezone"", ""payload"": ""America/New_York""}"
Actualizează timezone la Asia/Tokyo,settings,"{""action"": ""set"", ""target"": ""timezone"", ""payload"": ""America/New_York""}"
Установи timezone на Europe/Berlin,settings,"{""action"": ""set"", ""target"": ""timezone"", ""payload"": ""Australia/Sydney""}"
Создай timezone: America/New_York,settings,"{""action"": ""set"", ""target"": ""timezone"", ""payload"": ""Asia/Tokyo""}"
Добавь timezone America/New_York,settings,"{""action"": ""set"", ""target"": ""timezone"", ""payload"": ""Australia/Sydney""}"
Запланируй timezone Asia/Dhaka,settings,"{""action"": ""set"", ""target"": ""timezone"", ""payload"": ""America/New_York""}"
Обнови timezone до Asia/Dhaka,settings,"{""action"": ""set"", ""target"": ""timezone"", ""payload"": ""Australia/Sydney""}"
Establece timezone a Asia/Tokyo,settings,"{""action"": ""set"", ""target"": ""timezone"", ""payload"": ""America/New_York""}"
Crea timezone: Asia/Dhaka,settings,"{""action"": ""set"", ""target"": ""timezone"", ""payload"": ""Asia/Tokyo""}"
Añade timezone Asia/Dhaka,settings,"{""action"": ""set"", ""target"": ""timezone"", ""payload"": ""Asia/Dhaka""}"
Programa timezone Asia/Dhaka,settings,"{""action"": ""set"", ""target"": ""timezone"", ""payload"": ""America/New_York""}"
Actualiza timezone a Asia/Dhaka,settings,"{""action"": ""set"", ""target"": ""timezone"", ""payload"": ""Australia/Sydney""}"
Weka timezone kuwa Europe/Berlin,settings,"{""action"": ""set"", ""target"": ""timezone"", ""payload"": ""Asia/Tokyo""}"
Unda timezone: Asia/Tokyo,settings,"{""action"": ""set"", ""target"": ""timezone"", ""payload"": ""America/New_York""}"
Ongeza timezone America/New_York,settings,"{""action"": ""set"", ""target"": ""timezone"", ""payload"": ""America/New_York""}"
Panga timezone Europe/Berlin,settings,"{""action"": ""set"", ""target"": ""timezone"", ""payload"": ""Australia/Sydney""}"
Sasisha timezone kuwa Asia/Tokyo,settings,"{""action"": ""set"", ""target"": ""timezone"", ""payload"": ""Asia/Tokyo""}"
timezone ஐ America/New_York ஆக அமை,settings,"{""action"": ""set"", ""target"": ""timezone"", ""payload"": ""America/New_York""}"
timezone உருவாக்கு: Australia/Sydney,settings,"{""action"": ""set"", ""target"": ""timezone"", ""payload"": ""Asia/Dhaka""}"
timezone சேர் Australia/Sydney,settings,"{""action"": ""set"", ""target"": ""timezone"", ""payload"": ""America/New_York""}"
timezone திட்டமிடு Asia/Tokyo,settings,"{""action"": ""set"", ""target"": ""timezone"", ""payload"": ""Australia/Sydney""}"
timezone ஐ Asia/Dhaka ஆக புதுப்பி,settings,"{""action"": ""set"", ""target"": ""timezone"", ""payload"": ""Europe/Berlin""}"
timezone ని Europe/Berlin గా సెట్ చేయి,settings,"{""action"": ""set"", ""target"": ""timezone"", ""payload"": ""Asia/Tokyo""}"
timezone సృష్టించు: Asia/Dhaka,settings,"{""action"": ""set"", ""target"": ""timezone"", ""payload"": ""Australia/Sydney""}"
timezone చేర్చు America/New_York,settings,"{""action"": ""set"", ""target"": ""timezone"", ""payload"": ""America/New_York""}"
timezone షెడ్యూల్ చేయి Asia/Dhaka,settings,"{""action"": ""set"", ""target"": ""timezone"", ""payload"": ""Australia/Sydney""}"
timezone ని Asia/Dhaka గా అప్‌డేట్ చేయి,settings,"{""action"": ""set"", ""target"": ""timezone"", ""payload"": ""Australia/Sydney""}"
ตั้ง timezone เป็น Europe/Berlin,settings,"{""action"": ""set"", ""target"": ""timezone"", ""payload"": ""Australia/Sydney""}"
สร้าง timezone: Australia/Sydney,settings,"{""action"": ""set"", ""target"": ""timezone"", ""payload"": ""America/New_York""}"
เพิ่ม timezone Asia/Tokyo,settings,"{""action"": ""set"", ""target"": ""timezone"", ""payload"": ""America/New_York""}"
กำหนดเวลา timezone Europe/Berlin,settings,"{""action"": ""set"", ""target"": ""timezone"", ""payload"": ""Asia/Dhaka""}"
อัปเดต timezone เป็น America/New_York,settings,"{""action"": ""set"", ""target"": ""timezone"", ""payload"": ""Asia/Dhaka""}"
timezone'i America/New_York olarak ayarla,settings,"{""action"": ""set"", ""target"": ""timezone"", ""payload"": ""Asia/Tokyo""}"
timezone oluştur: Asia/Tokyo,settings,"{""action"": ""set"", ""target"": ""timezone"", ""payload"": ""America/New_York""}"
timezone'e America/New_York ekle,settings,"{""action"": ""set"", ""target"": ""timezone"", ""payload"": ""Asia/Dhaka""}"
timezone'i Asia/Dhaka olarak planla,settings,"{""action"": ""set"", ""target"": ""timezone"", ""payload"": ""Europe/Berlin""}"
timezone'i Europe/Berlin olarak güncelle,settings,"{""action"": ""set"", ""target"": ""timezone"", ""payload"": ""America/New_York""}"
timezone کو Asia/Tokyo پر سیٹ کرو,settings,"{""action"": ""set"", ""target"": ""timezone"", ""payload"": ""Europe/Berlin""}"
timezone بناؤ: Europe/Berlin,settings,"{""action"": ""set"", ""target"": ""timezone"", ""payload"": ""Australia/Sydney""}"
timezone میں Asia/Tokyo شامل کرو,settings,"{""action"": ""set"", ""target"": ""timezone"", ""payload"": ""Asia/Dhaka""}"
timezone کو Asia/Dhaka شیڈول کرو,settings,"{""action"": ""set"", ""target"": ""timezone"", ""payload"": ""Asia/Dhaka""}"
timezone کو Australia/Sydney اپ ڈیٹ کرو,settings,"{""action"": ""set"", ""target"": ""timezone"", ""payload"": ""America/New_York""}"
Đặt timezone thành America/New_York,settings,"{""action"": ""set"", ""target"": ""timezone"", ""payload"": ""Asia/Dhaka""}"
Tạo timezone: Asia/Tokyo,settings,"{""action"": ""set"", ""target"": ""timezone"", ""payload"": ""Australia/Sydney""}"
Thêm timezone Asia/Dhaka,settings,"{""action"": ""set"", ""target"": ""timezone"", ""payload"": ""Asia/Dhaka""}"
Lên lịch timezone America/New_York,settings,"{""action"": ""set"", ""target"": ""timezone"", ""payload"": ""Asia/Tokyo""}"
Cập nhật timezone thành Australia/Sydney,settings,"{""action"": ""set"", ""target"": ""timezone"", ""payload"": ""Australia/Sydney""}"
عيّن time_format إلى 12h,settings,"{""action"": ""set"", ""target"": ""time_format"", ""payload"": ""12h""}"
أنشئ time_format: 24h,settings,"{""action"": ""set"", ""target"": ""time_format"", ""payload"": ""12h""}"
أضف time_format 24h,settings,"{""action"": ""set"", ""target"": ""time_format"", ""payload"": ""24h""}"
جدول time_format 12h,settings,"{""action"": ""set"", ""target"": ""time_format"", ""payload"": ""24h""}"
حدّث time_format إلى 24h,settings,"{""action"": ""set"", ""target"": ""time_format"", ""payload"": ""24h""}"
time_format 12h সেট করো,settings,"{""action"": ""set"", ""target"": ""time_format"", ""payload"": ""24h""}"
time_format তৈরি করো: 12h,settings,"{""action"": ""set"", ""target"": ""time_format"", ""payload"": ""24h""}"
time_format যোগ করো 24h,settings,"{""action"": ""set"", ""target"": ""time_format"", ""payload"": ""12h""}"
time_format 12h শিডিউল করো,settings,"{""action"": ""set"", ""target"": ""time_format"", ""payload"": ""24h""}"
time_format 12h আপডেট করো,settings,"{""action"": ""set"", ""target"": ""time_format"", ""payload"": ""24h""}"
设置time_format为24h,settings,"{""action"": ""set"", ""target"": ""time_format"", ""payload"": ""12h""}"
创建time_format: 24h,settings,"{""action"": ""set"", ""target"": ""time_format"", ""payload"": ""12h""}"
添加time_format 12h,settings,"{""action"": ""set"", ""target"": ""time_format"", ""payload"": ""24h""}"
安排time_format 12h,settings,"{""action"": ""set"", ""target"": ""time_format"", ""payload"": ""24h""}"
更新time_format为12h,settings,"{""action"": ""set"", ""target"": ""time_format"", ""payload"": ""12h""}"
Nastav time_format na 24h,settings,"{""action"": ""set"", ""target"": ""time_format"", ""payload"": ""12h""}"
Vytvoř time_format: 24h,settings,"{""action"": ""set"", ""target"": ""time_format"", ""payload"": ""24h""}"
Přidej time_format 24h,settings,"{""action"": ""set"", ""target"": ""time_format"", ""payload"": ""12h""}"
Naplánuj time_format 24h,settings,"{""action"": ""set"", ""target"": ""time_format"", ""payload"": ""24h""}"
Aktualizuj time_format na 12h,settings,"{""action"": ""set"", ""target"": ""time_format"", ""payload"": ""12h""}"
Zet time_format op 12h,settings,"{""action"": ""set"", ""target"": ""time_format"", ""payload"": ""24h""}"
Maak time_format: 12h,settings,"{""action"": ""set"", ""target"": ""time_format"", ""payload"": ""24h""}"
Voeg time_format 12h toe,settings,"{""action"": ""set"", ""target"": ""time_format"", ""payload"": ""24h""}"
Plan time_format 24h,settings,"{""action"": ""set"", ""target"": ""time_format"", ""payload"": ""24h""}"
Werk time_format bij naar 24h,settings,"{""action"": ""set"", ""target"": ""time_format"", ""payload"": ""12h""}"
Set time_format to 12h,settings,"{""action"": ""set"", ""target"": ""time_format"", ""payload"": ""24h""}"
Create time_format: 12h,settings,"{""action"": ""set"", ""target"": ""time_format"", ""payload"": ""12h""}"
Add time_format 12h,settings,"{""action"": ""set"", ""target"": ""time_format"", ""payload"": ""24h""}"
Schedule time_format 12h,settings,"{""action"": ""set"", ""target"": ""time_format"", ""payload"": ""24h""}"
Update time_format to 24h,settings,"{""action"": ""set"", ""target"": ""time_format"", ""payload"": ""12h""}"
Définir time_format à 12h,settings,"{""action"": ""set"", ""target"": ""time_format"", ""payload"": ""24h""}"
Créer time_format: 24h,settings,"{""action"": ""set"", ""target"": ""time_format"", ""payload"": ""24h""}"
Ajouter time_format 12h,settings,"{""action"": ""set"", ""target"": ""time_format"", ""payload"": ""24h""}"
Planifier time_format 24h,settings,"{""action"": ""set"", ""target"": ""time_format"", ""payload"": ""12h""}"
Mettre à jour time_format en 24h,settings,"{""action"": ""set"", ""target"": ""time_format"", ""payload"": ""12h""}"
Setze time_format auf 12h,settings,"{""action"": ""set"", ""target"": ""time_format"", ""payload"": ""12h""}"
Erstelle time_format: 24h,settings,"{""action"": ""set"", ""target"": ""time_format"", ""payload"": ""12h""}"
Füge time_format 12h hinzu,settings,"{""action"": ""set"", ""target"": ""time_format"", ""payload"": ""24h""}"
Plane time_format 24h,settings,"{""action"": ""set"", ""target"": ""time_format"", ""payload"": ""24h""}"
Aktualisiere time_format zu 12h,settings,"{""action"": ""set"", ""target"": ""time_format"", ""payload"": ""24h""}"
Όρισε time_format σε 24h,settings,"{""action"": ""set"", ""target"": ""time_format"", ""payload"": ""12h""}"
Δημιούργησε time_format: 12h,settings,"{""action"": ""set"", ""target"": ""time_format"", ""payload"": ""24h""}"
Πρόσθεσε time_format 24h,settings,"{""action"": ""set"", ""target"": ""time_format"", ""payload"": ""24h""}"
Προγραμμάτισε time_format 12h,settings,"{""action"": ""set"", ""target"": ""time_format"", ""payload"": ""12h""}"
Ενημέρωσε time_format σε 24h,settings,"{""action"": ""set"", ""target"": ""time_format"", ""payload"": ""12h""}"
הגדר time_format כ-24h,settings,"{""action"": ""set"", ""target"": ""time_format"", ""payload"": ""12h""}"
צור time_format: 12h,settings,"{""action"": ""set"", ""target"": ""time_format"", ""payload"": ""24h""}"
הוסף time_format 12h,settings,"{""action"": ""set"", ""target"": ""time_format"", ""payload"": ""24h""}"
תזמן time_format 12h,settings,"{""action"": ""set"", ""target"": ""time_format"", ""payload"": ""12h""}"
עדכן time_format ל-24h,settings,"{""action"": ""set"", ""target"": ""time_format"", ""payload"": ""24h""}"
time_format को 12h सेट करो,settings,"{""action"": ""set"", ""target"": ""time_format"", ""payload"": ""12h""}"
time_format बनाओ: 24h,settings,"{""action"": ""set"", ""target"": ""time_format"", ""payload"": ""12h""}"
time_format में 12h जोड़ो,settings,"{""action"": ""set"", ""target"": ""time_format"", ""payload"": ""12h""}"
time_format को 24h शेड्यूल करो,settings,"{""action"": ""set"", ""target"": ""time_format"", ""payload"": ""24h""}"
time_format को 12h अपडेट करो,settings,"{""action"": ""set"", ""target"": ""time_format"", ""payload"": ""24h""}"
Állítsd be time_format-et 12h-re,settings,"{""action"": ""set"", ""target"": ""time_format"", ""payload"": ""24h""}"
Hozd létre time_format: 24h,settings,"{""action"": ""set"", ""target"": ""time_format"", ""payload"": ""12h""}"
Adj hozzá time_format 12h,settings,"{""action"": ""set"", ""target"": ""time_format"", ""payload"": ""12h""}"
Ütemezd time_format 24h,settings,"{""action"": ""set"", ""target"": ""time_format"", ""payload"": ""12h""}"
Frissítsd time_format 12h-re,settings,"{""action"": ""set"", ""target"": ""time_format"", ""payload"": ""24h""}"
Atur time_format ke 24h,settings,"{""action"": ""set"", ""target"": ""time_format"", ""payload"": ""24h""}"
Buat time_format: 24h,settings,"{""action"": ""set"", ""target"": ""time_format"", ""payload"": ""12h""}"
Tambah time_format 24h,settings,"{""action"": ""set"", ""target"": ""time_format"", ""payload"": ""24h""}"
Jadwalkan time_format 12h,settings,"{""action"": ""set"", ""target"": ""time_format"", ""payload"": ""24h""}"
Perbarui time_format ke 24h,settings,"{""action"": ""set"", ""target"": ""time_format"", ""payload"": ""12h""}"
Imposta time_format a 12h,settings,"{""action"": ""set"", ""target"": ""time_format"", ""payload"": ""12h""}"
Crea time_format: 12h,settings,"{""action"": ""set"", ""target"": ""time_format"", ""payload"": ""12h""}"
Aggiungi time_format 24h,settings,"{""action"": ""set"", ""target"": ""time_format"", ""payload"": ""24h""}"
Pianifica time_format 12h,settings,"{""action"": ""set"", ""target"": ""time_format"", ""payload"": ""12h""}"
Aggiorna time_format a 12h,settings,"{""action"": ""set"", ""target"": ""time_format"", ""payload"": ""12h""}"
time_formatを24hに設定,settings,"{""action"": ""set"", ""target"": ""time_format"", ""payload"": ""12h""}"
time_formatを作成: 12h,settings,"{""action"": ""set"", ""target"": ""time_format"", ""payload"": ""12h""}"
time_formatに12hを追加,settings,"{""action"": ""set"", ""target"": ""time_format"", ""payload"": ""24h""}"
time_formatを24hにスケジュール,settings,"{""action"": ""set"", ""target"": ""time_format"", ""payload"": ""12h""}"
time_formatを24hに更新,settings,"{""action"": ""set"", ""target"": ""time_format"", ""payload"": ""24h""}"
time_format를 12h로 설정,settings,"{""action"": ""set"", ""target"": ""time_format"", ""payload"": ""24h""}"
time_format 만들기: 12h,settings,"{""action"": ""set"", ""target"": ""time_format"", ""payload"": ""24h""}"
time_format에 24h 추가,settings,"{""action"": ""set"", ""target"": ""time_format"", ""payload"": ""24h""}"
time_format를 12h로 예약,settings,"{""action"": ""set"", ""target"": ""time_format"", ""payload"": ""24h""}"
time_format를 24h로 업데이트,settings,"{""action"": ""set"", ""target"": ""time_format"", ""payload"": ""12h""}"
time_format 24h वर सेट करा,settings,"{""action"": ""set"", ""target"": ""time_format"", ""payload"": ""24h""}"
time_format तयार करा: 24h,settings,"{""action"": ""set"", ""target"": ""time_format"", ""payload"": ""12h""}"
time_format मध्ये 12h जोडा,settings,"{""action"": ""set"", ""target"": ""time_format"", ""payload"": ""24h""}"
time_format 12h शेड्यूल करा,settings,"{""action"": ""set"", ""target"": ""time_format"", ""payload"": ""12h""}"
time_format 12h वर अपडेट करा,settings,"{""action"": ""set"", ""target"": ""time_format"", ""payload"": ""12h""}"
time_format را روی 24h تنظیم کن,settings,"{""action"": ""set"", ""target"": ""time_format"", ""payload"": ""12h""}"
time_format را بساز: 24h,settings,"{""action"": ""set"", ""target"": ""time_format"", ""payload"": ""24h""}"
time_format اضافه کن 24h,settings,"{""action"": ""set"", ""target"": ""time_format"", ""payload"": ""24h""}"
time_format را برنامه‌ریزی کن 12h,settings,"{""action"": ""set"", ""target"": ""time_format"", ""payload"": ""12h""}"
time_format را به 12h به‌روز کن,settings,"{""action"": ""set"", ""target"": ""time_format"", ""payload"": ""12h""}"
Ustaw time_format na 12h,settings,"{""action"": ""set"", ""target"": ""time_format"", ""payload"": ""12h""}"
Utwórz time_format: 12h,settings,"{""action"": ""set"", ""target"": ""time_format"", ""payload"": ""12h""}"
Dodaj time_format 24h,settings,"{""action"": ""set"", ""target"": ""time_format"", ""payload"": ""12h""}"
Zaplanuj time_format 24h,settings,"{""action"": ""set"", ""target"": ""time_format"", ""payload"": ""12h""}"
Zaktualizuj time_format do 24h,settings,"{""action"": ""set"", ""target"": ""time_format"", ""payload"": ""12h""}"
Defina time_format como 12h,settings,"{""action"": ""set"", ""target"": ""time_format"", ""payload"": ""12h""}"
Crie time_format: 24h,settings,"{""action"": ""set"", ""target"": ""time_format"", ""payload"": ""24h""}"
Adicione time_format 12h,settings,"{""action"": ""set"", ""target"": ""time_format"", ""payload"": ""12h""}"
Agende time_format 12h,settings,"{""action"": ""set"", ""target"": ""time_format"", ""payload"": ""24h""}"
Atualize time_format para 24h,settings,"{""action"": ""set"", ""target"": ""time_format"", ""payload"": ""12h""}"
Setează time_format la 24h,settings,"{""action"": ""set"", ""target"": ""time_format"", ""payload"": ""24h""}"
Creează time_format: 24h,settings,"{""action"": ""set"", ""target"": ""time_format"", ""payload"": ""24h""}"
Adaugă time_format 24h,settings,"{""action"": ""set"", ""target"": ""time_format"", ""payload"": ""24h""}"
Programează time_format 24h,settings,"{""action"": ""set"", ""target"": ""time_format"", ""payload"": ""12h""}"
Actualizează time_format la 24h,settings,"{""action"": ""set"", ""target"": ""time_format"", ""payload"": ""12h""}"
Установи time_format на 12h,settings,"{""action"": ""set"", ""target"": ""time_format"", ""payload"": ""12h""}"
Создай time_format: 24h,settings,"{""action"": ""set"", ""target"": ""time_format"", ""payload"": ""24h""}"
Добавь time_format 24h,settings,"{""action"": ""set"", ""target"": ""time_format"", ""payload"": ""12h""}"
Запланируй time_format 12h,settings,"{""action"": ""set"", ""target"": ""time_format"", ""payload"": ""24h""}"
Обнови time_format до 12h,settings,"{""action"": ""set"", ""target"": ""time_format"", ""payload"": ""12h""}"
Establece time_format a 24h,settings,"{""action"": ""set"", ""target"": ""time_format"", ""payload"": ""12h""}"
Crea time_format: 24h,settings,"{""action"": ""set"", ""target"": ""time_format"", ""payload"": ""24h""}"
Añade time_format 12h,settings,"{""action"": ""set"", ""target"": ""time_format"", ""payload"": ""12h""}"
Programa time_format 24h,settings,"{""action"": ""set"", ""target"": ""time_format"", ""payload"": ""12h""}"
Actualiza time_format a 12h,settings,"{""action"": ""set"", ""target"": ""time_format"", ""payload"": ""24h""}"
Weka time_format kuwa 24h,settings,"{""action"": ""set"", ""target"": ""time_format"", ""payload"": ""12h""}"
Unda time_format: 12h,settings,"{""action"": ""set"", ""target"": ""time_format"", ""payload"": ""12h""}"
Ongeza time_format 12h,settings,"{""action"": ""set"", ""target"": ""time_format"", ""payload"": ""24h""}"
Panga time_format 12h,settings,"{""action"": ""set"", ""target"": ""time_format"", ""payload"": ""12h""}"
Sasisha time_format kuwa 24h,settings,"{""action"": ""set"", ""target"": ""time_format"", ""payload"": ""12h""}"
time_format ஐ 24h ஆக அமை,settings,"{""action"": ""set"", ""target"": ""time_format"", ""payload"": ""24h""}"
time_format உருவாக்கு: 24h,settings,"{""action"": ""set"", ""target"": ""time_format"", ""payload"": ""12h""}"
time_format சேர் 24h,settings,"{""action"": ""set"", ""target"": ""time_format"", ""payload"": ""12h""}"
time_format திட்டமிடு 24h,settings,"{""action"": ""set"", ""target"": ""time_format"", ""payload"": ""12h""}"
time_format ஐ 12h ஆக புதுப்பி,settings,"{""action"": ""set"", ""target"": ""time_format"", ""payload"": ""24h""}"
time_format ని 12h గా సెట్ చేయి,settings,"{""action"": ""set"", ""target"": ""time_format"", ""payload"": ""24h""}"
time_format సృష్టించు: 24h,settings,"{""action"": ""set"", ""target"": ""time_format"", ""payload"": ""24h""}"
time_format చేర్చు 12h,settings,"{""action"": ""set"", ""target"": ""time_format"", ""payload"": ""24h""}"
time_format షెడ్యూల్ చేయి 24h,settings,"{""action"": ""set"", ""target"": ""time_format"", ""payload"": ""24h""}"
time_format ని 12h గా అప్‌డేట్ చేయి,settings,"{""action"": ""set"", ""target"": ""time_format"", ""payload"": ""24h""}"
ตั้ง time_format เป็น 12h,settings,"{""action"": ""set"", ""target"": ""time_format"", ""payload"": ""24h""}"
สร้าง time_format: 12h,settings,"{""action"": ""set"", ""target"": ""time_format"", ""payload"": ""12h""}"
เพิ่ม time_format 24h,settings,"{""action"": ""set"", ""target"": ""time_format"", ""payload"": ""12h""}"
กำหนดเวลา time_format 12h,settings,"{""action"": ""set"", ""target"": ""time_format"", ""payload"": ""24h""}"
อัปเดต time_format เป็น 12h,settings,"{""action"": ""set"", ""target"": ""time_format"", ""payload"": ""12h""}"
time_format'i 12h olarak ayarla,settings,"{""action"": ""set"", ""target"": ""time_format"", ""payload"": ""12h""}"
time_format oluştur: 24h,settings,"{""action"": ""set"", ""target"": ""time_format"", ""payload"": ""12h""}"
time_format'e 12h ekle,settings,"{""action"": ""set"", ""target"": ""time_format"", ""payload"": ""12h""}"
time_format'i 12h olarak planla,settings,"{""action"": ""set"", ""target"": ""time_format"", ""payload"": ""12h""}"
time_format'i 24h olarak güncelle,settings,"{""action"": ""set"", ""target"": ""time_format"", ""payload"": ""24h""}"
time_format کو 12h پر سیٹ کرو,settings,"{""action"": ""set"", ""target"": ""time_format"", ""payload"": ""12h""}"
time_format بناؤ: 12h,settings,"{""action"": ""set"", ""target"": ""time_format"", ""payload"": ""12h""}"
time_format میں 24h شامل کرو,settings,"{""action"": ""set"", ""target"": ""time_format"", ""payload"": ""12h""}"
time_format کو 12h شیڈول کرو,settings,"{""action"": ""set"", ""target"": ""time_format"", ""payload"": ""24h""}"
time_format کو 24h اپ ڈیٹ کرو,settings,"{""action"": ""set"", ""target"": ""time_format"", ""payload"": ""24h""}"
Đặt time_format thành 24h,settings,"{""action"": ""set"", ""target"": ""time_format"", ""payload"": ""12h""}"
Tạo time_format: 12h,settings,"{""action"": ""set"", ""target"": ""time_format"", ""payload"": ""12h""}"
Thêm time_format 24h,settings,"{""action"": ""set"", ""target"": ""time_format"", ""payload"": ""12h""}"
Lên lịch time_format 24h,settings,"{""action"": ""set"", ""target"": ""time_format"", ""payload"": ""24h""}"
Cập nhật time_format thành 12h,settings,"{""action"": ""set"", ""target"": ""time_format"", ""payload"": ""12h""}"
عيّن spoken_lang إلى fr,settings,"{""action"": ""set"", ""target"": ""spoken_lang"", ""payload"": ""en""}"
أنشئ spoken_lang: de,settings,"{""action"": ""set"", ""target"": ""spoken_lang"", ""payload"": ""fr""}"
أضف spoken_lang ja,settings,"{""action"": ""set"", ""target"": ""spoken_lang"", ""payload"": ""de""}"
جدول spoken_lang ar,settings,"{""action"": ""set"", ""target"": ""spoken_lang"", ""payload"": ""en""}"
حدّث spoken_lang إلى en,settings,"{""action"": ""set"", ""target"": ""spoken_lang"", ""payload"": ""en""}"
spoken_lang ar সেট করো,settings,"{""action"": ""set"", ""target"": ""spoken_lang"", ""payload"": ""fr""}"
spoken_lang তৈরি করো: es,settings,"{""action"": ""set"", ""target"": ""spoken_lang"", ""payload"": ""de""}"
spoken_lang যোগ করো fr,settings,"{""action"": ""set"", ""target"": ""spoken_lang"", ""payload"": ""bn""}"
spoken_lang ar শিডিউল করো,settings,"{""action"": ""set"", ""target"": ""spoken_lang"", ""payload"": ""ar""}"
spoken_lang es আপডেট করো,settings,"{""action"": ""set"", ""target"": ""spoken_lang"", ""payload"": ""ar""}"
设置spoken_lang为de,settings,"{""action"": ""set"", ""target"": ""spoken_lang"", ""payload"": ""es""}"
创建spoken_lang: fr,settings,"{""action"": ""set"", ""target"": ""spoken_lang"", ""payload"": ""de""}"
添加spoken_lang ja,settings,"{""action"": ""set"", ""target"": ""spoken_lang"", ""payload"": ""fr""}"
安排spoken_lang en,settings,"{""action"": ""set"", ""target"": ""spoken_lang"", ""payload"": ""bn""}"
更新spoken_lang为ar,settings,"{""action"": ""set"", ""target"": ""spoken_lang"", ""payload"": ""bn""}"
Nastav spoken_lang na en,settings,"{""action"": ""set"", ""target"": ""spoken_lang"", ""payload"": ""es""}"
Vytvoř spoken_lang: es,settings,"{""action"": ""set"", ""target"": ""spoken_lang"", ""payload"": ""ja""}"
Přidej spoken_lang ar,settings,"{""action"": ""set"", ""target"": ""spoken_lang"", ""payload"": ""ja""}"
Naplánuj spoken_lang fr,settings,"{""action"": ""set"", ""target"": ""spoken_lang"", ""payload"": ""bn""}"
Aktualizuj spoken_lang na ja,settings,"{""action"": ""set"", ""target"": ""spoken_lang"", ""payload"": ""ja""}"
Zet spoken_lang op es,settings,"{""action"": ""set"", ""target"": ""spoken_lang"", ""payload"": ""fr""}"
Maak spoken_lang: en,settings,"{""action"": ""set"", ""target"": ""spoken_lang"", ""payload"": ""fr""}"
Voeg spoken_lang ja toe,settings,"{""action"": ""set"", ""target"": ""spoken_lang"", ""payload"": ""ja""}"
Plan spoken_lang en,settings,"{""action"": ""set"", ""target"": ""spoken_lang"", ""payload"": ""bn""}"
Werk spoken_lang bij naar bn,settings,"{""action"": ""set"", ""target"": ""spoken_lang"", ""payload"": ""ar""}"
Set spoken_lang to es,settings,"{""action"": ""set"", ""target"": ""spoken_lang"", ""payload"": ""fr""}"
Create spoken_lang: bn,settings,"{""action"": ""set"", ""target"": ""spoken_lang"", ""payload"": ""de""}"
Add spoken_lang ja,settings,"{""action"": ""set"", ""target"": ""spoken_lang"", ""payload"": ""es""}"
Schedule spoken_lang de,settings,"{""action"": ""set"", ""target"": ""spoken_lang"", ""payload"": ""fr""}"
Update spoken_lang to de,settings,"{""action"": ""set"", ""target"": ""spoken_lang"", ""payload"": ""fr""}"
Définir spoken_lang à ar,settings,"{""action"": ""set"", ""target"": ""spoken_lang"", ""payload"": ""es""}"
Créer spoken_lang: ja,settings,"{""action"": ""set"", ""target"": ""spoken_lang"", ""payload"": ""ja""}"
Ajouter spoken_lang fr,settings,"{""action"": ""set"", ""target"": ""spoken_lang"", ""payload"": ""ja""}"
Planifier spoken_lang ar,settings,"{""action"": ""set"", ""target"": ""spoken_lang"", ""payload"": ""bn""}"
Mettre à jour spoken_lang en es,settings,"{""action"": ""set"", ""target"": ""spoken_lang"", ""payload"": ""de""}"
Setze spoken_lang auf ja,settings,"{""action"": ""set"", ""target"": ""spoken_lang"", ""payload"": ""de""}"
Erstelle spoken_lang: bn,settings,"{""action"": ""set"", ""target"": ""spoken_lang"", ""payload"": ""ar""}"
Füge spoken_lang es hinzu,settings,"{""action"": ""set"", ""target"": ""spoken_lang"", ""payload"": ""en""}"
Plane spoken_lang de,settings,"{""action"": ""set"", ""target"": ""spoken_lang"", ""payload"": ""bn""}"
Aktualisiere spoken_lang zu en,settings,"{""action"": ""set"", ""target"": ""spoken_lang"", ""payload"": ""es""}"
Όρισε spoken_lang σε fr,settings,"{""action"": ""set"", ""target"": ""spoken_lang"", ""payload"": ""ja""}"
Δημιούργησε spoken_lang: en,settings,"{""action"": ""set"", ""target"": ""spoken_lang"", ""payload"": ""es""}"
Πρόσθεσε spoken_lang en,settings,"{""action"": ""set"", ""target"": ""spoken_lang"", ""payload"": ""bn""}"
Προγραμμάτισε spoken_lang es,settings,"{""action"": ""set"", ""target"": ""spoken_lang"", ""payload"": ""es""}"
Ενημέρωσε spoken_lang σε fr,settings,"{""action"": ""set"", ""target"": ""spoken_lang"", ""payload"": ""ja""}"
הגדר spoken_lang כ-es,settings,"{""action"": ""set"", ""target"": ""spoken_lang"", ""payload"": ""bn""}"
צור spoken_lang: es,settings,"{""action"": ""set"", ""target"": ""spoken_lang"", ""payload"": ""es""}"
הוסף spoken_lang de,settings,"{""action"": ""set"", ""target"": ""spoken_lang"", ""payload"": ""ja""}"
תזמן spoken_lang bn,settings,"{""action"": ""set"", ""target"": ""spoken_lang"", ""payload"": ""de""}"
עדכן spoken_lang ל-en,settings,"{""action"": ""set"", ""target"": ""spoken_lang"", ""payload"": ""ar""}"
spoken_lang को ja सेट करो,settings,"{""action"": ""set"", ""target"": ""spoken_lang"", ""payload"": ""en""}"
spoken_lang बनाओ: ar,settings,"{""action"": ""set"", ""target"": ""spoken_lang"", ""payload"": ""bn""}"
spoken_lang में de जोड़ो,settings,"{""action"": ""set"", ""target"": ""spoken_lang"", ""payload"": ""ar""}"
spoken_lang को en शेड्यूल करो,settings,"{""action"": ""set"", ""target"": ""spoken_lang"", ""payload"": ""de""}"
spoken_lang को es अपडेट करो,settings,"{""action"": ""set"", ""target"": ""spoken_lang"", ""payload"": ""ar""}"
Állítsd be spoken_lang-et es-re,settings,"{""action"": ""set"", ""target"": ""spoken_lang"", ""payload"": ""ar""}"
Hozd létre spoken_lang: ar,settings,"{""action"": ""set"", ""target"": ""spoken_lang"", ""payload"": ""ja""}"
Adj hozzá spoken_lang ar,settings,"{""action"": ""set"", ""target"": ""spoken_lang"", ""payload"": ""es""}"
Ütemezd spoken_lang es,settings,"{""action"": ""set"", ""target"": ""spoken_lang"", ""payload"": ""ja""}"
Frissítsd spoken_lang ja-re,settings,"{""action"": ""set"", ""target"": ""spoken_lang"", ""payload"": ""ja""}"
Atur spoken_lang ke es,settings,"{""action"": ""set"", ""target"": ""spoken_lang"", ""payload"": ""bn""}"
Buat spoken_lang: de,settings,"{""action"": ""set"", ""target"": ""spoken_lang"", ""payload"": ""de""}"
Tambah spoken_lang es,settings,"{""action"": ""set"", ""target"": ""spoken_lang"", ""payload"": ""ar""}"
Jadwalkan spoken_lang en,settings,"{""action"": ""set"", ""target"": ""spoken_lang"", ""payload"": ""bn""}"
Perbarui spoken_lang ke en,settings,"{""action"": ""set"", ""target"": ""spoken_lang"", ""payload"": ""de""}"
Imposta spoken_lang a es,settings,"{""action"": ""set"", ""target"": ""spoken_lang"", ""payload"": ""es""}"
Crea spoken_lang: ar,settings,"{""action"": ""set"", ""target"": ""spoken_lang"", ""payload"": ""fr""}"
Aggiungi spoken_lang fr,settings,"{""action"": ""set"", ""target"": ""spoken_lang"", ""payload"": ""es""}"
Pianifica spoken_lang en,settings,"{""action"": ""set"", ""target"": ""spoken_lang"", ""payload"": ""bn""}"
Aggiorna spoken_lang a en,settings,"{""action"": ""set"", ""target"": ""spoken_lang"", ""payload"": ""en""}"
spoken_langをdeに設定,settings,"{""action"": ""set"", ""target"": ""spoken_lang"", ""payload"": ""en""}"
spoken_langを作成: ar,settings,"{""action"": ""set"", ""target"": ""spoken_lang"", ""payload"": ""en""}"
spoken_langにarを追加,settings,"{""action"": ""set"", ""target"": ""spoken_lang"", ""payload"": ""de""}"
spoken_langをdeにスケジュール,settings,"{""action"": ""set"", ""target"": ""spoken_lang"", ""payload"": ""ja""}"
spoken_langをarに更新,settings,"{""action"": ""set"", ""target"": ""spoken_lang"", ""payload"": ""de""}"
spoken_lang를 ar로 설정,settings,"{""action"": ""set"", ""target"": ""spoken_lang"", ""payload"": ""de""}"
spoken_lang 만들기: ja,settings,"{""action"": ""set"", ""target"": ""spoken_lang"", ""payload"": ""de""}"
spoken_lang에 ja 추가,settings,"{""action"": ""set"", ""target"": ""spoken_lang"", ""payload"": ""ar""}"
spoken_lang를 ar로 예약,settings,"{""action"": ""set"", ""target"": ""spoken_lang"", ""payload"": ""bn""}"
spoken_lang를 fr로 업데이트,settings,"{""action"": ""set"", ""target"": ""spoken_lang"", ""payload"": ""fr""}"
spoken_lang bn वर सेट करा,settings,"{""action"": ""set"", ""target"": ""spoken_lang"", ""payload"": ""bn""}"
spoken_lang तयार करा: ar,settings,"{""action"": ""set"", ""target"": ""spoken_lang"", ""payload"": ""en""}"
spoken_lang मध्ये bn जोडा,settings,"{""action"": ""set"", ""target"": ""spoken_lang"", ""payload"": ""fr""}"
spoken_lang es शेड्यूल करा,settings,"{""action"": ""set"", ""target"": ""spoken_lang"", ""payload"": ""es""}"
spoken_lang ja वर अपडेट करा,settings,"{""action"": ""set"", ""target"": ""spoken_lang"", ""payload"": ""es""}"
spoken_lang را روی en تنظیم کن,settings,"{""action"": ""set"", ""target"": ""spoken_lang"", ""payload"": ""ar""}"
spoken_lang را بساز: fr,settings,"{""action"": ""set"", ""target"": ""spoken_lang"", ""payload"": ""de""}"
spoken_lang اضافه کن de,settings,"{""action"": ""set"", ""target"": ""spoken_lang"", ""payload"": ""ar""}"
spoken_lang را برنامه‌ریزی کن es,settings,"{""action"": ""set"", ""target"": ""spoken_lang"", ""payload"": ""en""}"
spoken_lang را به ja به‌روز کن,settings,"{""action"": ""set"", ""target"": ""spoken_lang"", ""payload"": ""es""}"
Ustaw spoken_lang na bn,settings,"{""action"": ""set"", ""target"": ""spoken_lang"", ""payload"": ""ja""}"
Utwórz spoken_lang: ar,settings,"{""action"": ""set"", ""target"": ""spoken_lang"", ""payload"": ""bn""}"
Dodaj spoken_lang en,settings,"{""action"": ""set"", ""target"": ""spoken_lang"", ""payload"": ""en""}"
Zaplanuj spoken_lang ar,settings,"{""action"": ""set"", ""target"": ""spoken_lang"", ""payload"": ""ja""}"
Zaktualizuj spoken_lang do en,settings,"{""action"": ""set"", ""target"": ""spoken_lang"", ""payload"": ""ja""}"
Defina spoken_lang como en,settings,"{""action"": ""set"", ""target"": ""spoken_lang"", ""payload"": ""es""}"
Crie spoken_lang: en,settings,"{""action"": ""set"", ""target"": ""spoken_lang"", ""payload"": ""en""}"
Adicione spoken_lang en,settings,"{""action"": ""set"", ""target"": ""spoken_lang"", ""payload"": ""bn""}"
Agende spoken_lang fr,settings,"{""action"": ""set"", ""target"": ""spoken_lang"", ""payload"": ""ja""}"
Atualize spoken_lang para ar,settings,"{""action"": ""set"", ""target"": ""spoken_lang"", ""payload"": ""ar""}"
Setează spoken_lang la bn,settings,"{""action"": ""set"", ""target"": ""spoken_lang"", ""payload"": ""bn""}"
Creează spoken_lang: bn,settings,"{""action"": ""set"", ""target"": ""spoken_lang"", ""payload"": ""ar""}"
Adaugă spoken_lang fr,settings,"{""action"": ""set"", ""target"": ""spoken_lang"", ""payload"": ""ar""}"
Programează spoken_lang fr,settings,"{""action"": ""set"", ""target"": ""spoken_lang"", ""payload"": ""bn""}"
Actualizează spoken_lang la en,settings,"{""action"": ""set"", ""target"": ""spoken_lang"", ""payload"": ""bn""}"
Установи spoken_lang на bn,settings,"{""action"": ""set"", ""target"": ""spoken_lang"", ""payload"": ""ar""}"
Создай spoken_lang: ja,settings,"{""action"": ""set"", ""target"": ""spoken_lang"", ""payload"": ""de""}"
Добавь spoken_lang de,settings,"{""action"": ""set"", ""target"": ""spoken_lang"", ""payload"": ""bn""}"
Запланируй spoken_lang fr,settings,"{""action"": ""set"", ""target"": ""spoken_lang"", ""payload"": ""bn""}"
Обнови spoken_lang до es,settings,"{""action"": ""set"", ""target"": ""spoken_lang"", ""payload"": ""bn""}"
Establece spoken_lang a bn,settings,"{""action"": ""set"", ""target"": ""spoken_lang"", ""payload"": ""es""}"
Crea spoken_lang: ja,settings,"{""action"": ""set"", ""target"": ""spoken_lang"", ""payload"": ""bn""}"
Añade spoken_lang ar,settings,"{""action"": ""set"", ""target"": ""spoken_lang"", ""payload"": ""bn""}"
Programa spoken_lang ar,settings,"{""action"": ""set"", ""target"": ""spoken_lang"", ""payload"": ""bn""}"
Actualiza spoken_lang a de,settings,"{""action"": ""set"", ""target"": ""spoken_lang"", ""payload"": ""en""}"
Weka spoken_lang kuwa de,settings,"{""action"": ""set"", ""target"": ""spoken_lang"", ""payload"": ""en""}"
Unda spoken_lang: en,settings,"{""action"": ""set"", ""target"": ""spoken_lang"", ""payload"": ""ja""}"
Ongeza spoken_lang es,settings,"{""action"": ""set"", ""target"": ""spoken_lang"", ""payload"": ""bn""}"
Panga spoken_lang bn,settings,"{""action"": ""set"", ""target"": ""spoken_lang"", ""payload"": ""en""}"
Sasisha spoken_lang kuwa ar,settings,"{""action"": ""set"", ""target"": ""spoken_lang"", ""payload"": ""ja""}"
spoken_lang ஐ es ஆக அமை,settings,"{""action"": ""set"", ""target"": ""spoken_lang"", ""payload"": ""de""}"
spoken_lang உருவாக்கு: es,settings,"{""action"": ""set"", ""target"": ""spoken_lang"", ""payload"": ""es""}"
spoken_lang சேர் en,settings,"{""action"": ""set"", ""target"": ""spoken_lang"", ""payload"": ""ar""}"
spoken_lang திட்டமிடு de,settings,"{""action"": ""set"", ""target"": ""spoken_lang"", ""payload"": ""ar""}"
spoken_lang ஐ ja ஆக புதுப்பி,settings,"{""action"": ""set"", ""target"": ""spoken_lang"", ""payload"": ""de""}"
spoken_lang ని en గా సెట్ చేయి,settings,"{""action"": ""set"", ""target"": ""spoken_lang"", ""payload"": ""de""}"
spoken_lang సృష్టించు: de,settings,"{""action"": ""set"", ""target"": ""spoken_lang"", ""payload"": ""bn""}"
spoken_lang చేర్చు bn,settings,"{""action"": ""set"", ""target"": ""spoken_lang"", ""payload"": ""ar""}"
spoken_lang షెడ్యూల్ చేయి de,settings,"{""action"": ""set"", ""target"": ""spoken_lang"", ""payload"": ""ar""}"
spoken_lang ని bn గా అప్‌డేట్ చేయి,settings,"{""action"": ""set"", ""target"": ""spoken_lang"", ""payload"": ""de""}"
ตั้ง spoken_lang เป็น en,settings,"{""action"": ""set"", ""target"": ""spoken_lang"", ""payload"": ""ja""}"
สร้าง spoken_lang: en,settings,"{""action"": ""set"", ""target"": ""spoken_lang"", ""payload"": ""es""}"
เพิ่ม spoken_lang en,settings,"{""action"": ""set"", ""target"": ""spoken_lang"", ""payload"": ""ar""}"
กำหนดเวลา spoken_lang de,settings,"{""action"": ""set"", ""target"": ""spoken_lang"", ""payload"": ""bn""}"
อัปเดต spoken_lang เป็น ja,settings,"{""action"": ""set"", ""target"": ""spoken_lang"", ""payload"": ""bn""}"
spoken_lang'i en olarak ayarla,settings,"{""action"": ""set"", ""target"": ""spoken_lang"", ""payload"": ""de""}"
spoken_lang oluştur: ar,settings,"{""action"": ""set"", ""target"": ""spoken_lang"", ""payload"": ""ja""}"
spoken_lang'e fr ekle,settings,"{""action"": ""set"", ""target"": ""spoken_lang"", ""payload"": ""es""}"
spoken_lang'i ja olarak planla,settings,"{""action"": ""set"", ""target"": ""spoken_lang"", ""payload"": ""de""}"
spoken_lang'i en olarak güncelle,settings,"{""action"": ""set"", ""target"": ""spoken_lang"", ""payload"": ""fr""}"
spoken_lang کو ja پر سیٹ کرو,settings,"{""action"": ""set"", ""target"": ""spoken_lang"", ""payload"": ""bn""}"
spoken_lang بناؤ: en,settings,"{""action"": ""set"", ""target"": ""spoken_lang"", ""payload"": ""ar""}"
spoken_lang میں es شامل کرو,settings,"{""action"": ""set"", ""target"": ""spoken_lang"", ""payload"": ""fr""}"
spoken_lang کو fr شیڈول کرو,settings,"{""action"": ""set"", ""target"": ""spoken_lang"", ""payload"": ""en""}"
spoken_lang کو de اپ ڈیٹ کرو,settings,"{""action"": ""set"", ""target"": ""spoken_lang"", ""payload"": ""en""}"
Đặt spoken_lang thành fr,settings,"{""action"": ""set"", ""target"": ""spoken_lang"", ""payload"": ""bn""}"
Tạo spoken_lang: ar,settings,"{""action"": ""set"", ""target"": ""spoken_lang"", ""payload"": ""es""}"
Thêm spoken_lang bn,settings,"{""action"": ""set"", ""target"": ""spoken_lang"", ""payload"": ""fr""}"
Lên lịch spoken_lang bn,settings,"{""action"": ""set"", ""target"": ""spoken_lang"", ""payload"": ""de""}"
Cập nhật spoken_lang thành en,settings,"{""action"": ""set"", ""target"": ""spoken_lang"", ""payload"": ""fr""}"
عيّن llm_enabled إلى false,settings,"{""action"": ""set"", ""target"": ""llm_enabled"", ""payload"": ""false""}"
أنشئ llm_enabled: true,settings,"{""action"": ""set"", ""target"": ""llm_enabled"", ""payload"": ""true""}"
أضف llm_enabled false,settings,"{""action"": ""set"", ""target"": ""llm_enabled"", ""payload"": ""false""}"
جدول llm_enabled true,settings,"{""action"": ""set"", ""target"": ""llm_enabled"", ""payload"": ""false""}"
حدّث llm_enabled إلى false,settings,"{""action"": ""set"", ""target"": ""llm_enabled"", ""payload"": ""false""}"
llm_enabled false সেট করো,settings,"{""action"": ""set"", ""target"": ""llm_enabled"", ""payload"": ""false""}"
llm_enabled তৈরি করো: true,settings,"{""action"": ""set"", ""target"": ""llm_enabled"", ""payload"": ""false""}"
llm_enabled যোগ করো false,settings,"{""action"": ""set"", ""target"": ""llm_enabled"", ""payload"": ""false""}"
llm_enabled true শিডিউল করো,settings,"{""action"": ""set"", ""target"": ""llm_enabled"", ""payload"": ""true""}"
llm_enabled false আপডেট করো,settings,"{""action"": ""set"", ""target"": ""llm_enabled"", ""payload"": ""false""}"
设置llm_enabled为true,settings,"{""action"": ""set"", ""target"": ""llm_enabled"", ""payload"": ""true""}"
创建llm_enabled: false,settings,"{""action"": ""set"", ""target"": ""llm_enabled"", ""payload"": ""true""}"
添加llm_enabled false,settings,"{""action"": ""set"", ""target"": ""llm_enabled"", ""payload"": ""false""}"
安排llm_enabled true,settings,"{""action"": ""set"", ""target"": ""llm_enabled"", ""payload"": ""true""}"
更新llm_enabled为true,settings,"{""action"": ""set"", ""target"": ""llm_enabled"", ""payload"": ""false""}"
Nastav llm_enabled na false,settings,"{""action"": ""set"", ""target"": ""llm_enabled"", ""payload"": ""true""}"
Vytvoř llm_enabled: true,settings,"{""action"": ""set"", ""target"": ""llm_enabled"", ""payload"": ""true""}"
Přidej llm_enabled false,settings,"{""action"": ""set"", ""target"": ""llm_enabled"", ""payload"": ""true""}"
Naplánuj llm_enabled false,settings,"{""action"": ""set"", ""target"": ""llm_enabled"", ""payload"": ""true""}"
Aktualizuj llm_enabled na false,settings,"{""action"": ""set"", ""target"": ""llm_enabled"", ""payload"": ""true""}"
Zet llm_enabled op true,settings,"{""action"": ""set"", ""target"": ""llm_enabled"", ""payload"": ""false""}"
Maak llm_enabled: false,settings,"{""action"": ""set"", ""target"": ""llm_enabled"", ""payload"": ""false""}"
Voeg llm_enabled false toe,settings,"{""action"": ""set"", ""target"": ""llm_enabled"", ""payload"": ""false""}"
Plan llm_enabled false,settings,"{""action"": ""set"", ""target"": ""llm_enabled"", ""payload"": ""false""}"
Werk llm_enabled bij naar false,settings,"{""action"": ""set"", ""target"": ""llm_enabled"", ""payload"": ""false""}"
Set llm_enabled to false,settings,"{""action"": ""set"", ""target"": ""llm_enabled"", ""payload"": ""true""}"
Create llm_enabled: false,settings,"{""action"": ""set"", ""target"": ""llm_enabled"", ""payload"": ""true""}"
Add llm_enabled true,settings,"{""action"": ""set"", ""target"": ""llm_enabled"", ""payload"": ""false""}"
Schedule llm_enabled false,settings,"{""action"": ""set"", ""target"": ""llm_enabled"", ""payload"": ""false""}"
Update llm_enabled to true,settings,"{""action"": ""set"", ""target"": ""llm_enabled"", ""payload"": ""true""}"
Définir llm_enabled à true,settings,"{""action"": ""set"", ""target"": ""llm_enabled"", ""payload"": ""true""}"
Créer llm_enabled: true,settings,"{""action"": ""set"", ""target"": ""llm_enabled"", ""payload"": ""true""}"
Ajouter llm_enabled false,settings,"{""action"": ""set"", ""target"": ""llm_enabled"", ""payload"": ""true""}"
Planifier llm_enabled true,settings,"{""action"": ""set"", ""target"": ""llm_enabled"", ""payload"": ""false""}"
Mettre à jour llm_enabled en false,settings,"{""action"": ""set"", ""target"": ""llm_enabled"", ""payload"": ""true""}"
Setze llm_enabled auf false,settings,"{""action"": ""set"", ""target"": ""llm_enabled"", ""payload"": ""true""}"
Erstelle llm_enabled: true,settings,"{""action"": ""set"", ""target"": ""llm_enabled"", ""payload"": ""false""}"
Füge llm_enabled false hinzu,settings,"{""action"": ""set"", ""target"": ""llm_enabled"", ""payload"": ""true""}"
Plane llm_enabled false,settings,"{""action"": ""set"", ""target"": ""llm_enabled"", ""payload"": ""false""}"
Aktualisiere llm_enabled zu false,settings,"{""action"": ""set"", ""target"": ""llm_enabled"", ""payload"": ""false""}"
Όρισε llm_enabled σε false,settings,"{""action"": ""set"", ""target"": ""llm_enabled"", ""payload"": ""true""}"
Δημιούργησε llm_enabled: true,settings,"{""action"": ""set"", ""target"": ""llm_enabled"", ""payload"": ""false""}"
Πρόσθεσε llm_enabled true,settings,"{""action"": ""set"", ""target"": ""llm_enabled"", ""payload"": ""false""}"
Προγραμμάτισε llm_enabled false,settings,"{""action"": ""set"", ""target"": ""llm_enabled"", ""payload"": ""false""}"
Ενημέρωσε llm_enabled σε false,settings,"{""action"": ""set"", ""target"": ""llm_enabled"", ""payload"": ""false""}"
הגדר llm_enabled כ-false,settings,"{""action"": ""set"", ""target"": ""llm_enabled"", ""payload"": ""true""}"
צור llm_enabled: true,settings,"{""action"": ""set"", ""target"": ""llm_enabled"", ""payload"": ""true""}"
הוסף llm_enabled false,settings,"{""action"": ""set"", ""target"": ""llm_enabled"", ""payload"": ""true""}"
תזמן llm_enabled false,settings,"{""action"": ""set"", ""target"": ""llm_enabled"", ""payload"": ""false""}"
עדכן llm_enabled ל-true,settings,"{""action"": ""set"", ""target"": ""llm_enabled"", ""payload"": ""false""}"
llm_enabled को false सेट करो,settings,"{""action"": ""set"", ""target"": ""llm_enabled"", ""payload"": ""false""}"
llm_enabled बनाओ: true,settings,"{""action"": ""set"", ""target"": ""llm_enabled"", ""payload"": ""false""}"
llm_enabled में false जोड़ो,settings,"{""action"": ""set"", ""target"": ""llm_enabled"", ""payload"": ""false""}"
llm_enabled को true शेड्यूल करो,settings,"{""action"": ""set"", ""target"": ""llm_enabled"", ""payload"": ""true""}"
llm_enabled को false अपडेट करो,settings,"{""action"": ""set"", ""target"": ""llm_enabled"", ""payload"": ""false""}"
Állítsd be llm_enabled-et false-re,settings,"{""action"": ""set"", ""target"": ""llm_enabled"", ""payload"": ""false""}"
Hozd létre llm_enabled: false,settings,"{""action"": ""set"", ""target"": ""llm_enabled"", ""payload"": ""false""}"
Adj hozzá llm_enabled false,settings,"{""action"": ""set"", ""target"": ""llm_enabled"", ""payload"": ""true""}"
Ütemezd llm_enabled true,settings,"{""action"": ""set"", ""target"": ""llm_enabled"", ""payload"": ""true""}"
Frissítsd llm_enabled true-re,settings,"{""action"": ""set"", ""target"": ""llm_enabled"", ""payload"": ""false""}"
Atur llm_enabled ke false,settings,"{""action"": ""set"", ""target"": ""llm_enabled"", ""payload"": ""true""}"
Buat llm_enabled: false,settings,"{""action"": ""set"", ""target"": ""llm_enabled"", ""payload"": ""false""}"
Tambah llm_enabled true,settings,"{""action"": ""set"", ""target"": ""llm_enabled"", ""payload"": ""false""}"
Jadwalkan llm_enabled false,settings,"{""action"": ""set"", ""target"": ""llm_enabled"", ""payload"": ""false""}"
Perbarui llm_enabled ke false,settings,"{""action"": ""set"", ""target"": ""llm_enabled"", ""payload"": ""false""}"
Imposta llm_enabled a true,settings,"{""action"": ""set"", ""target"": ""llm_enabled"", ""payload"": ""true""}"
Crea llm_enabled: true,settings,"{""action"": ""set"", ""target"": ""llm_enabled"", ""payload"": ""true""}"
Aggiungi llm_enabled false,settings,"{""action"": ""set"", ""target"": ""llm_enabled"", ""payload"": ""true""}"
Pianifica llm_enabled true,settings,"{""action"": ""set"", ""target"": ""llm_enabled"", ""payload"": ""false""}"
Aggiorna llm_enabled a true,settings,"{""action"": ""set"", ""target"": ""llm_enabled"", ""payload"": ""false""}"
llm_enabledをtrueに設定,settings,"{""action"": ""set"", ""target"": ""llm_enabled"", ""payload"": ""true""}"
llm_enabledを作成: false,settings,"{""action"": ""set"", ""target"": ""llm_enabled"", ""payload"": ""true""}"
llm_enabledにfalseを追加,settings,"{""action"": ""set"", ""target"": ""llm_enabled"", ""payload"": ""false""}"
llm_enabledをfalseにスケジュール,settings,"{""action"": ""set"", ""target"": ""llm_enabled"", ""payload"": ""false""}"
llm_enabledをtrueに更新,settings,"{""action"": ""set"", ""target"": ""llm_enabled"", ""payload"": ""false""}"
llm_enabled를 true로 설정,settings,"{""action"": ""set"", ""target"": ""llm_enabled"", ""payload"": ""false""}"
llm_enabled 만들기: false,settings,"{""action"": ""set"", ""target"": ""llm_enabled"", ""payload"": ""false""}"
llm_enabled에 false 추가,settings,"{""action"": ""set"", ""target"": ""llm_enabled"", ""payload"": ""true""}"
llm_enabled를 false로 예약,settings,"{""action"": ""set"", ""target"": ""llm_enabled"", ""payload"": ""true""}"
llm_enabled를 true로 업데이트,settings,"{""action"": ""set"", ""target"": ""llm_enabled"", ""payload"": ""false""}"
llm_enabled false वर सेट करा,settings,"{""action"": ""set"", ""target"": ""llm_enabled"", ""payload"": ""false""}"
llm_enabled तयार करा: true,settings,"{""action"": ""set"", ""target"": ""llm_enabled"", ""payload"": ""false""}"
llm_enabled मध्ये false जोडा,settings,"{""action"": ""set"", ""target"": ""llm_enabled"", ""payload"": ""false""}"
llm_enabled true शेड्यूल करा,settings,"{""action"": ""set"", ""target"": ""llm_enabled"", ""payload"": ""false""}"
llm_enabled true वर अपडेट करा,settings,"{""action"": ""set"", ""target"": ""llm_enabled"", ""payload"": ""true""}"
llm_enabled را روی false تنظیم کن,settings,"{""action"": ""set"", ""target"": ""llm_enabled"", ""payload"": ""false""}"
llm_enabled را بساز: true,settings,"{""action"": ""set"", ""target"": ""llm_enabled"", ""payload"": ""false""}"
llm_enabled اضافه کن false,settings,"{""action"": ""set"", ""target"": ""llm_enabled"", ""payload"": ""true""}"
llm_enabled را برنامه‌ریزی کن true,settings,"{""action"": ""set"", ""target"": ""llm_enabled"", ""payload"": ""true""}"
llm_enabled را به false به‌روز کن,settings,"{""action"": ""set"", ""target"": ""llm_enabled"", ""payload"": ""false""}"
Ustaw llm_enabled na true,settings,"{""action"": ""set"", ""target"": ""llm_enabled"", ""payload"": ""false""}"
Utwórz llm_enabled: false,settings,"{""action"": ""set"", ""target"": ""llm_enabled"", ""payload"": ""true""}"
Dodaj llm_enabled false,settings,"{""action"": ""set"", ""target"": ""llm_enabled"", ""payload"": ""true""}"
Zaplanuj llm_enabled false,settings,"{""action"": ""set"", ""target"": ""llm_enabled"", ""payload"": ""false""}"
Zaktualizuj llm_enabled do false,settings,"{""action"": ""set"", ""target"": ""llm_enabled"", ""payload"": ""false""}"
Defina llm_enabled como true,settings,"{""action"": ""set"", ""target"": ""llm_enabled"", ""payload"": ""false""}"
Crie llm_enabled: false,settings,"{""action"": ""set"", ""target"": ""llm_enabled"", ""payload"": ""false""}"
Adicione llm_enabled false,settings,"{""action"": ""set"", ""target"": ""llm_enabled"", ""payload"": ""true""}"
Agende llm_enabled true,settings,"{""action"": ""set"", ""target"": ""llm_enabled"", ""payload"": ""true""}"
Atualize llm_enabled para false,settings,"{""action"": ""set"", ""target"": ""llm_enabled"", ""payload"": ""true""}"
Setează llm_enabled la false,settings,"{""action"": ""set"", ""target"": ""llm_enabled"", ""payload"": ""false""}"
Creează llm_enabled: false,settings,"{""action"": ""set"", ""target"": ""llm_enabled"", ""payload"": ""true""}"
Adaugă llm_enabled true,settings,"{""action"": ""set"", ""target"": ""llm_enabled"", ""payload"": ""false""}"
Programează llm_enabled false,settings,"{""action"": ""set"", ""target"": ""llm_enabled"", ""payload"": ""true""}"
Actualizează llm_enabled la true,settings,"{""action"": ""set"", ""target"": ""llm_enabled"", ""payload"": ""true""}"
Установи llm_enabled на false,settings,"{""action"": ""set"", ""target"": ""llm_enabled"", ""payload"": ""false""}"
Создай llm_enabled: false,settings,"{""action"": ""set"", ""target"": ""llm_enabled"", ""payload"": ""false""}"
Добавь llm_enabled true,settings,"{""action"": ""set"", ""target"": ""llm_enabled"", ""payload"": ""true""}"
Запланируй llm_enabled false,settings,"{""action"": ""set"", ""target"": ""llm_enabled"", ""payload"": ""false""}"
Обнови llm_enabled до false,settings,"{""action"": ""set"", ""target"": ""llm_enabled"", ""payload"": ""true""}"
Establece llm_enabled a false,settings,"{""action"": ""set"", ""target"": ""llm_enabled"", ""payload"": ""true""}"
Crea llm_enabled: false,settings,"{""action"": ""set"", ""target"": ""llm_enabled"", ""payload"": ""true""}"
Añade llm_enabled true,settings,"{""action"": ""set"", ""target"": ""llm_enabled"", ""payload"": ""true""}"
Programa llm_enabled true,settings,"{""action"": ""set"", ""target"": ""llm_enabled"", ""payload"": ""true""}"
Actualiza llm_enabled a true,settings,"{""action"": ""set"", ""target"": ""llm_enabled"", ""payload"": ""false""}"
Weka llm_enabled kuwa false,settings,"{""action"": ""set"", ""target"": ""llm_enabled"", ""payload"": ""false""}"
Unda llm_enabled: false,settings,"{""action"": ""set"", ""target"": ""llm_enabled"", ""payload"": ""false""}"
Ongeza llm_enabled true,settings,"{""action"": ""set"", ""target"": ""llm_enabled"", ""payload"": ""true""}"
Panga llm_enabled true,settings,"{""action"": ""set"", ""target"": ""llm_enabled"", ""payload"": ""false""}"
Sasisha llm_enabled kuwa true,settings,"{""action"": ""set"", ""target"": ""llm_enabled"", ""payload"": ""true""}"
llm_enabled ஐ false ஆக அமை,settings,"{""action"": ""set"", ""target"": ""llm_enabled"", ""payload"": ""false""}"
llm_enabled உருவாக்கு: true,settings,"{""action"": ""set"", ""target"": ""llm_enabled"", ""payload"": ""true""}"
llm_enabled சேர் false,settings,"{""action"": ""set"", ""target"": ""llm_enabled"", ""payload"": ""true""}"
llm_enabled திட்டமிடு true,settings,"{""action"": ""set"", ""target"": ""llm_enabled"", ""payload"": ""true""}"
llm_enabled ஐ false ஆக புதுப்பி,settings,"{""action"": ""set"", ""target"": ""llm_enabled"", ""payload"": ""false""}"
llm_enabled ని true గా సెట్ చేయి,settings,"{""action"": ""set"", ""target"": ""llm_enabled"", ""payload"": ""false""}"
llm_enabled సృష్టించు: false,settings,"{""action"": ""set"", ""target"": ""llm_enabled"", ""payload"": ""true""}"
llm_enabled చేర్చు false,settings,"{""action"": ""set"", ""target"": ""llm_enabled"", ""payload"": ""true""}"
llm_enabled షెడ్యూల్ చేయి true,settings,"{""action"": ""set"", ""target"": ""llm_enabled"", ""payload"": ""true""}"
llm_enabled ని true గా అప్‌డేట్ చేయి,settings,"{""action"": ""set"", ""target"": ""llm_enabled"", ""payload"": ""false""}"
ตั้ง llm_enabled เป็น false,settings,"{""action"": ""set"", ""target"": ""llm_enabled"", ""payload"": ""true""}"
สร้าง llm_enabled: true,settings,"{""action"": ""set"", ""target"": ""llm_enabled"", ""payload"": ""true""}"
เพิ่ม llm_enabled false,settings,"{""action"": ""set"", ""target"": ""llm_enabled"", ""payload"": ""false""}"
กำหนดเวลา llm_enabled false,settings,"{""action"": ""set"", ""target"": ""llm_enabled"", ""payload"": ""true""}"
อัปเดต llm_enabled เป็น false,settings,"{""action"": ""set"", ""target"": ""llm_enabled"", ""payload"": ""true""}"
llm_enabled'i true olarak ayarla,settings,"{""action"": ""set"", ""target"": ""llm_enabled"", ""payload"": ""true""}"
llm_enabled oluştur: true,settings,"{""action"": ""set"", ""target"": ""llm_enabled"", ""payload"": ""true""}"
llm_enabled'e false ekle,settings,"{""action"": ""set"", ""target"": ""llm_enabled"", ""payload"": ""false""}"
llm_enabled'i false olarak planla,settings,"{""action"": ""set"", ""target"": ""llm_enabled"", ""payload"": ""false""}"
llm_enabled'i true olarak güncelle,settings,"{""action"": ""set"", ""target"": ""llm_enabled"", ""payload"": ""false""}"
llm_enabled کو false پر سیٹ کرو,settings,"{""action"": ""set"", ""target"": ""llm_enabled"", ""payload"": ""true""}"
llm_enabled بناؤ: false,settings,"{""action"": ""set"", ""target"": ""llm_enabled"", ""payload"": ""false""}"
llm_enabled میں false شامل کرو,settings,"{""action"": ""set"", ""target"": ""llm_enabled"", ""payload"": ""true""}"
llm_enabled کو false شیڈول کرو,settings,"{""action"": ""set"", ""target"": ""llm_enabled"", ""payload"": ""true""}"
llm_enabled کو false اپ ڈیٹ کرو,settings,"{""action"": ""set"", ""target"": ""llm_enabled"", ""payload"": ""false""}"
Đặt llm_enabled thành false,settings,"{""action"": ""set"", ""target"": ""llm_enabled"", ""payload"": ""false""}"
Tạo llm_enabled: true,settings,"{""action"": ""set"", ""target"": ""llm_enabled"", ""payload"": ""true""}"
Thêm llm_enabled true,settings,"{""action"": ""set"", ""target"": ""llm_enabled"", ""payload"": ""true""}"
Lên lịch llm_enabled false,settings,"{""action"": ""set"", ""target"": ""llm_enabled"", ""payload"": ""false""}"
Cập nhật llm_enabled thành false,settings,"{""action"": ""set"", ""target"": ""llm_enabled"", ""payload"": ""false""}"
عيّن llm_provider إلى openrouter,settings,"{""action"": ""set"", ""target"": ""llm_provider"", ""payload"": ""openai""}"
أنشئ llm_provider: custom,settings,"{""action"": ""set"", ""target"": ""llm_provider"", ""payload"": ""custom""}"
أضف llm_provider openrouter,settings,"{""action"": ""set"", ""target"": ""llm_provider"", ""payload"": ""custom""}"
جدول llm_provider lmstudio,settings,"{""action"": ""set"", ""target"": ""llm_provider"", ""payload"": ""lmstudio""}"
حدّث llm_provider إلى openrouter,settings,"{""action"": ""set"", ""target"": ""llm_provider"", ""payload"": ""openai""}"
llm_provider lmstudio সেট করো,settings,"{""action"": ""set"", ""target"": ""llm_provider"", ""payload"": ""openai""}"
llm_provider তৈরি করো: openai,settings,"{""action"": ""set"", ""target"": ""llm_provider"", ""payload"": ""custom""}"
llm_provider যোগ করো lmstudio,settings,"{""action"": ""set"", ""target"": ""llm_provider"", ""payload"": ""custom""}"
llm_provider openrouter শিডিউল করো,settings,"{""action"": ""set"", ""target"": ""llm_provider"", ""payload"": ""lmstudio""}"
llm_provider openrouter আপডেট করো,settings,"{""action"": ""set"", ""target"": ""llm_provider"", ""payload"": ""custom""}"
设置llm_provider为custom,settings,"{""action"": ""set"", ""target"": ""llm_provider"", ""payload"": ""custom""}"
创建llm_provider: lmstudio,settings,"{""action"": ""set"", ""target"": ""llm_provider"", ""payload"": ""custom""}"
添加llm_provider openrouter,settings,"{""action"": ""set"", ""target"": ""llm_provider"", ""payload"": ""openai""}"
安排llm_provider lmstudio,settings,"{""action"": ""set"", ""target"": ""llm_provider"", ""payload"": ""openrouter""}"
更新llm_provider为lmstudio,settings,"{""action"": ""set"", ""target"": ""llm_provider"", ""payload"": ""custom""}"
Nastav llm_provider na lmstudio,settings,"{""action"": ""set"", ""target"": ""llm_provider"", ""payload"": ""custom""}"
Vytvoř llm_provider: openrouter,settings,"{""action"": ""set"", ""target"": ""llm_provider"", ""payload"": ""openrouter""}"
Přidej llm_provider openai,settings,"{""action"": ""set"", ""target"": ""llm_provider"", ""payload"": ""custom""}"
Naplánuj llm_provider openai,settings,"{""action"": ""set"", ""target"": ""llm_provider"", ""payload"": ""openrouter""}"
Aktualizuj llm_provider na custom,settings,"{""action"": ""set"", ""target"": ""llm_provider"", ""payload"": ""openai""}"
Zet llm_provider op lmstudio,settings,"{""action"": ""set"", ""target"": ""llm_provider"", ""payload"": ""lmstudio""}"
Maak llm_provider: openrouter,settings,"{""action"": ""set"", ""target"": ""llm_provider"", ""payload"": ""openrouter""}"
Voeg llm_provider openai toe,settings,"{""action"": ""set"", ""target"": ""llm_provider"", ""payload"": ""openai""}"
Plan llm_provider openai,settings,"{""action"": ""set"", ""target"": ""llm_provider"", ""payload"": ""custom""}"
Werk llm_provider bij naar lmstudio,settings,"{""action"": ""set"", ""target"": ""llm_provider"", ""payload"": ""custom""}"
Set llm_provider to custom,settings,"{""action"": ""set"", ""target"": ""llm_provider"", ""payload"": ""openai""}"
Create llm_provider: lmstudio,settings,"{""action"": ""set"", ""target"": ""llm_provider"", ""payload"": ""openai""}"
Add llm_provider lmstudio,settings,"{""action"": ""set"", ""target"": ""llm_provider"", ""payload"": ""lmstudio""}"
Schedule llm_provider openai,settings,"{""action"": ""set"", ""target"": ""llm_provider"", ""payload"": ""openrouter""}"
Update llm_provider to custom,settings,"{""action"": ""set"", ""target"": ""llm_provider"", ""payload"": ""lmstudio""}"
Définir llm_provider à openai,settings,"{""action"": ""set"", ""target"": ""llm_provider"", ""payload"": ""custom""}"
Créer llm_provider: custom,settings,"{""action"": ""set"", ""target"": ""llm_provider"", ""payload"": ""openai""}"
Ajouter llm_provider openrouter,settings,"{""action"": ""set"", ""target"": ""llm_provider"", ""payload"": ""openrouter""}"
Planifier llm_provider openai,settings,"{""action"": ""set"", ""target"": ""llm_provider"", ""payload"": ""openrouter""}"
Mettre à jour llm_provider en custom,settings,"{""action"": ""set"", ""target"": ""llm_provider"", ""payload"": ""openai""}"
Setze llm_provider auf lmstudio,settings,"{""action"": ""set"", ""target"": ""llm_provider"", ""payload"": ""openai""}"
Erstelle llm_provider: openrouter,settings,"{""action"": ""set"", ""target"": ""llm_provider"", ""payload"": ""custom""}"
Füge llm_provider custom hinzu,settings,"{""action"": ""set"", ""target"": ""llm_provider"", ""payload"": ""lmstudio""}"
Plane llm_provider openai,settings,"{""action"": ""set"", ""target"": ""llm_provider"", ""payload"": ""openrouter""}"
Aktualisiere llm_provider zu lmstudio,settings,"{""action"": ""set"", ""target"": ""llm_provider"", ""payload"": ""openai""}"
Όρισε llm_provider σε openrouter,settings,"{""action"": ""set"", ""target"": ""llm_provider"", ""payload"": ""openrouter""}"
Δημιούργησε llm_provider: custom,settings,"{""action"": ""set"", ""target"": ""llm_provider"", ""payload"": ""custom""}"
Πρόσθεσε llm_provider custom,settings,"{""action"": ""set"", ""target"": ""llm_provider"", ""payload"": ""openrouter""}"
Προγραμμάτισε llm_provider openai,settings,"{""action"": ""set"", ""target"": ""llm_provider"", ""payload"": ""openai""}"
Ενημέρωσε llm_provider σε openai,settings,"{""action"": ""set"", ""target"": ""llm_provider"", ""payload"": ""lmstudio""}"
הגדר llm_provider כ-lmstudio,settings,"{""action"": ""set"", ""target"": ""llm_provider"", ""payload"": ""custom""}"
צור llm_provider: custom,settings,"{""action"": ""set"", ""target"": ""llm_provider"", ""payload"": ""openai""}"
הוסף llm_provider custom,settings,"{""action"": ""set"", ""target"": ""llm_provider"", ""payload"": ""openai""}"
תזמן llm_provider openai,settings,"{""action"": ""set"", ""target"": ""llm_provider"", ""payload"": ""lmstudio""}"
עדכן llm_provider ל-openai,settings,"{""action"": ""set"", ""target"": ""llm_provider"", ""payload"": ""custom""}"
llm_provider को openai सेट करो,settings,"{""action"": ""set"", ""target"": ""llm_provider"", ""payload"": ""custom""}"
llm_provider बनाओ: openai,settings,"{""action"": ""set"", ""target"": ""llm_provider"", ""payload"": ""openrouter""}"
llm_provider में lmstudio जोड़ो,settings,"{""action"": ""set"", ""target"": ""llm_provider"", ""payload"": ""lmstudio""}"
llm_provider को openai शेड्यूल करो,settings,"{""action"": ""set"", ""target"": ""llm_provider"", ""payload"": ""custom""}"
llm_provider को openai अपडेट करो,settings,"{""action"": ""set"", ""target"": ""llm_provider"", ""payload"": ""lmstudio""}"
Állítsd be llm_provider-et custom-re,settings,"{""action"": ""set"", ""target"": ""llm_provider"", ""payload"": ""openrouter""}"
Hozd létre llm_provider: openrouter,settings,"{""action"": ""set"", ""target"": ""llm_provider"", ""payload"": ""custom""}"
Adj hozzá llm_provider openai,settings,"{""action"": ""set"", ""target"": ""llm_provider"", ""payload"": ""lmstudio""}"
Ütemezd llm_provider custom,settings,"{""action"": ""set"", ""target"": ""llm_provider"", ""payload"": ""openai""}"
Frissítsd llm_provider custom-re,settings,"{""action"": ""set"", ""target"": ""llm_provider"", ""payload"": ""custom""}"
Atur llm_provider ke lmstudio,settings,"{""action"": ""set"", ""target"": ""llm_provider"", ""payload"": ""openrouter""}"
Buat llm_provider: openrouter,settings,"{""action"": ""set"", ""target"": ""llm_provider"", ""payload"": ""openrouter""}"
Tambah llm_provider openrouter,settings,"{""action"": ""set"", ""target"": ""llm_provider"", ""payload"": ""lmstudio""}"
Jadwalkan llm_provider openai,settings,"{""action"": ""set"", ""target"": ""llm_provider"", ""payload"": ""custom""}"
Perbarui llm_provider ke lmstudio,settings,"{""action"": ""set"", ""target"": ""llm_provider"", ""payload"": ""openrouter""}"
Imposta llm_provider a openrouter,settings,"{""action"": ""set"", ""target"": ""llm_provider"", ""payload"": ""lmstudio""}"
Crea llm_provider: custom,settings,"{""action"": ""set"", ""target"": ""llm_provider"", ""payload"": ""lmstudio""}"
Aggiungi llm_provider custom,settings,"{""action"": ""set"", ""target"": ""llm_provider"", ""payload"": ""lmstudio""}"
Pianifica llm_provider openai,settings,"{""action"": ""set"", ""target"": ""llm_provider"", ""payload"": ""openrouter""}"
Aggiorna llm_provider a openai,settings,"{""action"": ""set"", ""target"": ""llm_provider"", ""payload"": ""lmstudio""}"
llm_providerをopenaiに設定,settings,"{""action"": ""set"", ""target"": ""llm_provider"", ""payload"": ""custom""}"
llm_providerを作成: lmstudio,settings,"{""action"": ""set"", ""target"": ""llm_provider"", ""payload"": ""custom""}"
llm_providerにopenaiを追加,settings,"{""action"": ""set"", ""target"": ""llm_provider"", ""payload"": ""openrouter""}"
llm_providerをlmstudioにスケジュール,settings,"{""action"": ""set"", ""target"": ""llm_provider"", ""payload"": ""custom""}"
llm_providerをopenaiに更新,settings,"{""action"": ""set"", ""target"": ""llm_provider"", ""payload"": ""lmstudio""}"
llm_provider를 openrouter로 설정,settings,"{""action"": ""set"", ""target"": ""llm_provider"", ""payload"": ""lmstudio""}"
llm_provider 만들기: openrouter,settings,"{""action"": ""set"", ""target"": ""llm_provider"", ""payload"": ""openai""}"
llm_provider에 custom 추가,settings,"{""action"": ""set"", ""target"": ""llm_provider"", ""payload"": ""lmstudio""}"
llm_provider를 lmstudio로 예약,settings,"{""action"": ""set"", ""target"": ""llm_provider"", ""payload"": ""custom""}"
llm_provider를 lmstudio로 업데이트,settings,"{""action"": ""set"", ""target"": ""llm_provider"", ""payload"": ""lmstudio""}"
llm_provider lmstudio वर सेट करा,settings,"{""action"": ""set"", ""target"": ""llm_provider"", ""payload"": ""lmstudio""}"
llm_provider तयार करा: custom,settings,"{""action"": ""set"", ""target"": ""llm_provider"", ""payload"": ""openai""}"
llm_provider मध्ये lmstudio जोडा,settings,"{""action"": ""set"", ""target"": ""llm_provider"", ""payload"": ""custom""}"
llm_provider openai शेड्यूल करा,settings,"{""action"": ""set"", ""target"": ""llm_provider"", ""payload"": ""custom""}"
llm_provider openrouter वर अपडेट करा,settings,"{""action"": ""set"", ""target"": ""llm_provider"", ""payload"": ""openai""}"
llm_provider را روی openai تنظیم کن,settings,"{""action"": ""set"", ""target"": ""llm_provider"", ""payload"": ""openrouter""}"
llm_provider را بساز: openai,settings,"{""action"": ""set"", ""target"": ""llm_provider"", ""payload"": ""openai""}"
llm_provider اضافه کن openrouter,settings,"{""action"": ""set"", ""target"": ""llm_provider"", ""payload"": ""custom""}"
llm_provider را برنامه‌ریزی کن lmstudio,settings,"{""action"": ""set"", ""target"": ""llm_provider"", ""payload"": ""openai""}"
llm_provider را به custom به‌روز کن,settings,"{""action"": ""set"", ""target"": ""llm_provider"", ""payload"": ""custom""}"
Ustaw llm_provider na openrouter,settings,"{""action"": ""set"", ""target"": ""llm_provider"", ""payload"": ""custom""}"
Utwórz llm_provider: openrouter,settings,"{""action"": ""set"", ""target"": ""llm_provider"", ""payload"": ""custom""}"
Dodaj llm_provider lmstudio,settings,"{""action"": ""set"", ""target"": ""llm_provider"", ""payload"": ""custom""}"
Zaplanuj llm_provider custom,settings,"{""action"": ""set"", ""target"": ""llm_provider"", ""payload"": ""custom""}"
Zaktualizuj llm_provider do openrouter,settings,"{""action"": ""set"", ""target"": ""llm_provider"", ""payload"": ""openai""}"
Defina llm_provider como openrouter,settings,"{""action"": ""set"", ""target"": ""llm_provider"", ""payload"": ""lmstudio""}"
Crie llm_provider: openrouter,settings,"{""action"": ""set"", ""target"": ""llm_provider"", ""payload"": ""openai""}"
Adicione llm_provider lmstudio,settings,"{""action"": ""set"", ""target"": ""llm_provider"", ""payload"": ""openai""}"
Agende llm_provider openai,settings,"{""action"": ""set"", ""target"": ""llm_provider"", ""payload"": ""lmstudio""}"
Atualize llm_provider para openai,settings,"{""action"": ""set"", ""target"": ""llm_provider"", ""payload"": ""openrouter""}"
Setează llm_provider la openai,settings,"{""action"": ""set"", ""target"": ""llm_provider"", ""payload"": ""custom""}"
Creează llm_provider: openrouter,settings,"{""action"": ""set"", ""target"": ""llm_provider"", ""payload"": ""openai""}"
Adaugă llm_provider custom,settings,"{""action"": ""set"", ""target"": ""llm_provider"", ""payload"": ""openrouter""}"
Programează llm_provider lmstudio,settings,"{""action"": ""set"", ""target"": ""llm_provider"", ""payload"": ""openrouter""}"
Actualizează llm_provider la lmstudio,settings,"{""action"": ""set"", ""target"": ""llm_provider"", ""payload"": ""openrouter""}"
Установи llm_provider на custom,settings,"{""action"": ""set"", ""target"": ""llm_provider"", ""payload"": ""lmstudio""}"
Создай llm_provider: openrouter,settings,"{""action"": ""set"", ""target"": ""llm_provider"", ""payload"": ""lmstudio""}"
Добавь llm_provider openai,settings,"{""action"": ""set"", ""target"": ""llm_provider"", ""payload"": ""openrouter""}"
Запланируй llm_provider openrouter,settings,"{""action"": ""set"", ""target"": ""llm_provider"", ""payload"": ""custom""}"
Обнови llm_provider до custom,settings,"{""action"": ""set"", ""target"": ""llm_provider"", ""payload"": ""custom""}"
Establece llm_provider a lmstudio,settings,"{""action"": ""set"", ""target"": ""llm_provider"", ""payload"": ""openrouter""}"
Crea llm_provider: lmstudio,settings,"{""action"": ""set"", ""target"": ""llm_provider"", ""payload"": ""openrouter""}"
Añade llm_provider custom,settings,"{""action"": ""set"", ""target"": ""llm_provider"", ""payload"": ""lmstudio""}"
Programa llm_provider openai,settings,"{""action"": ""set"", ""target"": ""llm_provider"", ""payload"": ""openai""}"
Actualiza llm_provider a openrouter,settings,"{""action"": ""set"", ""target"": ""llm_provider"", ""payload"": ""lmstudio""}"
Weka llm_provider kuwa lmstudio,settings,"{""action"": ""set"", ""target"": ""llm_provider"", ""payload"": ""openrouter""}"
Unda llm_provider: openrouter,settings,"{""action"": ""set"", ""target"": ""llm_provider"", ""payload"": ""custom""}"
Ongeza llm_provider openrouter,settings,"{""action"": ""set"", ""target"": ""llm_provider"", ""payload"": ""custom""}"
Panga llm_provider lmstudio,settings,"{""action"": ""set"", ""target"": ""llm_provider"", ""payload"": ""openai""}"
Sasisha llm_provider kuwa openai,settings,"{""action"": ""set"", ""target"": ""llm_provider"", ""payload"": ""custom""}"
llm_provider ஐ openrouter ஆக அமை,settings,"{""action"": ""set"", ""target"": ""llm_provider"", ""payload"": ""openrouter""}"
llm_provider உருவாக்கு: openai,settings,"{""action"": ""set"", ""target"": ""llm_provider"", ""payload"": ""openai""}"
llm_provider சேர் custom,settings,"{""action"": ""set"", ""target"": ""llm_provider"", ""payload"": ""custom""}"
llm_provider திட்டமிடு lmstudio,settings,"{""action"": ""set"", ""target"": ""llm_provider"", ""payload"": ""openai""}"
llm_provider ஐ openrouter ஆக புதுப்பி,settings,"{""action"": ""set"", ""target"": ""llm_provider"", ""payload"": ""lmstudio""}"
llm_provider ని custom గా సెట్ చేయి,settings,"{""action"": ""set"", ""target"": ""llm_provider"", ""payload"": ""custom""}"
llm_provider సృష్టించు: lmstudio,settings,"{""action"": ""set"", ""target"": ""llm_provider"", ""payload"": ""openai""}"
llm_provider చేర్చు lmstudio,settings,"{""action"": ""set"", ""target"": ""llm_provider"", ""payload"": ""openrouter""}"
llm_provider షెడ్యూల్ చేయి lmstudio,settings,"{""action"": ""set"", ""target"": ""llm_provider"", ""payload"": ""openai""}"
llm_provider ని custom గా అప్‌డేట్ చేయి,settings,"{""action"": ""set"", ""target"": ""llm_provider"", ""payload"": ""custom""}"
ตั้ง llm_provider เป็น custom,settings,"{""action"": ""set"", ""target"": ""llm_provider"", ""payload"": ""custom""}"
สร้าง llm_provider: lmstudio,settings,"{""action"": ""set"", ""target"": ""llm_provider"", ""payload"": ""custom""}"
เพิ่ม llm_provider openrouter,settings,"{""action"": ""set"", ""target"": ""llm_provider"", ""payload"": ""custom""}"
กำหนดเวลา llm_provider lmstudio,settings,"{""action"": ""set"", ""target"": ""llm_provider"", ""payload"": ""openai""}"
อัปเดต llm_provider เป็น custom,settings,"{""action"": ""set"", ""target"": ""llm_provider"", ""payload"": ""custom""}"
llm_provider'i openrouter olarak ayarla,settings,"{""action"": ""set"", ""target"": ""llm_provider"", ""payload"": ""openrouter""}"
llm_provider oluştur: lmstudio,settings,"{""action"": ""set"", ""target"": ""llm_provider"", ""payload"": ""custom""}"
llm_provider'e openai ekle,settings,"{""action"": ""set"", ""target"": ""llm_provider"", ""payload"": ""openai""}"
llm_provider'i custom olarak planla,settings,"{""action"": ""set"", ""target"": ""llm_provider"", ""payload"": ""openrouter""}"
llm_provider'i lmstudio olarak güncelle,settings,"{""action"": ""set"", ""target"": ""llm_provider"", ""payload"": ""custom""}"
llm_provider کو custom پر سیٹ کرو,settings,"{""action"": ""set"", ""target"": ""llm_provider"", ""payload"": ""openrouter""}"
llm_provider بناؤ: custom,settings,"{""action"": ""set"", ""target"": ""llm_provider"", ""payload"": ""lmstudio""}"
llm_provider میں openai شامل کرو,settings,"{""action"": ""set"", ""target"": ""llm_provider"", ""payload"": ""openai""}"
llm_provider کو lmstudio شیڈول کرو,settings,"{""action"": ""set"", ""target"": ""llm_provider"", ""payload"": ""openai""}"
llm_provider کو custom اپ ڈیٹ کرو,settings,"{""action"": ""set"", ""target"": ""llm_provider"", ""payload"": ""lmstudio""}"
Đặt llm_provider thành openrouter,settings,"{""action"": ""set"", ""target"": ""llm_provider"", ""payload"": ""openrouter""}"
Tạo llm_provider: openrouter,settings,"{""action"": ""set"", ""target"": ""llm_provider"", ""payload"": ""openrouter""}"
Thêm llm_provider custom,settings,"{""action"": ""set"", ""target"": ""llm_provider"", ""payload"": ""custom""}"
Lên lịch llm_provider openrouter,settings,"{""action"": ""set"", ""target"": ""llm_provider"", ""payload"": ""custom""}"
Cập nhật llm_provider thành lmstudio,settings,"{""action"": ""set"", ""target"": ""llm_provider"", ""payload"": ""lmstudio""}"
عيّن llm_api_key إلى sk-test-123,settings,"{""action"": ""set"", ""target"": ""llm_api_key""}"
أنشئ llm_api_key: sk-or-xxx,settings,"{""action"": ""set"", ""target"": ""llm_api_key""}"
أضف llm_api_key sk-or-xxx,settings,"{""action"": ""set"", ""target"": ""llm_api_key"", ""payload"": ""sk-or-xxx""}"
جدول llm_api_key ,settings,"{""action"": ""set"", ""target"": ""llm_api_key""}"
حدّث llm_api_key إلى sk-test-123,settings,"{""action"": ""set"", ""target"": ""llm_api_key"", ""payload"": ""sk-or-xxx""}"
llm_api_key sk-or-xxx সেট করো,settings,"{""action"": ""set"", ""target"": ""llm_api_key"", ""payload"": ""sk-test-123""}"
llm_api_key তৈরি করো: sk-or-xxx,settings,"{""action"": ""set"", ""target"": ""llm_api_key"", ""payload"": ""sk-or-xxx""}"
llm_api_key যোগ করো sk-test-123,settings,"{""action"": ""set"", ""target"": ""llm_api_key""}"
llm_api_key sk-test-123 শিডিউল করো,settings,"{""action"": ""set"", ""target"": ""llm_api_key"", ""payload"": ""sk-test-123""}"
llm_api_key  আপডেট করো,settings,"{""action"": ""set"", ""target"": ""llm_api_key""}"
设置llm_api_key为sk-test-123,settings,"{""action"": ""set"", ""target"": ""llm_api_key""}"
创建llm_api_key: sk-test-123,settings,"{""action"": ""set"", ""target"": ""llm_api_key""}"
添加llm_api_key sk-test-123,settings,"{""action"": ""set"", ""target"": ""llm_api_key"", ""payload"": ""sk-test-123""}"
安排llm_api_key sk-or-xxx,settings,"{""action"": ""set"", ""target"": ""llm_api_key"", ""payload"": ""sk-or-xxx""}"
更新llm_api_key为sk-or-xxx,settings,"{""action"": ""set"", ""target"": ""llm_api_key"", ""payload"": ""sk-or-xxx""}"
Nastav llm_api_key na ,settings,"{""action"": ""set"", ""target"": ""llm_api_key""}"
Vytvoř llm_api_key: sk-test-123,settings,"{""action"": ""set"", ""target"": ""llm_api_key""}"
Přidej llm_api_key sk-or-xxx,settings,"{""action"": ""set"", ""target"": ""llm_api_key"", ""payload"": ""sk-test-123""}"
Naplánuj llm_api_key ,settings,"{""action"": ""set"", ""target"": ""llm_api_key"", ""payload"": ""sk-or-xxx""}"
Aktualizuj llm_api_key na sk-or-xxx,settings,"{""action"": ""set"", ""target"": ""llm_api_key"", ""payload"": ""sk-test-123""}"
Zet llm_api_key op sk-or-xxx,settings,"{""action"": ""set"", ""target"": ""llm_api_key"", ""payload"": ""sk-or-xxx""}"
Maak llm_api_key: sk-or-xxx,settings,"{""action"": ""set"", ""target"": ""llm_api_key""}"
Voeg llm_api_key sk-test-123 toe,settings,"{""action"": ""set"", ""target"": ""llm_api_key"", ""payload"": ""sk-test-123""}"
Plan llm_api_key ,settings,"{""action"": ""set"", ""target"": ""llm_api_key"", ""payload"": ""sk-test-123""}"
Werk llm_api_key bij naar ,settings,"{""action"": ""set"", ""target"": ""llm_api_key""}"
Set llm_api_key to ,settings,"{""action"": ""set"", ""target"": ""llm_api_key""}"
Create llm_api_key: sk-test-123,settings,"{""action"": ""set"", ""target"": ""llm_api_key"", ""payload"": ""sk-test-123""}"
Add llm_api_key ,settings,"{""action"": ""set"", ""target"": ""llm_api_key""}"
Schedule llm_api_key sk-test-123,settings,"{""action"": ""set"", ""target"": ""llm_api_key""}"
Update llm_api_key to ,settings,"{""action"": ""set"", ""target"": ""llm_api_key""}"
Définir llm_api_key à ,settings,"{""action"": ""set"", ""target"": ""llm_api_key"", ""payload"": ""sk-test-123""}"
Créer llm_api_key: sk-test-123,settings,"{""action"": ""set"", ""target"": ""llm_api_key"", ""payload"": ""sk-or-xxx""}"
Ajouter llm_api_key sk-or-xxx,settings,"{""action"": ""set"", ""target"": ""llm_api_key"", ""payload"": ""sk-or-xxx""}"
Planifier llm_api_key sk-or-xxx,settings,"{""action"": ""set"", ""target"": ""llm_api_key"", ""payload"": ""sk-or-xxx""}"
Mettre à jour llm_api_key en sk-or-xxx,settings,"{""action"": ""set"", ""target"": ""llm_api_key"", ""payload"": ""sk-or-xxx""}"
Setze llm_api_key auf ,settings,"{""action"": ""set"", ""target"": ""llm_api_key"", ""payload"": ""sk-or-xxx""}"
Erstelle llm_api_key: sk-or-xxx,settings,"{""action"": ""set"", ""target"": ""llm_api_key"", ""payload"": ""sk-or-xxx""}"
Füge llm_api_key sk-test-123 hinzu,settings,"{""action"": ""set"", ""target"": ""llm_api_key""}"
Plane llm_api_key sk-or-xxx,settings,"{""action"": ""set"", ""target"": ""llm_api_key""}"
Aktualisiere llm_api_key zu sk-or-xxx,settings,"{""action"": ""set"", ""target"": ""llm_api_key"", ""payload"": ""sk-test-123""}"
Όρισε llm_api_key σε ,settings,"{""action"": ""set"", ""target"": ""llm_api_key""}"
Δημιούργησε llm_api_key: sk-or-xxx,settings,"{""action"": ""set"", ""target"": ""llm_api_key"", ""payload"": ""sk-or-xxx""}"
Πρόσθεσε llm_api_key sk-test-123,settings,"{""action"": ""set"", ""target"": ""llm_api_key"", ""payload"": ""sk-test-123""}"
Προγραμμάτισε llm_api_key sk-or-xxx,settings,"{""action"": ""set"", ""target"": ""llm_api_key"", ""payload"": ""sk-test-123""}"
Ενημέρωσε llm_api_key σε sk-test-123,settings,"{""action"": ""set"", ""target"": ""llm_api_key"", ""payload"": ""sk-or-xxx""}"
הגדר llm_api_key כ-sk-or-xxx,settings,"{""action"": ""set"", ""target"": ""llm_api_key"", ""payload"": ""sk-or-xxx""}"
צור llm_api_key: sk-or-xxx,settings,"{""action"": ""set"", ""target"": ""llm_api_key""}"
הוסף llm_api_key ,settings,"{""action"": ""set"", ""target"": ""llm_api_key"", ""payload"": ""sk-test-123""}"
תזמן llm_api_key sk-test-123,settings,"{""action"": ""set"", ""target"": ""llm_api_key"", ""payload"": ""sk-test-123""}"
עדכן llm_api_key ל-sk-or-xxx,settings,"{""action"": ""set"", ""target"": ""llm_api_key"", ""payload"": ""sk-test-123""}"
llm_api_key को  सेट करो,settings,"{""action"": ""set"", ""target"": ""llm_api_key"", ""payload"": ""sk-or-xxx""}"
llm_api_key बनाओ: sk-or-xxx,settings,"{""action"": ""set"", ""target"": ""llm_api_key"", ""payload"": ""sk-test-123""}"
llm_api_key में  जोड़ो,settings,"{""action"": ""set"", ""target"": ""llm_api_key"", ""payload"": ""sk-test-123""}"
llm_api_key को sk-or-xxx शेड्यूल करो,settings,"{""action"": ""set"", ""target"": ""llm_api_key"", ""payload"": ""sk-test-123""}"
llm_api_key को sk-or-xxx अपडेट करो,settings,"{""action"": ""set"", ""target"": ""llm_api_key"", ""payload"": ""sk-or-xxx""}"
Állítsd be llm_api_key-et -re,settings,"{""action"": ""set"", ""target"": ""llm_api_key""}"
Hozd létre llm_api_key: sk-test-123,settings,"{""action"": ""set"", ""target"": ""llm_api_key"", ""payload"": ""sk-test-123""}"
Adj hozzá llm_api_key sk-test-123,settings,"{""action"": ""set"", ""target"": ""llm_api_key""}"
Ütemezd llm_api_key ,settings,"{""action"": ""set"", ""target"": ""llm_api_key""}"
Frissítsd llm_api_key -re,settings,"{""action"": ""set"", ""target"": ""llm_api_key""}"
Atur llm_api_key ke sk-test-123,settings,"{""action"": ""set"", ""target"": ""llm_api_key"", ""payload"": ""sk-or-xxx""}"
Buat llm_api_key: sk-test-123,settings,"{""action"": ""set"", ""target"": ""llm_api_key"", ""payload"": ""sk-test-123""}"
Tambah llm_api_key sk-test-123,settings,"{""action"": ""set"", ""target"": ""llm_api_key""}"
Jadwalkan llm_api_key ,settings,"{""action"": ""set"", ""target"": ""llm_api_key""}"
Perbarui llm_api_key ke ,settings,"{""action"": ""set"", ""target"": ""llm_api_key""}"
Imposta llm_api_key a sk-test-123,settings,"{""action"": ""set"", ""target"": ""llm_api_key"", ""payload"": ""sk-or-xxx""}"
Crea llm_api_key: ,settings,"{""action"": ""set"", ""target"": ""llm_api_key"", ""payload"": ""sk-or-xxx""}"
Aggiungi llm_api_key ,settings,"{""action"": ""set"", ""target"": ""llm_api_key"", ""payload"": ""sk-or-xxx""}"
Pianifica llm_api_key sk-test-123,settings,"{""action"": ""set"", ""target"": ""llm_api_key""}"
Aggiorna llm_api_key a sk-test-123,settings,"{""action"": ""set"", ""target"": ""llm_api_key""}"
llm_api_keyをsk-or-xxxに設定,settings,"{""action"": ""set"", ""target"": ""llm_api_key"", ""payload"": ""sk-test-123""}"
llm_api_keyを作成: ,settings,"{""action"": ""set"", ""target"": ""llm_api_key"", ""payload"": ""sk-test-123""}"
llm_api_keyにsk-test-123を追加,settings,"{""action"": ""set"", ""target"": ""llm_api_key"", ""payload"": ""sk-or-xxx""}"
llm_api_keyをsk-test-123にスケジュール,settings,"{""action"": ""set"", ""target"": ""llm_api_key""}"
llm_api_keyをに更新,settings,"{""action"": ""set"", ""target"": ""llm_api_key"", ""payload"": ""sk-test-123""}"
llm_api_key를 sk-test-123로 설정,settings,"{""action"": ""set"", ""target"": ""llm_api_key""}"
llm_api_key 만들기: sk-test-123,settings,"{""action"": ""set"", ""target"": ""llm_api_key"", ""payload"": ""sk-or-xxx""}"
llm_api_key에 sk-or-xxx 추가,settings,"{""action"": ""set"", ""target"": ""llm_api_key"", ""payload"": ""sk-test-123""}"
llm_api_key를 로 예약,settings,"{""action"": ""set"", ""target"": ""llm_api_key"", ""payload"": ""sk-or-xxx""}"
llm_api_key를 sk-test-123로 업데이트,settings,"{""action"": ""set"", ""target"": ""llm_api_key"", ""payload"": ""sk-test-123""}"
llm_api_key sk-test-123 वर सेट करा,settings,"{""action"": ""set"", ""target"": ""llm_api_key"", ""payload"": ""sk-or-xxx""}"
llm_api_key तयार करा: ,settings,"{""action"": ""set"", ""target"": ""llm_api_key"", ""payload"": ""sk-or-xxx""}"
llm_api_key मध्ये  जोडा,settings,"{""action"": ""set"", ""target"": ""llm_api_key""}"
llm_api_key sk-test-123 शेड्यूल करा,settings,"{""action"": ""set"", ""target"": ""llm_api_key""}"
llm_api_key  वर अपडेट करा,settings,"{""action"": ""set"", ""target"": ""llm_api_key""}"
llm_api_key را روی sk-test-123 تنظیم کن,settings,"{""action"": ""set"", ""target"": ""llm_api_key"", ""payload"": ""sk-or-xxx""}"
llm_api_key را بساز: sk-test-123,settings,"{""action"": ""set"", ""target"": ""llm_api_key""}"
llm_api_key اضافه کن ,settings,"{""action"": ""set"", ""target"": ""llm_api_key"", ""payload"": ""sk-test-123""}"
llm_api_key را برنامه‌ریزی کن sk-test-123,settings,"{""action"": ""set"", ""target"": ""llm_api_key""}"
llm_api_key را به  به‌روز کن,settings,"{""action"": ""set"", ""target"": ""llm_api_key""}"
Ustaw llm_api_key na sk-test-123,settings,"{""action"": ""set"", ""target"": ""llm_api_key"", ""payload"": ""sk-test-123""}"
Utwórz llm_api_key: sk-or-xxx,settings,"{""action"": ""set"", ""target"": ""llm_api_key""}"
Dodaj llm_api_key sk-or-xxx,settings,"{""action"": ""set"", ""target"": ""llm_api_key"", ""payload"": ""sk-test-123""}"
Zaplanuj llm_api_key ,settings,"{""action"": ""set"", ""target"": ""llm_api_key""}"
Zaktualizuj llm_api_key do sk-or-xxx,settings,"{""action"": ""set"", ""target"": ""llm_api_key""}"
Defina llm_api_key como sk-test-123,settings,"{""action"": ""set"", ""target"": ""llm_api_key"", ""payload"": ""sk-or-xxx""}"
Crie llm_api_key: sk-or-xxx,settings,"{""action"": ""set"", ""target"": ""llm_api_key"", ""payload"": ""sk-or-xxx""}"
Adicione llm_api_key sk-or-xxx,settings,"{""action"": ""set"", ""target"": ""llm_api_key""}"
Agende llm_api_key sk-test-123,settings,"{""action"": ""set"", ""target"": ""llm_api_key"", ""payload"": ""sk-or-xxx""}"
Atualize llm_api_key para sk-test-123,settings,"{""action"": ""set"", ""target"": ""llm_api_key"", ""payload"": ""sk-test-123""}"
Setează llm_api_key la sk-test-123,settings,"{""action"": ""set"", ""target"": ""llm_api_key"", ""payload"": ""sk-or-xxx""}"
Creează llm_api_key: sk-or-xxx,settings,"{""action"": ""set"", ""target"": ""llm_api_key""}"
Adaugă llm_api_key sk-or-xxx,settings,"{""action"": ""set"", ""target"": ""llm_api_key"", ""payload"": ""sk-or-xxx""}"
Programează llm_api_key sk-test-123,settings,"{""action"": ""set"", ""target"": ""llm_api_key"", ""payload"": ""sk-test-123""}"
Actualizează llm_api_key la sk-test-123,settings,"{""action"": ""set"", ""target"": ""llm_api_key""}"
Установи llm_api_key на sk-or-xxx,settings,"{""action"": ""set"", ""target"": ""llm_api_key"", ""payload"": ""sk-or-xxx""}"
Создай llm_api_key: ,settings,"{""action"": ""set"", ""target"": ""llm_api_key"", ""payload"": ""sk-or-xxx""}"
Добавь llm_api_key sk-or-xxx,settings,"{""action"": ""set"", ""target"": ""llm_api_key"", ""payload"": ""sk-test-123""}"
Запланируй llm_api_key sk-test-123,settings,"{""action"": ""set"", ""target"": ""llm_api_key"", ""payload"": ""sk-or-xxx""}"
Обнови llm_api_key до ,settings,"{""action"": ""set"", ""target"": ""llm_api_key"", ""payload"": ""sk-or-xxx""}"
Establece llm_api_key a sk-or-xxx,settings,"{""action"": ""set"", ""target"": ""llm_api_key""}"
Crea llm_api_key: sk-or-xxx,settings,"{""action"": ""set"", ""target"": ""llm_api_key"", ""payload"": ""sk-test-123""}"
Añade llm_api_key sk-test-123,settings,"{""action"": ""set"", ""target"": ""llm_api_key"", ""payload"": ""sk-test-123""}"
Programa llm_api_key sk-test-123,settings,"{""action"": ""set"", ""target"": ""llm_api_key"", ""payload"": ""sk-or-xxx""}"
Actualiza llm_api_key a ,settings,"{""action"": ""set"", ""target"": ""llm_api_key"", ""payload"": ""sk-test-123""}"
Weka llm_api_key kuwa sk-or-xxx,settings,"{""action"": ""set"", ""target"": ""llm_api_key""}"
Unda llm_api_key: ,settings,"{""action"": ""set"", ""target"": ""llm_api_key""}"
Ongeza llm_api_key ,settings,"{""action"": ""set"", ""target"": ""llm_api_key"", ""payload"": ""sk-or-xxx""}"
Panga llm_api_key ,settings,"{""action"": ""set"", ""target"": ""llm_api_key"", ""payload"": ""sk-or-xxx""}"
Sasisha llm_api_key kuwa sk-test-123,settings,"{""action"": ""set"", ""target"": ""llm_api_key"", ""payload"": ""sk-test-123""}"
llm_api_key ஐ sk-or-xxx ஆக அமை,settings,"{""action"": ""set"", ""target"": ""llm_api_key"", ""payload"": ""sk-or-xxx""}"
llm_api_key உருவாக்கு: ,settings,"{""action"": ""set"", ""target"": ""llm_api_key""}"
llm_api_key சேர் sk-or-xxx,settings,"{""action"": ""set"", ""target"": ""llm_api_key""}"
llm_api_key திட்டமிடு sk-or-xxx,settings,"{""action"": ""set"", ""target"": ""llm_api_key""}"
llm_api_key ஐ sk-or-xxx ஆக புதுப்பி,settings,"{""action"": ""set"", ""target"": ""llm_api_key"", ""payload"": ""sk-or-xxx""}"
llm_api_key ని  గా సెట్ చేయి,settings,"{""action"": ""set"", ""target"": ""llm_api_key"", ""payload"": ""sk-or-xxx""}"
llm_api_key సృష్టించు: sk-or-xxx,settings,"{""action"": ""set"", ""target"": ""llm_api_key"", ""payload"": ""sk-test-123""}"
llm_api_key చేర్చు sk-or-xxx,settings,"{""action"": ""set"", ""target"": ""llm_api_key""}"
llm_api_key షెడ్యూల్ చేయి sk-test-123,settings,"{""action"": ""set"", ""target"": ""llm_api_key""}"
llm_api_key ని sk-test-123 గా అప్‌డేట్ చేయి,settings,"{""action"": ""set"", ""target"": ""llm_api_key""}"
ตั้ง llm_api_key เป็น sk-test-123,settings,"{""action"": ""set"", ""target"": ""llm_api_key""}"
สร้าง llm_api_key: sk-or-xxx,settings,"{""action"": ""set"", ""target"": ""llm_api_key"", ""payload"": ""sk-or-xxx""}"
เพิ่ม llm_api_key ,settings,"{""action"": ""set"", ""target"": ""llm_api_key"", ""payload"": ""sk-test-123""}"
กำหนดเวลา llm_api_key sk-test-123,settings,"{""action"": ""set"", ""target"": ""llm_api_key"", ""payload"": ""sk-or-xxx""}"
อัปเดต llm_api_key เป็น sk-or-xxx,settings,"{""action"": ""set"", ""target"": ""llm_api_key"", ""payload"": ""sk-or-xxx""}"
llm_api_key'i sk-test-123 olarak ayarla,settings,"{""action"": ""set"", ""target"": ""llm_api_key"", ""payload"": ""sk-test-123""}"
llm_api_key oluştur: sk-or-xxx,settings,"{""action"": ""set"", ""target"": ""llm_api_key"", ""payload"": ""sk-or-xxx""}"
llm_api_key'e sk-test-123 ekle,settings,"{""action"": ""set"", ""target"": ""llm_api_key"", ""payload"": ""sk-test-123""}"
llm_api_key'i sk-test-123 olarak planla,settings,"{""action"": ""set"", ""target"": ""llm_api_key""}"
llm_api_key'i sk-or-xxx olarak güncelle,settings,"{""action"": ""set"", ""target"": ""llm_api_key"", ""payload"": ""sk-or-xxx""}"
llm_api_key کو sk-test-123 پر سیٹ کرو,settings,"{""action"": ""set"", ""target"": ""llm_api_key"", ""payload"": ""sk-test-123""}"
llm_api_key بناؤ: ,settings,"{""action"": ""set"", ""target"": ""llm_api_key"", ""payload"": ""sk-test-123""}"
llm_api_key میں sk-test-123 شامل کرو,settings,"{""action"": ""set"", ""target"": ""llm_api_key""}"
llm_api_key کو  شیڈول کرو,settings,"{""action"": ""set"", ""target"": ""llm_api_key"", ""payload"": ""sk-or-xxx""}"
llm_api_key کو sk-or-xxx اپ ڈیٹ کرو,settings,"{""action"": ""set"", ""target"": ""llm_api_key""}"
Đặt llm_api_key thành sk-test-123,settings,"{""action"": ""set"", ""target"": ""llm_api_key"", ""payload"": ""sk-or-xxx""}"
Tạo llm_api_key: sk-or-xxx,settings,"{""action"": ""set"", ""target"": ""llm_api_key"", ""payload"": ""sk-test-123""}"
Thêm llm_api_key sk-test-123,settings,"{""action"": ""set"", ""target"": ""llm_api_key"", ""payload"": ""sk-test-123""}"
Lên lịch llm_api_key sk-test-123,settings,"{""action"": ""set"", ""target"": ""llm_api_key""}"
Cập nhật llm_api_key thành ,settings,"{""action"": ""set"", ""target"": ""llm_api_key"", ""payload"": ""sk-test-123""}"
عيّن llm_model إلى anthropic/claude-3-haiku,settings,"{""action"": ""set"", ""target"": ""llm_model"", ""payload"": ""meta-llama/llama-3-70b""}"
أنشئ llm_model: openai/gpt-4o,settings,"{""action"": ""set"", ""target"": ""llm_model"", ""payload"": ""anthropic/claude-3-haiku""}"
أضف llm_model anthropic/claude-3-haiku,settings,"{""action"": ""set"", ""target"": ""llm_model"", ""payload"": ""anthropic/claude-3-haiku""}"
جدول llm_model google/gemma-3-270m-it,settings,"{""action"": ""set"", ""target"": ""llm_model"", ""payload"": ""google/gemma-3-270m-it""}"
حدّث llm_model إلى meta-llama/llama-3-70b,settings,"{""action"": ""set"", ""target"": ""llm_model"", ""payload"": ""openai/gpt-4o""}"
llm_model meta-llama/llama-3-70b সেট করো,settings,"{""action"": ""set"", ""target"": ""llm_model"", ""payload"": ""anthropic/claude-3-haiku""}"
llm_model তৈরি করো: meta-llama/llama-3-70b,settings,"{""action"": ""set"", ""target"": ""llm_model"", ""payload"": ""anthropic/claude-3-haiku""}"
llm_model যোগ করো openai/gpt-4o,settings,"{""action"": ""set"", ""target"": ""llm_model"", ""payload"": ""anthropic/claude-3-haiku""}"
llm_model google/gemma-3-270m-it শিডিউল করো,settings,"{""action"": ""set"", ""target"": ""llm_model"", ""payload"": ""meta-llama/llama-3-70b""}"
llm_model meta-llama/llama-3-70b আপডেট করো,settings,"{""action"": ""set"", ""target"": ""llm_model"", ""payload"": ""google/gemma-3-270m-it""}"
设置llm_model为google/gemma-3-270m-it,settings,"{""action"": ""set"", ""target"": ""llm_model"", ""payload"": ""google/gemma-3-270m-it""}"
创建llm_model: anthropic/claude-3-haiku,settings,"{""action"": ""set"", ""target"": ""llm_model"", ""payload"": ""google/gemma-3-270m-it""}"
添加llm_model openai/gpt-4o,settings,"{""action"": ""set"", ""target"": ""llm_model"", ""payload"": ""meta-llama/llama-3-70b""}"
安排llm_model meta-llama/llama-3-70b,settings,"{""action"": ""set"", ""target"": ""llm_model"", ""payload"": ""openai/gpt-4o""}"
更新llm_model为meta-llama/llama-3-70b,settings,"{""action"": ""set"", ""target"": ""llm_model"", ""payload"": ""google/gemma-3-270m-it""}"
Nastav llm_model na meta-llama/llama-3-70b,settings,"{""action"": ""set"", ""target"": ""llm_model"", ""payload"": ""openai/gpt-4o""}"
Vytvoř llm_model: google/gemma-3-270m-it,settings,"{""action"": ""set"", ""target"": ""llm_model"", ""payload"": ""anthropic/claude-3-haiku""}"
Přidej llm_model anthropic/claude-3-haiku,settings,"{""action"": ""set"", ""target"": ""llm_model"", ""payload"": ""google/gemma-3-270m-it""}"
Naplánuj llm_model meta-llama/llama-3-70b,settings,"{""action"": ""set"", ""target"": ""llm_model"", ""payload"": ""openai/gpt-4o""}"
Aktualizuj llm_model na google/gemma-3-270m-it,settings,"{""action"": ""set"", ""target"": ""llm_model"", ""payload"": ""openai/gpt-4o""}"
Zet llm_model op anthropic/claude-3-haiku,settings,"{""action"": ""set"", ""target"": ""llm_model"", ""payload"": ""google/gemma-3-270m-it""}"
Maak llm_model: google/gemma-3-270m-it,settings,"{""action"": ""set"", ""target"": ""llm_model"", ""payload"": ""openai/gpt-4o""}"
Voeg llm_model anthropic/claude-3-haiku toe,settings,"{""action"": ""set"", ""target"": ""llm_model"", ""payload"": ""anthropic/claude-3-haiku""}"
Plan llm_model google/gemma-3-270m-it,settings,"{""action"": ""set"", ""target"": ""llm_model"", ""payload"": ""openai/gpt-4o""}"
Werk llm_model bij naar google/gemma-3-270m-it,settings,"{""action"": ""set"", ""target"": ""llm_model"", ""payload"": ""meta-llama/llama-3-70b""}"
Set llm_model to anthropic/claude-3-haiku,settings,"{""action"": ""set"", ""target"": ""llm_model"", ""payload"": ""anthropic/claude-3-haiku""}"
Create llm_model: google/gemma-3-270m-it,settings,"{""action"": ""set"", ""target"": ""llm_model"", ""payload"": ""google/gemma-3-270m-it""}"
Add llm_model google/gemma-3-270m-it,settings,"{""action"": ""set"", ""target"": ""llm_model"", ""payload"": ""anthropic/claude-3-haiku""}"
Schedule llm_model anthropic/claude-3-haiku,settings,"{""action"": ""set"", ""target"": ""llm_model"", ""payload"": ""anthropic/claude-3-haiku""}"
Update llm_model to meta-llama/llama-3-70b,settings,"{""action"": ""set"", ""target"": ""llm_model"", ""payload"": ""google/gemma-3-270m-it""}"
Définir llm_model à anthropic/claude-3-haiku,settings,"{""action"": ""set"", ""target"": ""llm_model"", ""payload"": ""meta-llama/llama-3-70b""}"
Créer llm_model: google/gemma-3-270m-it,settings,"{""action"": ""set"", ""target"": ""llm_model"", ""payload"": ""openai/gpt-4o""}"
Ajouter llm_model openai/gpt-4o,settings,"{""action"": ""set"", ""target"": ""llm_model"", ""payload"": ""google/gemma-3-270m-it""}"
Planifier llm_model google/gemma-3-270m-it,settings,"{""action"": ""set"", ""target"": ""llm_model"", ""payload"": ""google/gemma-3-270m-it""}"
Mettre à jour llm_model en openai/gpt-4o,settings,"{""action"": ""set"", ""target"": ""llm_model"", ""payload"": ""meta-llama/llama-3-70b""}"
Setze llm_model auf openai/gpt-4o,settings,"{""action"": ""set"", ""target"": ""llm_model"", ""payload"": ""anthropic/claude-3-haiku""}"
Erstelle llm_model: google/gemma-3-270m-it,settings,"{""action"": ""set"", ""target"": ""llm_model"", ""payload"": ""openai/gpt-4o""}"
Füge llm_model google/gemma-3-270m-it hinzu,settings,"{""action"": ""set"", ""target"": ""llm_model"", ""payload"": ""meta-llama/llama-3-70b""}"
Plane llm_model anthropic/claude-3-haiku,settings,"{""action"": ""set"", ""target"": ""llm_model"", ""payload"": ""openai/gpt-4o""}"
Aktualisiere llm_model zu meta-llama/llama-3-70b,settings,"{""action"": ""set"", ""target"": ""llm_model"", ""payload"": ""meta-llama/llama-3-70b""}"
Όρισε llm_model σε anthropic/claude-3-haiku,settings,"{""action"": ""set"", ""target"": ""llm_model"", ""payload"": ""anthropic/claude-3-haiku""}"
Δημιούργησε llm_model: anthropic/claude-3-haiku,settings,"{""action"": ""set"", ""target"": ""llm_model"", ""payload"": ""meta-llama/llama-3-70b""}"
Πρόσθεσε llm_model openai/gpt-4o,settings,"{""action"": ""set"", ""target"": ""llm_model"", ""payload"": ""meta-llama/llama-3-70b""}"
Προγραμμάτισε llm_model openai/gpt-4o,settings,"{""action"": ""set"", ""target"": ""llm_model"", ""payload"": ""meta-llama/llama-3-70b""}"
Ενημέρωσε llm_model σε anthropic/claude-3-haiku,settings,"{""action"": ""set"", ""target"": ""llm_model"", ""payload"": ""google/gemma-3-270m-it""}"
הגדר llm_model כ-meta-llama/llama-3-70b,settings,"{""action"": ""set"", ""target"": ""llm_model"", ""payload"": ""meta-llama/llama-3-70b""}"
צור llm_model: google/gemma-3-270m-it,settings,"{""action"": ""set"", ""target"": ""llm_model"", ""payload"": ""meta-llama/llama-3-70b""}"
הוסף llm_model meta-llama/llama-3-70b,settings,"{""action"": ""set"", ""target"": ""llm_model"", ""payload"": ""meta-llama/llama-3-70b""}"
תזמן llm_model meta-llama/llama-3-70b,settings,"{""action"": ""set"", ""target"": ""llm_model"", ""payload"": ""meta-llama/llama-3-70b""}"
עדכן llm_model ל-openai/gpt-4o,settings,"{""action"": ""set"", ""target"": ""llm_model"", ""payload"": ""openai/gpt-4o""}"
llm_model को openai/gpt-4o सेट करो,settings,"{""action"": ""set"", ""target"": ""llm_model"", ""payload"": ""meta-llama/llama-3-70b""}"
llm_model बनाओ: meta-llama/llama-3-70b,settings,"{""action"": ""set"", ""target"": ""llm_model"", ""payload"": ""openai/gpt-4o""}"
llm_model में anthropic/claude-3-haiku जोड़ो,settings,"{""action"": ""set"", ""target"": ""llm_model"", ""payload"": ""openai/gpt-4o""}"
llm_model को meta-llama/llama-3-70b शेड्यूल करो,settings,"{""action"": ""set"", ""target"": ""llm_model"", ""payload"": ""meta-llama/llama-3-70b""}"
llm_model को anthropic/claude-3-haiku अपडेट करो,settings,"{""action"": ""set"", ""target"": ""llm_model"", ""payload"": ""openai/gpt-4o""}"
Állítsd be llm_model-et google/gemma-3-270m-it-re,settings,"{""action"": ""set"", ""target"": ""llm_model"", ""payload"": ""anthropic/claude-3-haiku""}"
Hozd létre llm_model: meta-llama/llama-3-70b,settings,"{""action"": ""set"", ""target"": ""llm_model"", ""payload"": ""anthropic/claude-3-haiku""}"
Adj hozzá llm_model anthropic/claude-3-haiku,settings,"{""action"": ""set"", ""target"": ""llm_model"", ""payload"": ""google/gemma-3-270m-it""}"
Ütemezd llm_model google/gemma-3-270m-it,settings,"{""action"": ""set"", ""target"": ""llm_model"", ""payload"": ""anthropic/claude-3-haiku""}"
Frissítsd llm_model openai/gpt-4o-re,settings,"{""action"": ""set"", ""target"": ""llm_model"", ""payload"": ""anthropic/claude-3-haiku""}"
Atur llm_model ke google/gemma-3-270m-it,settings,"{""action"": ""set"", ""target"": ""llm_model"", ""payload"": ""google/gemma-3-270m-it""}"
Buat llm_model: google/gemma-3-270m-it,settings,"{""action"": ""set"", ""target"": ""llm_model"", ""payload"": ""google/gemma-3-270m-it""}"
Tambah llm_model google/gemma-3-270m-it,settings,"{""action"": ""set"", ""target"": ""llm_model"", ""payload"": ""meta-llama/llama-3-70b""}"
Jadwalkan llm_model anthropic/claude-3-haiku,settings,"{""action"": ""set"", ""target"": ""llm_model"", ""payload"": ""openai/gpt-4o""}"
Perbarui llm_model ke openai/gpt-4o,settings,"{""action"": ""set"", ""target"": ""llm_model"", ""payload"": ""meta-llama/llama-3-70b""}"
Imposta llm_model a anthropic/claude-3-haiku,settings,"{""action"": ""set"", ""target"": ""llm_model"", ""payload"": ""google/gemma-3-270m-it""}"
Crea llm_model: google/gemma-3-270m-it,settings,"{""action"": ""set"", ""target"": ""llm_model"", ""payload"": ""openai/gpt-4o""}"
Aggiungi llm_model openai/gpt-4o,settings,"{""action"": ""set"", ""target"": ""llm_model"", ""payload"": ""meta-llama/llama-3-70b""}"
Pianifica llm_model anthropic/claude-3-haiku,settings,"{""action"": ""set"", ""target"": ""llm_model"", ""payload"": ""anthropic/claude-3-haiku""}"
Aggiorna llm_model a google/gemma-3-270m-it,settings,"{""action"": ""set"", ""target"": ""llm_model"", ""payload"": ""anthropic/claude-3-haiku""}"
llm_modelをanthropic/claude-3-haikuに設定,settings,"{""action"": ""set"", ""target"": ""llm_model"", ""payload"": ""meta-llama/llama-3-70b""}"
llm_modelを作成: meta-llama/llama-3-70b,settings,"{""action"": ""set"", ""target"": ""llm_model"", ""payload"": ""google/gemma-3-270m-it""}"
llm_modelにmeta-llama/llama-3-70bを追加,settings,"{""action"": ""set"", ""target"": ""llm_model"", ""payload"": ""google/gemma-3-270m-it""}"
llm_modelをmeta-llama/llama-3-70bにスケジュール,settings,"{""action"": ""set"", ""target"": ""llm_model"", ""payload"": ""meta-llama/llama-3-70b""}"
llm_modelをopenai/gpt-4oに更新,settings,"{""action"": ""set"", ""target"": ""llm_model"", ""payload"": ""openai/gpt-4o""}"
llm_model를 meta-llama/llama-3-70b로 설정,settings,"{""action"": ""set"", ""target"": ""llm_model"", ""payload"": ""meta-llama/llama-3-70b""}"
llm_model 만들기: meta-llama/llama-3-70b,settings,"{""action"": ""set"", ""target"": ""llm_model"", ""payload"": ""openai/gpt-4o""}"
llm_model에 google/gemma-3-270m-it 추가,settings,"{""action"": ""set"", ""target"": ""llm_model"", ""payload"": ""anthropic/claude-3-haiku""}"
llm_model를 meta-llama/llama-3-70b로 예약,settings,"{""action"": ""set"", ""target"": ""llm_model"", ""payload"": ""meta-llama/llama-3-70b""}"
llm_model를 openai/gpt-4o로 업데이트,settings,"{""action"": ""set"", ""target"": ""llm_model"", ""payload"": ""meta-llama/llama-3-70b""}"
llm_model google/gemma-3-270m-it वर सेट करा,settings,"{""action"": ""set"", ""target"": ""llm_model"", ""payload"": ""anthropic/claude-3-haiku""}"
llm_model तयार करा: meta-llama/llama-3-70b,settings,"{""action"": ""set"", ""target"": ""llm_model"", ""payload"": ""google/gemma-3-270m-it""}"
llm_model मध्ये anthropic/claude-3-haiku जोडा,settings,"{""action"": ""set"", ""target"": ""llm_model"", ""payload"": ""openai/gpt-4o""}"
llm_model anthropic/claude-3-haiku शेड्यूल करा,settings,"{""action"": ""set"", ""target"": ""llm_model"", ""payload"": ""google/gemma-3-270m-it""}"
llm_model anthropic/claude-3-haiku वर अपडेट करा,settings,"{""action"": ""set"", ""target"": ""llm_model"", ""payload"": ""anthropic/claude-3-haiku""}"
llm_model را روی openai/gpt-4o تنظیم کن,settings,"{""action"": ""set"", ""target"": ""llm_model"", ""payload"": ""anthropic/claude-3-haiku""}"
llm_model را بساز: openai/gpt-4o,settings,"{""action"": ""set"", ""target"": ""llm_model"", ""payload"": ""meta-llama/llama-3-70b""}"
llm_model اضافه کن anthropic/claude-3-haiku,settings,"{""action"": ""set"", ""target"": ""llm_model"", ""payload"": ""anthropic/claude-3-haiku""}"
llm_model را برنامه‌ریزی کن openai/gpt-4o,settings,"{""action"": ""set"", ""target"": ""llm_model"", ""payload"": ""anthropic/claude-3-haiku""}"
llm_model را به google/gemma-3-270m-it به‌روز کن,settings,"{""action"": ""set"", ""target"": ""llm_model"", ""payload"": ""openai/gpt-4o""}"
Ustaw llm_model na openai/gpt-4o,settings,"{""action"": ""set"", ""target"": ""llm_model"", ""payload"": ""meta-llama/llama-3-70b""}"
Utwórz llm_model: anthropic/claude-3-haiku,settings,"{""action"": ""set"", ""target"": ""llm_model"", ""payload"": ""google/gemma-3-270m-it""}"
Dodaj llm_model meta-llama/llama-3-70b,settings,"{""action"": ""set"", ""target"": ""llm_model"", ""payload"": ""anthropic/claude-3-haiku""}"
Zaplanuj llm_model meta-llama/llama-3-70b,settings,"{""action"": ""set"", ""target"": ""llm_model"", ""payload"": ""anthropic/claude-3-haiku""}"
Zaktualizuj llm_model do google/gemma-3-270m-it,settings,"{""action"": ""set"", ""target"": ""llm_model"", ""payload"": ""meta-llama/llama-3-70b""}"
Defina llm_model como openai/gpt-4o,settings,"{""action"": ""set"", ""target"": ""llm_model"", ""payload"": ""meta-llama/llama-3-70b""}"
Crie llm_model: anthropic/claude-3-haiku,settings,"{""action"": ""set"", ""target"": ""llm_model"", ""payload"": ""google/gemma-3-270m-it""}"
Adicione llm_model meta-llama/llama-3-70b,settings,"{""action"": ""set"", ""target"": ""llm_model"", ""payload"": ""google/gemma-3-270m-it""}"
Agende llm_model anthropic/claude-3-haiku,settings,"{""action"": ""set"", ""target"": ""llm_model"", ""payload"": ""anthropic/claude-3-haiku""}"
Atualize llm_model para anthropic/claude-3-haiku,settings,"{""action"": ""set"", ""target"": ""llm_model"", ""payload"": ""openai/gpt-4o""}"
Setează llm_model la google/gemma-3-270m-it,settings,"{""action"": ""set"", ""target"": ""llm_model"", ""payload"": ""openai/gpt-4o""}"
Creează llm_model: openai/gpt-4o,settings,"{""action"": ""set"", ""target"": ""llm_model"", ""payload"": ""google/gemma-3-270m-it""}"
Adaugă llm_model anthropic/claude-3-haiku,settings,"{""action"": ""set"", ""target"": ""llm_model"", ""payload"": ""openai/gpt-4o""}"
Programează llm_model google/gemma-3-270m-it,settings,"{""action"": ""set"", ""target"": ""llm_model"", ""payload"": ""meta-llama/llama-3-70b""}"
Actualizează llm_model la openai/gpt-4o,settings,"{""action"": ""set"", ""target"": ""llm_model"", ""payload"": ""anthropic/claude-3-haiku""}"
Установи llm_model на google/gemma-3-270m-it,settings,"{""action"": ""set"", ""target"": ""llm_model"", ""payload"": ""openai/gpt-4o""}"
Создай llm_model: anthropic/claude-3-haiku,settings,"{""action"": ""set"", ""target"": ""llm_model"", ""payload"": ""anthropic/claude-3-haiku""}"
Добавь llm_model google/gemma-3-270m-it,settings,"{""action"": ""set"", ""target"": ""llm_model"", ""payload"": ""meta-llama/llama-3-70b""}"
Запланируй llm_model anthropic/claude-3-haiku,settings,"{""action"": ""set"", ""target"": ""llm_model"", ""payload"": ""google/gemma-3-270m-it""}"
Обнови llm_model до openai/gpt-4o,settings,"{""action"": ""set"", ""target"": ""llm_model"", ""payload"": ""meta-llama/llama-3-70b""}"
Establece llm_model a google/gemma-3-270m-it,settings,"{""action"": ""set"", ""target"": ""llm_model"", ""payload"": ""google/gemma-3-270m-it""}"
Crea llm_model: meta-llama/llama-3-70b,settings,"{""action"": ""set"", ""target"": ""llm_model"", ""payload"": ""anthropic/claude-3-haiku""}"
Añade llm_model anthropic/claude-3-haiku,settings,"{""action"": ""set"", ""target"": ""llm_model"", ""payload"": ""openai/gpt-4o""}"
Programa llm_model openai/gpt-4o,settings,"{""action"": ""set"", ""target"": ""llm_model"", ""payload"": ""openai/gpt-4o""}"
Actualiza llm_model a meta-llama/llama-3-70b,settings,"{""action"": ""set"", ""target"": ""llm_model"", ""payload"": ""meta-llama/llama-3-70b""}"
Weka llm_model kuwa anthropic/claude-3-haiku,settings,"{""action"": ""set"", ""target"": ""llm_model"", ""payload"": ""google/gemma-3-270m-it""}"
Unda llm_model: anthropic/claude-3-haiku,settings,"{""action"": ""set"", ""target"": ""llm_model"", ""payload"": ""google/gemma-3-270m-it""}"
Ongeza llm_model meta-llama/llama-3-70b,settings,"{""action"": ""set"", ""target"": ""llm_model"", ""payload"": ""meta-llama/llama-3-70b""}"
Panga llm_model anthropic/claude-3-haiku,settings,"{""action"": ""set"", ""target"": ""llm_model"", ""payload"": ""meta-llama/llama-3-70b""}"
Sasisha llm_model kuwa anthropic/claude-3-haiku,settings,"{""action"": ""set"", ""target"": ""llm_model"", ""payload"": ""meta-llama/llama-3-70b""}"
llm_model ஐ openai/gpt-4o ஆக அமை,settings,"{""action"": ""set"", ""target"": ""llm_model"", ""payload"": ""anthropic/claude-3-haiku""}"
llm_model உருவாக்கு: google/gemma-3-270m-it,settings,"{""action"": ""set"", ""target"": ""llm_model"", ""payload"": ""anthropic/claude-3-haiku""}"
llm_model சேர் openai/gpt-4o,settings,"{""action"": ""set"", ""target"": ""llm_model"", ""payload"": ""openai/gpt-4o""}"
llm_model திட்டமிடு google/gemma-3-270m-it,settings,"{""action"": ""set"", ""target"": ""llm_model"", ""payload"": ""meta-llama/llama-3-70b""}"
llm_model ஐ meta-llama/llama-3-70b ஆக புதுப்பி,settings,"{""action"": ""set"", ""target"": ""llm_model"", ""payload"": ""anthropic/claude-3-haiku""}"
llm_model ని openai/gpt-4o గా సెట్ చేయి,settings,"{""action"": ""set"", ""target"": ""llm_model"", ""payload"": ""openai/gpt-4o""}"
llm_model సృష్టించు: google/gemma-3-270m-it,settings,"{""action"": ""set"", ""target"": ""llm_model"", ""payload"": ""openai/gpt-4o""}"
llm_model చేర్చు openai/gpt-4o,settings,"{""action"": ""set"", ""target"": ""llm_model"", ""payload"": ""meta-llama/llama-3-70b""}"
llm_model షెడ్యూల్ చేయి meta-llama/llama-3-70b,settings,"{""action"": ""set"", ""target"": ""llm_model"", ""payload"": ""anthropic/claude-3-haiku""}"
llm_model ని anthropic/claude-3-haiku గా అప్‌డేట్ చేయి,settings,"{""action"": ""set"", ""target"": ""llm_model"", ""payload"": ""meta-llama/llama-3-70b""}"
ตั้ง llm_model เป็น google/gemma-3-270m-it,settings,"{""action"": ""set"", ""target"": ""llm_model"", ""payload"": ""openai/gpt-4o""}"
สร้าง llm_model: anthropic/claude-3-haiku,settings,"{""action"": ""set"", ""target"": ""llm_model"", ""payload"": ""anthropic/claude-3-haiku""}"
เพิ่ม llm_model meta-llama/llama-3-70b,settings,"{""action"": ""set"", ""target"": ""llm_model"", ""payload"": ""google/gemma-3-270m-it""}"
กำหนดเวลา llm_model google/gemma-3-270m-it,settings,"{""action"": ""set"", ""target"": ""llm_model"", ""payload"": ""meta-llama/llama-3-70b""}"
อัปเดต llm_model เป็น google/gemma-3-270m-it,settings,"{""action"": ""set"", ""target"": ""llm_model"", ""payload"": ""openai/gpt-4o""}"
llm_model'i google/gemma-3-270m-it olarak ayarla,settings,"{""action"": ""set"", ""target"": ""llm_model"", ""payload"": ""anthropic/claude-3-haiku""}"
llm_model oluştur: openai/gpt-4o,settings,"{""action"": ""set"", ""target"": ""llm_model"", ""payload"": ""anthropic/claude-3-haiku""}"
llm_model'e google/gemma-3-270m-it ekle,settings,"{""action"": ""set"", ""target"": ""llm_model"", ""payload"": ""anthropic/claude-3-haiku""}"
llm_model'i meta-llama/llama-3-70b olarak planla,settings,"{""action"": ""set"", ""target"": ""llm_model"", ""payload"": ""anthropic/claude-3-haiku""}"
llm_model'i openai/gpt-4o olarak güncelle,settings,"{""action"": ""set"", ""target"": ""llm_model"", ""payload"": ""google/gemma-3-270m-it""}"
llm_model کو meta-llama/llama-3-70b پر سیٹ کرو,settings,"{""action"": ""set"", ""target"": ""llm_model"", ""payload"": ""openai/gpt-4o""}"
llm_model بناؤ: google/gemma-3-270m-it,settings,"{""action"": ""set"", ""target"": ""llm_model"", ""payload"": ""google/gemma-3-270m-it""}"
llm_model میں google/gemma-3-270m-it شامل کرو,settings,"{""action"": ""set"", ""target"": ""llm_model"", ""payload"": ""meta-llama/llama-3-70b""}"
llm_model کو google/gemma-3-270m-it شیڈول کرو,settings,"{""action"": ""set"", ""target"": ""llm_model"", ""payload"": ""openai/gpt-4o""}"
llm_model کو google/gemma-3-270m-it اپ ڈیٹ کرو,settings,"{""action"": ""set"", ""target"": ""llm_model"", ""payload"": ""google/gemma-3-270m-it""}"
Đặt llm_model thành openai/gpt-4o,settings,"{""action"": ""set"", ""target"": ""llm_model"", ""payload"": ""meta-llama/llama-3-70b""}"
Tạo llm_model: google/gemma-3-270m-it,settings,"{""action"": ""set"", ""target"": ""llm_model"", ""payload"": ""anthropic/claude-3-haiku""}"
Thêm llm_model openai/gpt-4o,settings,"{""action"": ""set"", ""target"": ""llm_model"", ""payload"": ""anthropic/claude-3-haiku""}"
Lên lịch llm_model meta-llama/llama-3-70b,settings,"{""action"": ""set"", ""target"": ""llm_model"", ""payload"": ""anthropic/claude-3-haiku""}"
Cập nhật llm_model thành anthropic/claude-3-haiku,settings,"{""action"": ""set"", ""target"": ""llm_model"", ""payload"": ""openai/gpt-4o""}"
عيّن llm_base_url إلى ,settings,"{""action"": ""set"", ""target"": ""llm_base_url""}"
أنشئ llm_base_url: ,settings,"{""action"": ""set"", ""target"": ""llm_base_url""}"
أضف llm_base_url ,settings,"{""action"": ""set"", ""target"": ""llm_base_url""}"
جدول llm_base_url ,settings,"{""action"": ""set"", ""target"": ""llm_base_url""}"
حدّث llm_base_url إلى ,settings,"{""action"": ""set"", ""target"": ""llm_base_url""}"
llm_base_url  সেট করো,settings,"{""action"": ""set"", ""target"": ""llm_base_url""}"
llm_base_url তৈরি করো: ,settings,"{""action"": ""set"", ""target"": ""llm_base_url""}"
llm_base_url যোগ করো ,settings,"{""action"": ""set"", ""target"": ""llm_base_url""}"
llm_base_url  শিডিউল করো,settings,"{""action"": ""set"", ""target"": ""llm_base_url""}"
llm_base_url  আপডেট করো,settings,"{""action"": ""set"", ""target"": ""llm_base_url""}"
设置llm_base_url为,settings,"{""action"": ""set"", ""target"": ""llm_base_url""}"
创建llm_base_url: ,settings,"{""action"": ""set"", ""target"": ""llm_base_url""}"
添加llm_base_url ,settings,"{""action"": ""set"", ""target"": ""llm_base_url""}"
安排llm_base_url ,settings,"{""action"": ""set"", ""target"": ""llm_base_url""}"
更新llm_base_url为,settings,"{""action"": ""set"", ""target"": ""llm_base_url""}"
Nastav llm_base_url na ,settings,"{""action"": ""set"", ""target"": ""llm_base_url""}"
Vytvoř llm_base_url: ,settings,"{""action"": ""set"", ""target"": ""llm_base_url""}"
Přidej llm_base_url ,settings,"{""action"": ""set"", ""target"": ""llm_base_url""}"
Naplánuj llm_base_url ,settings,"{""action"": ""set"", ""target"": ""llm_base_url""}"
Aktualizuj llm_base_url na ,settings,"{""action"": ""set"", ""target"": ""llm_base_url""}"
Zet llm_base_url op ,settings,"{""action"": ""set"", ""target"": ""llm_base_url""}"
Maak llm_base_url: ,settings,"{""action"": ""set"", ""target"": ""llm_base_url""}"
Voeg llm_base_url  toe,settings,"{""action"": ""set"", ""target"": ""llm_base_url""}"
Plan llm_base_url ,settings,"{""action"": ""set"", ""target"": ""llm_base_url""}"
Werk llm_base_url bij naar ,settings,"{""action"": ""set"", ""target"": ""llm_base_url""}"
Set llm_base_url to ,settings,"{""action"": ""set"", ""target"": ""llm_base_url""}"
Create llm_base_url: ,settings,"{""action"": ""set"", ""target"": ""llm_base_url""}"
Add llm_base_url ,settings,"{""action"": ""set"", ""target"": ""llm_base_url""}"
Schedule llm_base_url ,settings,"{""action"": ""set"", ""target"": ""llm_base_url""}"
Update llm_base_url to ,settings,"{""action"": ""set"", ""target"": ""llm_base_url""}"
Définir llm_base_url à ,settings,"{""action"": ""set"", ""target"": ""llm_base_url""}"
Créer llm_base_url: ,settings,"{""action"": ""set"", ""target"": ""llm_base_url""}"
Ajouter llm_base_url ,settings,"{""action"": ""set"", ""target"": ""llm_base_url""}"
Planifier llm_base_url ,settings,"{""action"": ""set"", ""target"": ""llm_base_url""}"
Mettre à jour llm_base_url en ,settings,"{""action"": ""set"", ""target"": ""llm_base_url""}"
Setze llm_base_url auf ,settings,"{""action"": ""set"", ""target"": ""llm_base_url""}"
Erstelle llm_base_url: ,settings,"{""action"": ""set"", ""target"": ""llm_base_url""}"
Füge llm_base_url  hinzu,settings,"{""action"": ""set"", ""target"": ""llm_base_url""}"
Plane llm_base_url ,settings,"{""action"": ""set"", ""target"": ""llm_base_url""}"
Aktualisiere llm_base_url zu ,settings,"{""action"": ""set"", ""target"": ""llm_base_url""}"
Όρισε llm_base_url σε ,settings,"{""action"": ""set"", ""target"": ""llm_base_url""}"
Δημιούργησε llm_base_url: ,settings,"{""action"": ""set"", ""target"": ""llm_base_url""}"
Πρόσθεσε llm_base_url ,settings,"{""action"": ""set"", ""target"": ""llm_base_url""}"
Προγραμμάτισε llm_base_url ,settings,"{""action"": ""set"", ""target"": ""llm_base_url""}"
Ενημέρωσε llm_base_url σε ,settings,"{""action"": ""set"", ""target"": ""llm_base_url""}"
הגדר llm_base_url כ-,settings,"{""action"": ""set"", ""target"": ""llm_base_url""}"
צור llm_base_url: ,settings,"{""action"": ""set"", ""target"": ""llm_base_url""}"
הוסף llm_base_url ,settings,"{""action"": ""set"", ""target"": ""llm_base_url""}"
תזמן llm_base_url ,settings,"{""action"": ""set"", ""target"": ""llm_base_url""}"
עדכן llm_base_url ל-,settings,"{""action"": ""set"", ""target"": ""llm_base_url""}"
llm_base_url को  सेट करो,settings,"{""action"": ""set"", ""target"": ""llm_base_url""}"
llm_base_url बनाओ: ,settings,"{""action"": ""set"", ""target"": ""llm_base_url""}"
llm_base_url में  जोड़ो,settings,"{""action"": ""set"", ""target"": ""llm_base_url""}"
llm_base_url को  शेड्यूल करो,settings,"{""action"": ""set"", ""target"": ""llm_base_url""}"
llm_base_url को  अपडेट करो,settings,"{""action"": ""set"", ""target"": ""llm_base_url""}"
Állítsd be llm_base_url-et -re,settings,"{""action"": ""set"", ""target"": ""llm_base_url""}"
Hozd létre llm_base_url: ,settings,"{""action"": ""set"", ""target"": ""llm_base_url""}"
Adj hozzá llm_base_url ,settings,"{""action"": ""set"", ""target"": ""llm_base_url""}"
Ütemezd llm_base_url ,settings,"{""action"": ""set"", ""target"": ""llm_base_url""}"
Frissítsd llm_base_url -re,settings,"{""action"": ""set"", ""target"": ""llm_base_url""}"
Atur llm_base_url ke ,settings,"{""action"": ""set"", ""target"": ""llm_base_url""}"
Buat llm_base_url: ,settings,"{""action"": ""set"", ""target"": ""llm_base_url""}"
Tambah llm_base_url ,settings,"{""action"": ""set"", ""target"": ""llm_base_url""}"
Jadwalkan llm_base_url ,settings,"{""action"": ""set"", ""target"": ""llm_base_url""}"
Perbarui llm_base_url ke ,settings,"{""action"": ""set"", ""target"": ""llm_base_url""}"
Imposta llm_base_url a ,settings,"{""action"": ""set"", ""target"": ""llm_base_url""}"
Crea llm_base_url: ,settings,"{""action"": ""set"", ""target"": ""llm_base_url""}"
Aggiungi llm_base_url ,settings,"{""action"": ""set"", ""target"": ""llm_base_url""}"
Pianifica llm_base_url ,settings,"{""action"": ""set"", ""target"": ""llm_base_url""}"
Aggiorna llm_base_url a ,settings,"{""action"": ""set"", ""target"": ""llm_base_url""}"
llm_base_urlをに設定,settings,"{""action"": ""set"", ""target"": ""llm_base_url""}"
llm_base_urlを作成: ,settings,"{""action"": ""set"", ""target"": ""llm_base_url""}"
llm_base_urlにを追加,settings,"{""action"": ""set"", ""target"": ""llm_base_url""}"
llm_base_urlをにスケジュール,settings,"{""action"": ""set"", ""target"": ""llm_base_url""}"
llm_base_urlをに更新,settings,"{""action"": ""set"", ""target"": ""llm_base_url""}"
llm_base_url를 로 설정,settings,"{""action"": ""set"", ""target"": ""llm_base_url""}"
llm_base_url 만들기: ,settings,"{""action"": ""set"", ""target"": ""llm_base_url""}"
llm_base_url에  추가,settings,"{""action"": ""set"", ""target"": ""llm_base_url""}"
llm_base_url를 로 예약,settings,"{""action"": ""set"", ""target"": ""llm_base_url""}"
llm_base_url를 로 업데이트,settings,"{""action"": ""set"", ""target"": ""llm_base_url""}"
llm_base_url  वर सेट करा,settings,"{""action"": ""set"", ""target"": ""llm_base_url""}"
llm_base_url तयार करा: ,settings,"{""action"": ""set"", ""target"": ""llm_base_url""}"
llm_base_url मध्ये  जोडा,settings,"{""action"": ""set"", ""target"": ""llm_base_url""}"
llm_base_url  शेड्यूल करा,settings,"{""action"": ""set"", ""target"": ""llm_base_url""}"
llm_base_url  वर अपडेट करा,settings,"{""action"": ""set"", ""target"": ""llm_base_url""}"
llm_base_url را روی  تنظیم کن,settings,"{""action"": ""set"", ""target"": ""llm_base_url""}"
llm_base_url را بساز: ,settings,"{""action"": ""set"", ""target"": ""llm_base_url""}"
llm_base_url اضافه کن ,settings,"{""action"": ""set"", ""target"": ""llm_base_url""}"
llm_base_url را برنامه‌ریزی کن ,settings,"{""action"": ""set"", ""target"": ""llm_base_url""}"
llm_base_url را به  به‌روز کن,settings,"{""action"": ""set"", ""target"": ""llm_base_url""}"
Ustaw llm_base_url na ,settings,"{""action"": ""set"", ""target"": ""llm_base_url""}"
Utwórz llm_base_url: ,settings,"{""action"": ""set"", ""target"": ""llm_base_url""}"
Dodaj llm_base_url ,settings,"{""action"": ""set"", ""target"": ""llm_base_url""}"
Zaplanuj llm_base_url ,settings,"{""action"": ""set"", ""target"": ""llm_base_url""}"
Zaktualizuj llm_base_url do ,settings,"{""action"": ""set"", ""target"": ""llm_base_url""}"
Defina llm_base_url como ,settings,"{""action"": ""set"", ""target"": ""llm_base_url""}"
Crie llm_base_url: ,settings,"{""action"": ""set"", ""target"": ""llm_base_url""}"
Adicione llm_base_url ,settings,"{""action"": ""set"", ""target"": ""llm_base_url""}"
Agende llm_base_url ,settings,"{""action"": ""set"", ""target"": ""llm_base_url""}"
Atualize llm_base_url para ,settings,"{""action"": ""set"", ""target"": ""llm_base_url""}"
Setează llm_base_url la ,settings,"{""action"": ""set"", ""target"": ""llm_base_url""}"
Creează llm_base_url: ,settings,"{""action"": ""set"", ""target"": ""llm_base_url""}"
Adaugă llm_base_url ,settings,"{""action"": ""set"", ""target"": ""llm_base_url""}"
Programează llm_base_url ,settings,"{""action"": ""set"", ""target"": ""llm_base_url""}"
Actualizează llm_base_url la ,settings,"{""action"": ""set"", ""target"": ""llm_base_url""}"
Установи llm_base_url на ,settings,"{""action"": ""set"", ""target"": ""llm_base_url""}"
Создай llm_base_url: ,settings,"{""action"": ""set"", ""target"": ""llm_base_url""}"
Добавь llm_base_url ,settings,"{""action"": ""set"", ""target"": ""llm_base_url""}"
Запланируй llm_base_url ,settings,"{""action"": ""set"", ""target"": ""llm_base_url""}"
Обнови llm_base_url до ,settings,"{""action"": ""set"", ""target"": ""llm_base_url""}"
Establece llm_base_url a ,settings,"{""action"": ""set"", ""target"": ""llm_base_url""}"
Crea llm_base_url: ,settings,"{""action"": ""set"", ""target"": ""llm_base_url""}"
Añade llm_base_url ,settings,"{""action"": ""set"", ""target"": ""llm_base_url""}"
Programa llm_base_url ,settings,"{""action"": ""set"", ""target"": ""llm_base_url""}"
Actualiza llm_base_url a ,settings,"{""action"": ""set"", ""target"": ""llm_base_url""}"
Weka llm_base_url kuwa ,settings,"{""action"": ""set"", ""target"": ""llm_base_url""}"
Unda llm_base_url: ,settings,"{""action"": ""set"", ""target"": ""llm_base_url""}"
Ongeza llm_base_url ,settings,"{""action"": ""set"", ""target"": ""llm_base_url""}"
Panga llm_base_url ,settings,"{""action"": ""set"", ""target"": ""llm_base_url""}"
Sasisha llm_base_url kuwa ,settings,"{""action"": ""set"", ""target"": ""llm_base_url""}"
llm_base_url ஐ  ஆக அமை,settings,"{""action"": ""set"", ""target"": ""llm_base_url""}"
llm_base_url உருவாக்கு: ,settings,"{""action"": ""set"", ""target"": ""llm_base_url""}"
llm_base_url சேர் ,settings,"{""action"": ""set"", ""target"": ""llm_base_url""}"
llm_base_url திட்டமிடு ,settings,"{""action"": ""set"", ""target"": ""llm_base_url""}"
llm_base_url ஐ  ஆக புதுப்பி,settings,"{""action"": ""set"", ""target"": ""llm_base_url""}"
llm_base_url ని  గా సెట్ చేయి,settings,"{""action"": ""set"", ""target"": ""llm_base_url""}"
llm_base_url సృష్టించు: ,settings,"{""action"": ""set"", ""target"": ""llm_base_url""}"
llm_base_url చేర్చు ,settings,"{""action"": ""set"", ""target"": ""llm_base_url""}"
llm_base_url షెడ్యూల్ చేయి ,settings,"{""action"": ""set"", ""target"": ""llm_base_url""}"
llm_base_url ని  గా అప్‌డేట్ చేయి,settings,"{""action"": ""set"", ""target"": ""llm_base_url""}"
ตั้ง llm_base_url เป็น ,settings,"{""action"": ""set"", ""target"": ""llm_base_url""}"
สร้าง llm_base_url: ,settings,"{""action"": ""set"", ""target"": ""llm_base_url""}"
เพิ่ม llm_base_url ,settings,"{""action"": ""set"", ""target"": ""llm_base_url""}"
กำหนดเวลา llm_base_url ,settings,"{""action"": ""set"", ""target"": ""llm_base_url""}"
อัปเดต llm_base_url เป็น ,settings,"{""action"": ""set"", ""target"": ""llm_base_url""}"
llm_base_url'i  olarak ayarla,settings,"{""action"": ""set"", ""target"": ""llm_base_url""}"
llm_base_url oluştur: ,settings,"{""action"": ""set"", ""target"": ""llm_base_url""}"
llm_base_url'e  ekle,settings,"{""action"": ""set"", ""target"": ""llm_base_url""}"
llm_base_url'i  olarak planla,settings,"{""action"": ""set"", ""target"": ""llm_base_url""}"
llm_base_url'i  olarak güncelle,settings,"{""action"": ""set"", ""target"": ""llm_base_url""}"
llm_base_url کو  پر سیٹ کرو,settings,"{""action"": ""set"", ""target"": ""llm_base_url""}"
llm_base_url بناؤ: ,settings,"{""action"": ""set"", ""target"": ""llm_base_url""}"
llm_base_url میں  شامل کرو,settings,"{""action"": ""set"", ""target"": ""llm_base_url""}"
llm_base_url کو  شیڈول کرو,settings,"{""action"": ""set"", ""target"": ""llm_base_url""}"
llm_base_url کو  اپ ڈیٹ کرو,settings,"{""action"": ""set"", ""target"": ""llm_base_url""}"
Đặt llm_base_url thành ,settings,"{""action"": ""set"", ""target"": ""llm_base_url""}"
Tạo llm_base_url: ,settings,"{""action"": ""set"", ""target"": ""llm_base_url""}"
Thêm llm_base_url ,settings,"{""action"": ""set"", ""target"": ""llm_base_url""}"
Lên lịch llm_base_url ,settings,"{""action"": ""set"", ""target"": ""llm_base_url""}"
Cập nhật llm_base_url thành ,settings,"{""action"": ""set"", ""target"": ""llm_base_url""}"
احذف setting,settings,"{""action"": ""delete"", ""target"": ""setting"", ""payload"": ""value""}"
أزل setting,settings,"{""action"": ""delete"", ""target"": ""setting"", ""payload"": ""value""}"
امسح setting,settings,"{""action"": ""delete"", ""target"": ""setting"", ""payload"": ""value""}"
احذف setting,settings,"{""action"": ""delete"", ""target"": ""setting"", ""payload"": ""value""}"
تخلص من setting,settings,"{""action"": ""delete"", ""target"": ""setting"", ""payload"": ""value""}"
setting মুছে দাও,settings,"{""action"": ""delete"", ""target"": ""setting"", ""payload"": ""value""}"
setting সরিয়ে দাও,settings,"{""action"": ""delete"", ""target"": ""setting"", ""payload"": ""value""}"
setting পরিষ্কার করো,settings,"{""action"": ""delete"", ""target"": ""setting"", ""payload"": ""value""}"
setting মুছে দাও,settings,"{""action"": ""delete"", ""target"": ""setting"", ""payload"": ""value""}"
setting থেকে মুক্তি পাও,settings,"{""action"": ""delete"", ""target"": ""setting"", ""payload"": ""value""}"
删除setting,settings,"{""action"": ""delete"", ""target"": ""setting"", ""payload"": ""value""}"
移除setting,settings,"{""action"": ""delete"", ""target"": ""setting"", ""payload"": ""value""}"
清除setting,settings,"{""action"": ""delete"", ""target"": ""setting"", ""payload"": ""value""}"
擦除setting,settings,"{""action"": ""delete"", ""target"": ""setting"", ""payload"": ""value""}"
去掉setting,settings,"{""action"": ""delete"", ""target"": ""setting"", ""payload"": ""value""}"
Smaž setting,settings,"{""action"": ""delete"", ""target"": ""setting"", ""payload"": ""value""}"
Odstraň setting,settings,"{""action"": ""delete"", ""target"": ""setting"", ""payload"": ""value""}"
Vymaž setting,settings,"{""action"": ""delete"", ""target"": ""setting"", ""payload"": ""value""}"
Smaž setting,settings,"{""action"": ""delete"", ""target"": ""setting"", ""payload"": ""value""}"
Zbav se setting,settings,"{""action"": ""delete"", ""target"": ""setting"", ""payload"": ""value""}"
Verwijder setting,settings,"{""action"": ""delete"", ""target"": ""setting"", ""payload"": ""value""}"
Verwijder setting,settings,"{""action"": ""delete"", ""target"": ""setting"", ""payload"": ""value""}"
Wis setting,settings,"{""action"": ""delete"", ""target"": ""setting"", ""payload"": ""value""}"
Wis setting,settings,"{""action"": ""delete"", ""target"": ""setting"", ""payload"": ""value""}"
Raak setting kwijt,settings,"{""action"": ""delete"", ""target"": ""setting"", ""payload"": ""value""}"
Delete setting,settings,"{""action"": ""delete"", ""target"": ""setting"", ""payload"": ""value""}"
Remove setting,settings,"{""action"": ""delete"", ""target"": ""setting"", ""payload"": ""value""}"
Clear setting,settings,"{""action"": ""delete"", ""target"": ""setting"", ""payload"": ""value""}"
Erase setting,settings,"{""action"": ""delete"", ""target"": ""setting"", ""payload"": ""value""}"
Get rid of setting,settings,"{""action"": ""delete"", ""target"": ""setting"", ""payload"": ""value""}"
Supprimer setting,settings,"{""action"": ""delete"", ""target"": ""setting"", ""payload"": ""value""}"
Enlever setting,settings,"{""action"": ""delete"", ""target"": ""setting"", ""payload"": ""value""}"
Effacer setting,settings,"{""action"": ""delete"", ""target"": ""setting"", ""payload"": ""value""}"
Effacer setting,settings,"{""action"": ""delete"", ""target"": ""setting"", ""payload"": ""value""}"
Se débarrasser de setting,settings,"{""action"": ""delete"", ""target"": ""setting"", ""payload"": ""value""}"
Lösche setting,settings,"{""action"": ""delete"", ""target"": ""setting"", ""payload"": ""value""}"
Entferne setting,settings,"{""action"": ""delete"", ""target"": ""setting"", ""payload"": ""value""}"
Leere setting,settings,"{""action"": ""delete"", ""target"": ""setting"", ""payload"": ""value""}"
Lösch setting,settings,"{""action"": ""delete"", ""target"": ""setting"", ""payload"": ""value""}"
Befreie dich von setting,settings,"{""action"": ""delete"", ""target"": ""setting"", ""payload"": ""value""}"
Διαγράψτε setting,settings,"{""action"": ""delete"", ""target"": ""setting"", ""payload"": ""value""}"
Αφαιρέστε setting,settings,"{""action"": ""delete"", ""target"": ""setting"", ""payload"": ""value""}"
Καθαρίστε setting,settings,"{""action"": ""delete"", ""target"": ""setting"", ""payload"": ""value""}"
Διαγράψτε setting,settings,"{""action"": ""delete"", ""target"": ""setting"", ""payload"": ""value""}"
Απαλλαγείτε από setting,settings,"{""action"": ""delete"", ""target"": ""setting"", ""payload"": ""value""}"
מחק setting,settings,"{""action"": ""delete"", ""target"": ""setting"", ""payload"": ""value""}"
הסר setting,settings,"{""action"": ""delete"", ""target"": ""setting"", ""payload"": ""value""}"
נקה setting,settings,"{""action"": ""delete"", ""target"": ""setting"", ""payload"": ""value""}"
מחק setting,settings,"{""action"": ""delete"", ""target"": ""setting"", ""payload"": ""value""}"
היפטר מ-setting,settings,"{""action"": ""delete"", ""target"": ""setting"", ""payload"": ""value""}"
setting हटाओ,settings,"{""action"": ""delete"", ""target"": ""setting"", ""payload"": ""value""}"
setting हटाओ,settings,"{""action"": ""delete"", ""target"": ""setting"", ""payload"": ""value""}"
setting साफ करो,settings,"{""action"": ""delete"", ""target"": ""setting"", ""payload"": ""value""}"
setting मिटाओ,settings,"{""action"": ""delete"", ""target"": ""setting"", ""payload"": ""value""}"
setting से छुटकारा पाओ,settings,"{""action"": ""delete"", ""target"": ""setting"", ""payload"": ""value""}"
Töröld a setting,settings,"{""action"": ""delete"", ""target"": ""setting"", ""payload"": ""value""}"
 távolítsd el a setting,settings,"{""action"": ""delete"", ""target"": ""setting"", ""payload"": ""value""}"
Töröld a setting,settings,"{""action"": ""delete"", ""target"": ""setting"", ""payload"": ""value""}"
Töröld a setting,settings,"{""action"": ""delete"", ""target"": ""setting"", ""payload"": ""value""}"
Szabadulj meg a setting,settings,"{""action"": ""delete"", ""target"": ""setting"", ""payload"": ""value""}"
Hapus setting,settings,"{""action"": ""delete"", ""target"": ""setting"", ""payload"": ""value""}"
Buang setting,settings,"{""action"": ""delete"", ""target"": ""setting"", ""payload"": ""value""}"
Bersihkan setting,settings,"{""action"": ""delete"", ""target"": ""setting"", ""payload"": ""value""}"
Hapus setting,settings,"{""action"": ""delete"", ""target"": ""setting"", ""payload"": ""value""}"
Singkirkan setting,settings,"{""action"": ""delete"", ""target"": ""setting"", ""payload"": ""value""}"
Elimina setting,settings,"{""action"": ""delete"", ""target"": ""setting"", ""payload"": ""value""}"
Rimuovi setting,settings,"{""action"": ""delete"", ""target"": ""setting"", ""payload"": ""value""}"
Cancella setting,settings,"{""action"": ""delete"", ""target"": ""setting"", ""payload"": ""value""}"
Cancella setting,settings,"{""action"": ""delete"", ""target"": ""setting"", ""payload"": ""value""}"
Sbarazzarsi di setting,settings,"{""action"": ""delete"", ""target"": ""setting"", ""payload"": ""value""}"
settingを削除,settings,"{""action"": ""delete"", ""target"": ""setting"", ""payload"": ""value""}"
settingを除去,settings,"{""action"": ""delete"", ""target"": ""setting"", ""payload"": ""value""}"
settingをクリア,settings,"{""action"": ""delete"", ""target"": ""setting"", ""payload"": ""value""}"
settingを消去,settings,"{""action"": ""delete"", ""target"": ""setting"", ""payload"": ""value""}"
settingをなくす,settings,"{""action"": ""delete"", ""target"": ""setting"", ""payload"": ""value""}"
setting 삭제,settings,"{""action"": ""delete"", ""target"": ""setting"", ""payload"": ""value""}"
setting 제거,settings,"{""action"": ""delete"", ""target"": ""setting"", ""payload"": ""value""}"
setting 지우기,settings,"{""action"": ""delete"", ""target"": ""setting"", ""payload"": ""value""}"
setting 지우기,settings,"{""action"": ""delete"", ""target"": ""setting"", ""payload"": ""value""}"
setting 없애기,settings,"{""action"": ""delete"", ""target"": ""setting"", ""payload"": ""value""}"
setting हटवा,settings,"{""action"": ""delete"", ""target"": ""setting"", ""payload"": ""value""}"
setting काढा,settings,"{""action"": ""delete"", ""target"": ""setting"", ""payload"": ""value""}"
setting साफ करा,settings,"{""action"": ""delete"", ""target"": ""setting"", ""payload"": ""value""}"
setting हटवा,settings,"{""action"": ""delete"", ""target"": ""setting"", ""payload"": ""value""}"
setting पासून मुक्ती मिळवा,settings,"{""action"": ""delete"", ""target"": ""setting"", ""payload"": ""value""}"
setting را حذف کن,settings,"{""action"": ""delete"", ""target"": ""setting"", ""payload"": ""value""}"
setting را بردار,settings,"{""action"": ""delete"", ""target"": ""setting"", ""payload"": ""value""}"
setting را پاک کن,settings,"{""action"": ""delete"", ""target"": ""setting"", ""payload"": ""value""}"
setting را پاک کن,settings,"{""action"": ""delete"", ""target"": ""setting"", ""payload"": ""value""}"
از setting خلاص شو,settings,"{""action"": ""delete"", ""target"": ""setting"", ""payload"": ""value""}"
Usuń setting,settings,"{""action"": ""delete"", ""target"": ""setting"", ""payload"": ""value""}"
Usuń setting,settings,"{""action"": ""delete"", ""target"": ""setting"", ""payload"": ""value""}"
Wyczyść setting,settings,"{""action"": ""delete"", ""target"": ""setting"", ""payload"": ""value""}"
Wyczyść setting,settings,"{""action"": ""delete"", ""target"": ""setting"", ""payload"": ""value""}"
Pozbądź się setting,settings,"{""action"": ""delete"", ""target"": ""setting"", ""payload"": ""value""}"
Excluir setting,settings,"{""action"": ""delete"", ""target"": ""setting"", ""payload"": ""value""}"
Remover setting,settings,"{""action"": ""delete"", ""target"": ""setting"", ""payload"": ""value""}"
Limpar setting,settings,"{""action"": ""delete"", ""target"": ""setting"", ""payload"": ""value""}"
Apagar setting,settings,"{""action"": ""delete"", ""target"": ""setting"", ""payload"": ""value""}"
Se livrar de setting,settings,"{""action"": ""delete"", ""target"": ""setting"", ""payload"": ""value""}"
Șterge setting,settings,"{""action"": ""delete"", ""target"": ""setting"", ""payload"": ""value""}"
Elimină setting,settings,"{""action"": ""delete"", ""target"": ""setting"", ""payload"": ""value""}"
Curăță setting,settings,"{""action"": ""delete"", ""target"": ""setting"", ""payload"": ""value""}"
Șterge setting,settings,"{""action"": ""delete"", ""target"": ""setting"", ""payload"": ""value""}"
Scapă de setting,settings,"{""action"": ""delete"", ""target"": ""setting"", ""payload"": ""value""}"
Удали setting,settings,"{""action"": ""delete"", ""target"": ""setting"", ""payload"": ""value""}"
Убери setting,settings,"{""action"": ""delete"", ""target"": ""setting"", ""payload"": ""value""}"
Очисти setting,settings,"{""action"": ""delete"", ""target"": ""setting"", ""payload"": ""value""}"
Сотри setting,settings,"{""action"": ""delete"", ""target"": ""setting"", ""payload"": ""value""}"
Избавься от setting,settings,"{""action"": ""delete"", ""target"": ""setting"", ""payload"": ""value""}"
Eliminar setting,settings,"{""action"": ""delete"", ""target"": ""setting"", ""payload"": ""value""}"
Borrar setting,settings,"{""action"": ""delete"", ""target"": ""setting"", ""payload"": ""value""}"
Limpiar setting,settings,"{""action"": ""delete"", ""target"": ""setting"", ""payload"": ""value""}"
Borrar setting,settings,"{""action"": ""delete"", ""target"": ""setting"", ""payload"": ""value""}"
Deshacerse de setting,settings,"{""action"": ""delete"", ""target"": ""setting"", ""payload"": ""value""}"
Futa setting,settings,"{""action"": ""delete"", ""target"": ""setting"", ""payload"": ""value""}"
Ondoa setting,settings,"{""action"": ""delete"", ""target"": ""setting"", ""payload"": ""value""}"
Safisha setting,settings,"{""action"": ""delete"", ""target"": ""setting"", ""payload"": ""value""}"
Futa {target],settings,"{""action"": ""delete"", ""target"": ""setting"", ""payload"": ""value""}"
Jikinga na setting,settings,"{""action"": ""delete"", ""target"": ""setting"", ""payload"": ""value""}"
setting ஐ நீக்கு,settings,"{""action"": ""delete"", ""target"": ""setting"", ""payload"": ""value""}"
setting ஐ அகற்று,settings,"{""action"": ""delete"", ""target"": ""setting"", ""payload"": ""value""}"
setting ஐ சுத்தம் செய்,settings,"{""action"": ""delete"", ""target"": ""setting"", ""payload"": ""value""}"
setting ஐ நீக்கு,settings,"{""action"": ""delete"", ""target"": ""setting"", ""payload"": ""value""}"
setting இல் இருந்து விடுபடு,settings,"{""action"": ""delete"", ""target"": ""setting"", ""payload"": ""value""}"
setting ని తొలగించు,settings,"{""action"": ""delete"", ""target"": ""setting"", ""payload"": ""value""}"
setting ని తీసివేయి,settings,"{""action"": ""delete"", ""target"": ""setting"", ""payload"": ""value""}"
setting ని శుభ్రం చేయి,settings,"{""action"": ""delete"", ""target"": ""setting"", ""payload"": ""value""}"
setting ని తొలగించు,settings,"{""action"": ""delete"", ""target"": ""setting"", ""payload"": ""value""}"
setting నుండి విముక్తి పొందు,settings,"{""action"": ""delete"", ""target"": ""setting"", ""payload"": ""value""}"
ลบ setting,settings,"{""action"": ""delete"", ""target"": ""setting"", ""payload"": ""value""}"
เอา setting ออก,settings,"{""action"": ""delete"", ""target"": ""setting"", ""payload"": ""value""}"
ล้าง setting,settings,"{""action"": ""delete"", ""target"": ""setting"", ""payload"": ""value""}"
ลบ setting,settings,"{""action"": ""delete"", ""target"": ""setting"", ""payload"": ""value""}"
กำจัด setting,settings,"{""action"": ""delete"", ""target"": ""setting"", ""payload"": ""value""}"
setting sil,settings,"{""action"": ""delete"", ""target"": ""setting"", ""payload"": ""value""}"
setting kaldır,settings,"{""action"": ""delete"", ""target"": ""setting"", ""payload"": ""value""}"
setting temizle,settings,"{""action"": ""delete"", ""target"": ""setting"", ""payload"": ""value""}"
setting temizle,settings,"{""action"": ""delete"", ""target"": ""setting"", ""payload"": ""value""}"
setting kurtul,settings,"{""action"": ""delete"", ""target"": ""setting"", ""payload"": ""value""}"
setting حذف کرو,settings,"{""action"": ""delete"", ""target"": ""setting"", ""payload"": ""value""}"
setting ہٹاؤ,settings,"{""action"": ""delete"", ""target"": ""setting"", ""payload"": ""value""}"
setting صاف کرو,settings,"{""action"": ""delete"", ""target"": ""setting"", ""payload"": ""value""}"
setting مٹاؤ,settings,"{""action"": ""delete"", ""target"": ""setting"", ""payload"": ""value""}"
setting سے نجات پاؤ,settings,"{""action"": ""delete"", ""target"": ""setting"", ""payload"": ""value""}"
Xóa setting,settings,"{""action"": ""delete"", ""target"": ""setting"", ""payload"": ""value""}"
Loại bỏ setting,settings,"{""action"": ""delete"", ""target"": ""setting"", ""payload"": ""value""}"
Xóa sạch setting,settings,"{""action"": ""delete"", ""target"": ""setting"", ""payload"": ""value""}"
Xóa setting,settings,"{""action"": ""delete"", ""target"": ""setting"", ""payload"": ""value""}"
Loại bỏ setting,settings,"{""action"": ""delete"", ""target"": ""setting"", ""payload"": ""value""}"
